# ************************************************************
# Sequel Pro SQL dump
# Version 4541
#
# http://www.sequelpro.com/
# https://github.com/sequelpro/sequelpro
#
# Host: 127.0.0.1 (MySQL 5.7.32)
# Database: inlislite_v4
# Generation Time: 2021-10-31 09:03:23 +0000
# ************************************************************


/*!40101 SET @OLD_CHARACTER_SET_CLIENT=@@CHARACTER_SET_CLIENT */;
/*!40101 SET @OLD_CHARACTER_SET_RESULTS=@@CHARACTER_SET_RESULTS */;
/*!40101 SET @OLD_COLLATION_CONNECTION=@@COLLATION_CONNECTION */;
/*!40101 SET NAMES utf8 */;
/*!40014 SET @OLD_FOREIGN_KEY_CHECKS=@@FOREIGN_KEY_CHECKS, FOREIGN_KEY_CHECKS=0 */;
/*!40101 SET @OLD_SQL_MODE=@@SQL_MODE, SQL_MODE='NO_AUTO_VALUE_ON_ZERO' */;
/*!40111 SET @OLD_SQL_NOTES=@@SQL_NOTES, SQL_NOTES=0 */;


# Dump of table auth_activation_attempts
# ------------------------------------------------------------

DROP TABLE IF EXISTS `auth_activation_attempts`;

CREATE TABLE `auth_activation_attempts` (
  `id` int(11) unsigned NOT NULL AUTO_INCREMENT,
  `ip_address` varchar(255) NOT NULL,
  `user_agent` varchar(255) NOT NULL,
  `token` varchar(255) DEFAULT NULL,
  `created_at` datetime NOT NULL,
  PRIMARY KEY (`id`)
) ENGINE=InnoDB DEFAULT CHARSET=utf8;



# Dump of table auth_groups
# ------------------------------------------------------------

DROP TABLE IF EXISTS `auth_groups`;

CREATE TABLE `auth_groups` (
  `id` int(11) unsigned NOT NULL AUTO_INCREMENT,
  `name` varchar(255) NOT NULL,
  `description` varchar(255) NOT NULL,
  PRIMARY KEY (`id`)
) ENGINE=InnoDB DEFAULT CHARSET=utf8;

LOCK TABLES `auth_groups` WRITE;
/*!40000 ALTER TABLE `auth_groups` DISABLE KEYS */;

INSERT INTO `auth_groups` (`id`, `name`, `description`)
VALUES
	(1,'admin',''),
	(2,'user',''),
	(3,'keanggotaan',''),
	(4,'anggota','');

/*!40000 ALTER TABLE `auth_groups` ENABLE KEYS */;
UNLOCK TABLES;


# Dump of table auth_groups_permissions
# ------------------------------------------------------------

DROP TABLE IF EXISTS `auth_groups_permissions`;

CREATE TABLE `auth_groups_permissions` (
  `group_id` int(11) unsigned NOT NULL DEFAULT '0',
  `permission_id` int(11) unsigned NOT NULL DEFAULT '0',
  KEY `auth_groups_permissions_permission_id_foreign` (`permission_id`),
  KEY `group_id_permission_id` (`group_id`,`permission_id`),
  CONSTRAINT `auth_groups_permissions_group_id_foreign` FOREIGN KEY (`group_id`) REFERENCES `auth_groups` (`id`) ON DELETE CASCADE,
  CONSTRAINT `auth_groups_permissions_permission_id_foreign` FOREIGN KEY (`permission_id`) REFERENCES `auth_permissions` (`id`) ON DELETE CASCADE
) ENGINE=InnoDB DEFAULT CHARSET=utf8;



# Dump of table auth_groups_users
# ------------------------------------------------------------

DROP TABLE IF EXISTS `auth_groups_users`;

CREATE TABLE `auth_groups_users` (
  `group_id` int(11) unsigned NOT NULL DEFAULT '0',
  `user_id` int(11) unsigned NOT NULL DEFAULT '0',
  KEY `auth_groups_users_user_id_foreign` (`user_id`),
  KEY `group_id_user_id` (`group_id`,`user_id`),
  CONSTRAINT `auth_groups_users_group_id_foreign` FOREIGN KEY (`group_id`) REFERENCES `auth_groups` (`id`) ON DELETE CASCADE,
  CONSTRAINT `auth_groups_users_user_id_foreign` FOREIGN KEY (`user_id`) REFERENCES `users` (`id`) ON DELETE CASCADE
) ENGINE=InnoDB DEFAULT CHARSET=utf8;

LOCK TABLES `auth_groups_users` WRITE;
/*!40000 ALTER TABLE `auth_groups_users` DISABLE KEYS */;

INSERT INTO `auth_groups_users` (`group_id`, `user_id`)
VALUES
	(1,1),
	(2,2),
	(2,3),
	(3,3);

/*!40000 ALTER TABLE `auth_groups_users` ENABLE KEYS */;
UNLOCK TABLES;


# Dump of table auth_logins
# ------------------------------------------------------------

DROP TABLE IF EXISTS `auth_logins`;

CREATE TABLE `auth_logins` (
  `id` int(11) unsigned NOT NULL AUTO_INCREMENT,
  `ip_address` varchar(255) DEFAULT NULL,
  `email` varchar(255) DEFAULT NULL,
  `user_id` int(11) unsigned DEFAULT NULL,
  `date` datetime NOT NULL,
  `success` tinyint(1) NOT NULL,
  PRIMARY KEY (`id`),
  KEY `email` (`email`),
  KEY `user_id` (`user_id`)
) ENGINE=InnoDB DEFAULT CHARSET=utf8;

LOCK TABLES `auth_logins` WRITE;
/*!40000 ALTER TABLE `auth_logins` DISABLE KEYS */;

INSERT INTO `auth_logins` (`id`, `ip_address`, `email`, `user_id`, `date`, `success`)
VALUES
	(1,'::1','admin@admin.com',1,'2021-07-06 09:38:07',1),
	(2,'::1','admin@admin.com',1,'2021-07-08 16:44:55',1),
	(3,'::1','admin@admin.com',1,'2021-07-10 16:11:47',1),
	(4,'::1','admin@admin.com',1,'2021-07-25 16:30:37',1),
	(5,'::1','admin@admin.com',1,'2021-07-29 07:43:21',1),
	(6,'::1','admin@admin.com',1,'2021-07-29 07:49:07',1),
	(7,'::1','admin@admin.com',1,'2021-08-04 07:06:36',1),
	(8,'::1','admin@admin.com',1,'2021-08-04 08:23:53',1),
	(9,'::1','admin@admin.com',1,'2021-08-08 12:41:16',1),
	(10,'::1','admin@admin.com',1,'2021-08-08 12:44:15',1),
	(11,'::1','admin@admin.com',1,'2021-08-08 12:52:33',1),
	(12,'::1','admin@admin.com',1,'2021-08-08 14:45:55',1),
	(13,'::1','admin@admin.com',1,'2021-08-25 07:24:56',1),
	(14,'::1','admin@admin.com',1,'2021-08-25 16:25:46',1),
	(15,'::1','admin@admin.com',1,'2021-09-09 08:39:03',1),
	(16,'::1','admin@admin.com',1,'2021-09-11 08:49:41',1),
	(17,'::1','admin@admin.com',1,'2021-09-11 10:17:58',1),
	(18,'::1','admin@admin.com',1,'2021-09-11 12:00:55',1),
	(19,'::1','admin@admin.com',1,'2021-09-13 11:35:07',1),
	(20,'::1','admin@admin.com',1,'2021-09-13 11:38:12',1),
	(21,'::1','admin@admin.com',1,'2021-09-17 13:46:05',1),
	(22,'::1','admin@admin.com',1,'2021-09-24 14:33:53',1),
	(23,'::1','admin@admin.com',1,'2021-09-24 17:34:09',1),
	(24,'::1','admin@admin.com',1,'2021-10-01 14:50:49',1),
	(25,'::1','admin@admin.com',1,'2021-10-01 15:04:26',1),
	(26,'::1','admin@admin.com',1,'2021-10-01 16:21:17',1),
	(27,'::1','admin@admin.com',1,'2021-10-01 17:09:47',1),
	(28,'::1','admin@admin.com',1,'2021-10-08 11:06:20',1),
	(29,'::1','admin@admin.com',1,'2021-10-08 15:37:37',1),
	(30,'::1','admin@admin.com',1,'2021-10-11 20:15:22',1),
	(31,'::1','admin@admin.com',1,'2021-10-15 11:32:18',1),
	(32,'::1','admin@admin.com',1,'2021-10-17 21:56:41',1),
	(33,'::1','admin@admin.com',1,'2021-10-20 07:34:59',1),
	(34,'::1','admin@admin.com',1,'2021-10-22 07:23:33',1),
	(35,'::1','admin@admin.com',1,'2021-10-22 13:37:27',1),
	(36,'::1','admin@admin.com',1,'2021-10-23 05:56:50',1),
	(37,'::1','admin@admin.com',1,'2021-10-29 11:01:45',1),
	(38,'::1','admin@admin.com',1,'2021-10-29 13:48:16',1),
	(39,'::1','admin@admin.com',1,'2021-10-29 15:59:16',1),
	(40,'::1','admin@admin.com',1,'2021-10-31 15:47:31',1);

/*!40000 ALTER TABLE `auth_logins` ENABLE KEYS */;
UNLOCK TABLES;


# Dump of table auth_permissions
# ------------------------------------------------------------

DROP TABLE IF EXISTS `auth_permissions`;

CREATE TABLE `auth_permissions` (
  `id` int(11) unsigned NOT NULL AUTO_INCREMENT,
  `name` varchar(255) NOT NULL,
  `description` varchar(255) NOT NULL,
  PRIMARY KEY (`id`)
) ENGINE=InnoDB DEFAULT CHARSET=utf8;

LOCK TABLES `auth_permissions` WRITE;
/*!40000 ALTER TABLE `auth_permissions` DISABLE KEYS */;

INSERT INTO `auth_permissions` (`id`, `name`, `description`)
VALUES
	(1,'dashboard/access',''),
	(2,'user/profile',''),
	(3,'user/edit_profile',''),
	(4,'user/change_password',''),
	(5,'user/reset_password',''),
	(6,'user/forgot_password','');

/*!40000 ALTER TABLE `auth_permissions` ENABLE KEYS */;
UNLOCK TABLES;


# Dump of table auth_reset_attempts
# ------------------------------------------------------------

DROP TABLE IF EXISTS `auth_reset_attempts`;

CREATE TABLE `auth_reset_attempts` (
  `id` int(11) unsigned NOT NULL AUTO_INCREMENT,
  `email` varchar(255) NOT NULL,
  `ip_address` varchar(255) NOT NULL,
  `user_agent` varchar(255) NOT NULL,
  `token` varchar(255) DEFAULT NULL,
  `created_at` datetime NOT NULL,
  PRIMARY KEY (`id`)
) ENGINE=InnoDB DEFAULT CHARSET=utf8;



# Dump of table auth_tokens
# ------------------------------------------------------------

DROP TABLE IF EXISTS `auth_tokens`;

CREATE TABLE `auth_tokens` (
  `id` int(11) unsigned NOT NULL AUTO_INCREMENT,
  `selector` varchar(255) NOT NULL,
  `hashedValidator` varchar(255) NOT NULL,
  `user_id` int(11) unsigned NOT NULL,
  `expires` datetime NOT NULL,
  PRIMARY KEY (`id`),
  KEY `auth_tokens_user_id_foreign` (`user_id`),
  KEY `selector` (`selector`),
  CONSTRAINT `auth_tokens_user_id_foreign` FOREIGN KEY (`user_id`) REFERENCES `users` (`id`) ON DELETE CASCADE
) ENGINE=InnoDB DEFAULT CHARSET=utf8;



# Dump of table auth_users_permissions
# ------------------------------------------------------------

DROP TABLE IF EXISTS `auth_users_permissions`;

CREATE TABLE `auth_users_permissions` (
  `user_id` int(11) unsigned NOT NULL DEFAULT '0',
  `permission_id` int(11) unsigned NOT NULL DEFAULT '0',
  KEY `auth_users_permissions_permission_id_foreign` (`permission_id`),
  KEY `user_id_permission_id` (`user_id`,`permission_id`),
  CONSTRAINT `auth_users_permissions_permission_id_foreign` FOREIGN KEY (`permission_id`) REFERENCES `auth_permissions` (`id`) ON DELETE CASCADE,
  CONSTRAINT `auth_users_permissions_user_id_foreign` FOREIGN KEY (`user_id`) REFERENCES `users` (`id`) ON DELETE CASCADE
) ENGINE=InnoDB DEFAULT CHARSET=utf8;



# Dump of table c_categories
# ------------------------------------------------------------

DROP TABLE IF EXISTS `c_categories`;

CREATE TABLE `c_categories` (
  `id` mediumint(11) unsigned NOT NULL AUTO_INCREMENT,
  `name` varchar(150) DEFAULT NULL,
  `slug` varchar(150) DEFAULT NULL,
  `sort` mediumint(8) DEFAULT NULL,
  `description` varchar(255) DEFAULT NULL,
  `active` tinyint(1) unsigned NOT NULL DEFAULT '1',
  `created_by` int(11) DEFAULT NULL,
  `updated_by` int(11) DEFAULT NULL,
  `created_at` datetime DEFAULT NULL,
  `updated_at` datetime DEFAULT NULL,
  `deleted_at` datetime DEFAULT NULL,
  PRIMARY KEY (`id`)
) ENGINE=InnoDB DEFAULT CHARSET=utf8;

LOCK TABLES `c_categories` WRITE;
/*!40000 ALTER TABLE `c_categories` DISABLE KEYS */;

INSERT INTO `c_categories` (`id`, `name`, `slug`, `sort`, `description`, `active`, `created_by`, `updated_by`, `created_at`, `updated_at`, `deleted_at`)
VALUES
	(1,'Backend Menu','backend-menu',1,NULL,1,NULL,NULL,NULL,NULL,NULL),
	(2,'Frontend Menu','frontend-menu',2,NULL,1,NULL,NULL,NULL,NULL,NULL),
	(3,'Reference Menu','reference-menu',3,NULL,1,NULL,NULL,NULL,NULL,NULL);

/*!40000 ALTER TABLE `c_categories` ENABLE KEYS */;
UNLOCK TABLES;


# Dump of table c_logs
# ------------------------------------------------------------

DROP TABLE IF EXISTS `c_logs`;

CREATE TABLE `c_logs` (
  `id` mediumint(11) unsigned NOT NULL AUTO_INCREMENT,
  `message` varchar(255) DEFAULT NULL,
  `controller` varchar(50) DEFAULT NULL,
  `operation` varchar(50) DEFAULT NULL,
  `ref_table` varchar(50) DEFAULT NULL,
  `ref_id` mediumint(11) unsigned DEFAULT NULL,
  `sort` mediumint(8) DEFAULT NULL,
  `description` varchar(255) DEFAULT NULL,
  `active` tinyint(1) unsigned NOT NULL DEFAULT '1',
  `created_by` int(11) DEFAULT NULL,
  `updated_by` int(11) DEFAULT NULL,
  `created_at` datetime DEFAULT NULL,
  `updated_at` datetime DEFAULT NULL,
  `deleted_at` datetime DEFAULT NULL,
  PRIMARY KEY (`id`)
) ENGINE=InnoDB DEFAULT CHARSET=utf8;

LOCK TABLES `c_logs` WRITE;
/*!40000 ALTER TABLE `c_logs` DISABLE KEYS */;

INSERT INTO `c_logs` (`id`, `message`, `controller`, `operation`, `ref_table`, `ref_id`, `sort`, `description`, `active`, `created_by`, `updated_by`, `created_at`, `updated_at`, `deleted_at`)
VALUES
	(1,'Tambah Banner','banner','create','t_banner',1,NULL,NULL,1,1,NULL,'2021-07-06 09:42:12','2021-07-06 09:42:12',NULL),
	(2,'Tambah Banner','banner','create','t_banner',2,NULL,NULL,1,1,NULL,'2021-07-06 09:42:42','2021-07-06 09:42:42',NULL),
	(3,'Tambah Membership','membership','create','t_membership',1,NULL,NULL,1,1,NULL,'2021-07-06 09:51:47','2021-07-06 09:51:47',NULL),
	(4,'Tambah User','user','create','auth_users',0,NULL,NULL,1,1,NULL,'2021-07-06 10:08:08','2021-07-06 10:08:08',NULL),
	(5,'Tambah Group','param','create','auth_groups',3,NULL,NULL,1,1,NULL,'2021-07-06 10:08:27','2021-07-06 10:08:27',NULL),
	(6,'Tambah User','user','create','auth_users',0,NULL,NULL,1,1,NULL,'2021-07-06 10:09:03','2021-07-06 10:09:03',NULL),
	(7,'Ubah User','user','edit','auth_users',3,NULL,NULL,1,1,NULL,'2021-07-06 10:09:17','2021-07-06 10:09:17',NULL),
	(8,'Tambah Parameter','param','create','c_parameters',40,NULL,NULL,1,1,NULL,'2021-07-08 16:50:56','2021-07-08 16:50:56',NULL),
	(9,'Ubah Parameter','param','edit','c_parameters',40,NULL,NULL,1,1,NULL,'2021-07-08 16:51:48','2021-07-08 16:51:48',NULL),
	(10,'Ubah Parameter','param','edit','c_parameters',40,NULL,NULL,1,1,NULL,'2021-07-08 16:52:35','2021-07-08 16:52:35',NULL),
	(11,'Ubah Parameter','param','edit','c_parameters',40,NULL,NULL,1,1,NULL,'2021-07-08 16:53:20','2021-07-08 16:53:20',NULL),
	(12,'Ubah Parameter','param','edit','c_parameters',40,NULL,NULL,1,1,NULL,'2021-07-08 16:56:06','2021-07-08 16:56:06',NULL),
	(13,'Ubah Parameter','param','edit','c_parameters',40,NULL,NULL,1,1,NULL,'2021-07-08 16:56:54','2021-07-08 16:56:54',NULL),
	(14,'Tambah Parameter','param','create','c_parameters',41,NULL,NULL,1,1,NULL,'2021-07-25 16:31:57','2021-07-25 16:31:57',NULL),
	(15,'Tambah KatalogRDA','katalogrda','create','t_katalogrda',1,NULL,NULL,1,1,NULL,'2021-07-25 17:18:35','2021-07-25 17:18:35',NULL),
	(16,'Tambah Artikel','artikel','create','t_artikel',1,NULL,NULL,1,1,NULL,'2021-07-25 17:22:35','2021-07-25 17:22:35',NULL),
	(17,'Ubah Artikel','artikel','edit','t_artikel',1,NULL,NULL,1,1,NULL,'2021-07-25 17:22:41','2021-07-25 17:22:41',NULL),
	(18,'Ubah Parameter','param','edit','c_parameters',18,NULL,NULL,1,1,NULL,'2021-07-29 07:44:41','2021-07-29 07:44:41',NULL),
	(19,'Tambah Parameter','param','create','c_parameters',42,NULL,NULL,1,1,NULL,'2021-07-29 07:48:02','2021-07-29 07:48:02',NULL),
	(20,'Tambah Parameter','param','create','c_parameters',43,NULL,NULL,1,1,NULL,'2021-07-29 07:48:34','2021-07-29 07:48:34',NULL),
	(21,'Tambah Parameter','param','create','c_parameters',44,NULL,NULL,1,1,NULL,'2021-07-29 07:48:48','2021-07-29 07:48:48',NULL),
	(22,'Ubah Parameter','param','edit','c_parameters',44,NULL,NULL,1,1,NULL,'2021-07-29 07:50:09','2021-07-29 07:50:09',NULL),
	(23,'Ubah Parameter','param','edit','c_parameters',43,NULL,NULL,1,1,NULL,'2021-07-29 07:50:15','2021-07-29 07:50:15',NULL),
	(24,'Ubah Parameter','param','edit','c_parameters',42,NULL,NULL,1,1,NULL,'2021-07-29 07:50:21','2021-07-29 07:50:21',NULL),
	(25,'Ubah Parameter','param','edit','c_parameters',41,NULL,NULL,1,1,NULL,'2021-07-29 07:50:28','2021-07-29 07:50:28',NULL),
	(26,'Ubah Parameter','param','edit','c_parameters',43,NULL,NULL,1,1,NULL,'2021-07-29 07:51:14','2021-07-29 07:51:14',NULL),
	(27,'Ubah Parameter','param','edit','c_parameters',44,NULL,NULL,1,1,NULL,'2021-07-29 07:51:34','2021-07-29 07:51:34',NULL),
	(28,'Ubah Parameter','param','edit','c_parameters',42,NULL,NULL,1,1,NULL,'2021-07-29 07:51:51','2021-07-29 07:51:51',NULL),
	(29,'Ubah Parameter','param','edit','c_parameters',2,NULL,NULL,1,1,NULL,'2021-07-29 08:27:29','2021-07-29 08:27:29',NULL),
	(30,'Ubah Parameter','param','edit','c_parameters',44,NULL,NULL,1,1,NULL,'2021-08-04 07:11:55','2021-08-04 07:11:55',NULL),
	(31,'Ubah Parameter','param','edit','c_parameters',44,NULL,NULL,1,1,NULL,'2021-08-04 07:15:13','2021-08-04 07:15:13',NULL),
	(32,'Tambah Anggota','anggota','create','t_anggota',1,NULL,NULL,1,1,NULL,'2021-08-04 08:23:43','2021-08-04 08:23:43',NULL),
	(33,'Tambah Anggota','anggota','create','t_anggota',2,NULL,NULL,1,1,NULL,'2021-08-04 08:24:02','2021-08-04 08:24:02',NULL),
	(34,'Tambah Anggota','anggota','create','t_anggota',3,NULL,NULL,1,1,NULL,'2021-08-04 08:24:07','2021-08-04 08:24:07',NULL),
	(35,'Tambah Anggota','anggota','create','t_anggota',4,NULL,NULL,1,1,NULL,'2021-08-04 08:24:13','2021-08-04 08:24:13',NULL),
	(36,'Tambah Anggota','anggota','create','t_anggota',5,NULL,NULL,1,1,NULL,'2021-08-04 08:24:18','2021-08-04 08:24:18',NULL),
	(37,'Ubah Anggota','anggota','edit','t_anggota',5,NULL,NULL,1,1,NULL,'2021-08-04 08:24:28','2021-08-04 08:24:28',NULL),
	(38,'Ubah Anggota','anggota','edit','t_anggota',4,NULL,NULL,1,1,NULL,'2021-08-04 08:24:34','2021-08-04 08:24:34',NULL),
	(39,'Ubah Anggota','anggota','edit','t_anggota',3,NULL,NULL,1,1,NULL,'2021-08-04 08:24:40','2021-08-04 08:24:40',NULL),
	(40,'Ubah Anggota','anggota','edit','t_anggota',2,NULL,NULL,1,1,NULL,'2021-08-04 08:24:46','2021-08-04 08:24:46',NULL),
	(41,'Ubah Anggota','anggota','edit','t_anggota',1,NULL,NULL,1,1,NULL,'2021-08-04 08:24:52','2021-08-04 08:24:52',NULL),
	(42,'Tambah Tag','tag','create','m_fields',1,NULL,NULL,1,1,NULL,'2021-08-25 07:44:54','2021-08-25 07:44:54',NULL),
	(43,'Tambah Tag','tag','create','m_fields',19,NULL,NULL,1,1,NULL,'2021-08-25 09:26:56','2021-08-25 09:26:56',NULL),
	(44,'Tambah Tag','tag','create','m_fields',22,NULL,NULL,1,1,NULL,'2021-08-25 10:26:58','2021-08-25 10:26:58',NULL),
	(45,'Tambah Tag','tag','create','m_fields',1,NULL,NULL,1,1,NULL,'2021-08-25 10:28:49','2021-08-25 10:28:49',NULL),
	(46,'Tambah Tag','tag','create','m_field',2,NULL,NULL,1,1,NULL,'2021-08-25 10:44:24','2021-08-25 10:44:24',NULL),
	(47,'Ubah Tag','tag','edit','m_field',1,NULL,NULL,1,1,NULL,'2021-08-25 11:28:12','2021-08-25 11:28:12',NULL),
	(48,'Ubah Tag','tag','edit','m_field',1,NULL,NULL,1,1,NULL,'2021-08-25 11:28:35','2021-08-25 11:28:35',NULL),
	(49,'Ubah Tag','tag','edit','m_field',1,NULL,NULL,1,1,NULL,'2021-08-25 11:29:44','2021-08-25 11:29:44',NULL),
	(50,'Ubah Tag','tag','edit','m_field',1,NULL,NULL,1,1,NULL,'2021-08-25 11:30:45','2021-08-25 11:30:45',NULL),
	(51,'Tambah Tag','tag','create','m_field',3,NULL,NULL,1,1,NULL,'2021-08-25 16:30:41','2021-08-25 16:30:41',NULL),
	(52,'Tambah Tag','tag','create','m_field',7,NULL,NULL,1,1,NULL,'2021-08-25 16:55:13','2021-08-25 16:55:13',NULL),
	(53,'Tambah Tag','tag','create','m_field',1,NULL,NULL,1,1,NULL,'2021-08-25 16:58:23','2021-08-25 16:58:23',NULL),
	(54,'Ubah Tag','tag','edit','m_field',1,NULL,NULL,1,1,NULL,'2021-08-25 17:13:09','2021-08-25 17:13:09',NULL),
	(55,'Ubah Tag','tag','edit','m_field',1,NULL,NULL,1,1,NULL,'2021-08-25 17:16:39','2021-08-25 17:16:39',NULL),
	(56,'Ubah Tag','tag','edit','m_field',1,NULL,NULL,1,1,NULL,'2021-08-25 17:20:46','2021-08-25 17:20:46',NULL),
	(57,'Ubah Tag','tag','edit','m_field',1,NULL,NULL,1,1,NULL,'2021-08-25 17:21:04','2021-08-25 17:21:04',NULL),
	(58,'Ubah Tag','tag','edit','m_field',1,NULL,NULL,1,1,NULL,'2021-08-25 17:28:03','2021-08-25 17:28:03',NULL),
	(59,'Tambah Tag','tag','create','m_field',2,NULL,NULL,1,1,NULL,'2021-08-25 17:30:34','2021-08-25 17:30:34',NULL),
	(60,'Ubah Tag','tag','edit','m_field',2,NULL,NULL,1,1,NULL,'2021-08-25 17:48:27','2021-08-25 17:48:27',NULL),
	(61,'Import Anggota','anggota','import','t_anggota',NULL,NULL,NULL,1,1,NULL,'2021-09-11 09:54:51','2021-09-11 09:54:51',NULL),
	(62,'Import Anggota','anggota','import','t_anggota',NULL,NULL,NULL,1,1,NULL,'2021-09-11 09:55:12','2021-09-11 09:55:12',NULL),
	(63,'Import Anggota','anggota','import','t_anggota',NULL,NULL,NULL,1,1,NULL,'2021-09-11 10:20:21','2021-09-11 10:20:21',NULL),
	(64,'Tambah Sumbangan','sumbangan','create','t_sumbangan',1,NULL,NULL,1,1,NULL,'2021-09-11 10:28:48','2021-09-11 10:28:48',NULL),
	(65,'Tambah Sumbangan','sumbangan','create','t_sumbangan',2,NULL,NULL,1,1,NULL,'2021-09-11 10:29:01','2021-09-11 10:29:01',NULL),
	(66,'Tambah Sumbangan','sumbangan','create','t_sumbangan',3,NULL,NULL,1,1,NULL,'2021-09-11 10:29:09','2021-09-11 10:29:09',NULL),
	(67,'Ubah Anggota','anggota','edit','t_anggota',2,NULL,NULL,1,1,NULL,'2021-09-17 14:57:24','2021-09-17 14:57:24',NULL),
	(68,'Ubah Parameter','param','edit','c_parameters',41,NULL,NULL,1,1,NULL,'2021-09-24 14:45:14','2021-09-24 14:45:14',NULL),
	(69,'Ubah Parameter','param','edit','c_parameters',43,NULL,NULL,1,1,NULL,'2021-09-24 14:45:33','2021-09-24 14:45:33',NULL),
	(70,'Ubah Parameter','param','edit','c_parameters',41,NULL,NULL,1,1,NULL,'2021-09-24 14:47:57','2021-09-24 14:47:57',NULL),
	(71,'Ubah Parameter','param','edit','c_parameters',42,NULL,NULL,1,1,NULL,'2021-09-24 14:48:15','2021-09-24 14:48:15',NULL),
	(72,'Ubah Parameter','param','edit','c_parameters',43,NULL,NULL,1,1,NULL,'2021-09-24 14:48:30','2021-09-24 14:48:30',NULL),
	(73,'Ubah Parameter','param','edit','c_parameters',44,NULL,NULL,1,1,NULL,'2021-09-24 14:48:47','2021-09-24 14:48:47',NULL),
	(74,'Tambah Page','page','create','t_page',1,NULL,NULL,1,1,NULL,'2021-10-08 14:02:50','2021-10-08 14:02:50',NULL),
	(75,'Tambah Page','page','create','t_page',1,NULL,NULL,1,1,NULL,'2021-10-08 14:04:10','2021-10-08 14:04:10',NULL),
	(76,'Tambah Katalog','katalog','create','t_katalog',70,NULL,NULL,1,1,NULL,'2021-10-15 17:42:31','2021-10-15 17:42:31',NULL),
	(77,'Tambah Katalog','katalog','create','t_katalog',71,NULL,NULL,1,1,NULL,'2021-10-15 17:44:19','2021-10-15 17:44:19',NULL),
	(78,'Tambah Katalog','katalog','create','t_katalog',72,NULL,NULL,1,1,NULL,'2021-10-20 07:36:12','2021-10-20 07:36:12',NULL),
	(79,'Tambah Katalog','katalog','create','t_katalog',73,NULL,NULL,1,1,NULL,'2021-10-20 08:13:20','2021-10-20 08:13:20',NULL),
	(80,'Tambah Katalog','katalog','create','t_katalog',74,NULL,NULL,1,1,NULL,'2021-10-20 08:13:21','2021-10-20 08:13:21',NULL),
	(81,'Tambah Katalog','katalog','create','t_katalog',75,NULL,NULL,1,1,NULL,'2021-10-20 08:13:22','2021-10-20 08:13:22',NULL),
	(82,'Tambah Katalog','katalog','create','t_katalog',76,NULL,NULL,1,1,NULL,'2021-10-20 08:13:23','2021-10-20 08:13:23',NULL),
	(83,'Tambah Katalog','katalog','create','t_katalogrda',79,NULL,NULL,1,1,NULL,'2021-10-22 08:23:43','2021-10-22 08:23:43',NULL),
	(84,'Tambah Katalog','katalog','create','t_katalogrda',93,NULL,NULL,1,1,NULL,'2021-10-22 08:53:04','2021-10-22 08:53:04',NULL),
	(85,'Tambah Katalog','katalog','create','t_katalogrda',94,NULL,NULL,1,1,NULL,'2021-10-22 08:56:31','2021-10-22 08:56:31',NULL),
	(86,'Tambah Katalog','katalog','create','t_katalogrda',95,NULL,NULL,1,1,NULL,'2021-10-22 08:56:58','2021-10-22 08:56:58',NULL),
	(87,'Tambah Katalog','katalog','create','t_katalogrda',96,NULL,NULL,1,1,NULL,'2021-10-22 08:57:06','2021-10-22 08:57:06',NULL),
	(88,'Tambah Katalog','katalog','create','t_katalogrda',97,NULL,NULL,1,1,NULL,'2021-10-22 08:57:58','2021-10-22 08:57:58',NULL),
	(89,'Tambah Katalog','katalog','create','t_katalogrda',98,NULL,NULL,1,1,NULL,'2021-10-22 08:58:19','2021-10-22 08:58:19',NULL),
	(90,'Tambah Katalog','katalog','create','t_katalogrda',99,NULL,NULL,1,1,NULL,'2021-10-22 08:58:35','2021-10-22 08:58:35',NULL),
	(91,'Tambah Katalog','katalog','create','t_katalogrda',100,NULL,NULL,1,1,NULL,'2021-10-22 09:05:43','2021-10-22 09:05:43',NULL),
	(92,'Tambah Katalog','katalog','create','t_katalogrda',101,NULL,NULL,1,1,NULL,'2021-10-22 09:08:14','2021-10-22 09:08:14',NULL),
	(93,'Tambah Katalog','katalog','create','t_katalogrda',102,NULL,NULL,1,1,NULL,'2021-10-22 09:08:36','2021-10-22 09:08:36',NULL),
	(94,'Tambah Katalog','katalog','create','t_katalogrda',103,NULL,NULL,1,1,NULL,'2021-10-22 09:10:49','2021-10-22 09:10:49',NULL),
	(95,'Tambah Katalog','katalog','create','t_katalogrda',104,NULL,NULL,1,1,NULL,'2021-10-22 09:10:49','2021-10-22 09:10:49',NULL),
	(96,'Tambah Katalog','katalog','create','t_katalogrda',105,NULL,NULL,1,1,NULL,'2021-10-22 09:11:16','2021-10-22 09:11:16',NULL),
	(97,'Tambah Katalog','katalog','create','t_katalogrda',106,NULL,NULL,1,1,NULL,'2021-10-22 09:11:16','2021-10-22 09:11:16',NULL),
	(98,'Tambah Katalog','katalog','create','t_katalogrda',107,NULL,NULL,1,1,NULL,'2021-10-22 09:11:48','2021-10-22 09:11:48',NULL),
	(99,'Tambah Katalog','katalog','create','t_katalogrda',108,NULL,NULL,1,1,NULL,'2021-10-22 09:11:48','2021-10-22 09:11:48',NULL),
	(100,'Tambah Katalog','katalog','create','t_katalogrda',109,NULL,NULL,1,1,NULL,'2021-10-22 09:12:38','2021-10-22 09:12:38',NULL),
	(101,'Tambah Katalog','katalog','create','t_katalogrda',110,NULL,NULL,1,1,NULL,'2021-10-22 09:12:38','2021-10-22 09:12:38',NULL),
	(102,'Tambah Katalog','katalog','create','t_katalogrda',111,NULL,NULL,1,1,NULL,'2021-10-22 09:22:02','2021-10-22 09:22:02',NULL),
	(103,'Tambah Katalog','katalog','create','t_katalogrda',112,NULL,NULL,1,1,NULL,'2021-10-22 09:22:48','2021-10-22 09:22:48',NULL),
	(104,'Tambah Katalog','katalog','create','t_katalogrda',113,NULL,NULL,1,1,NULL,'2021-10-22 09:24:13','2021-10-22 09:24:13',NULL),
	(105,'Tambah Katalog','katalog','create','t_katalogrda',114,NULL,NULL,1,1,NULL,'2021-10-22 09:24:34','2021-10-22 09:24:34',NULL),
	(106,'Tambah Katalog','katalog','create','t_katalogrda',115,NULL,NULL,1,1,NULL,'2021-10-22 09:25:31','2021-10-22 09:25:31',NULL),
	(107,'Tambah Katalog','katalog','create','t_katalogrda',116,NULL,NULL,1,1,NULL,'2021-10-22 09:26:02','2021-10-22 09:26:02',NULL),
	(108,'Tambah Katalog','katalog','create','t_katalogrda',122,NULL,NULL,1,1,NULL,'2021-10-22 09:36:52','2021-10-22 09:36:52',NULL),
	(109,'Tambah Katalog','katalog','create','t_katalogrda',123,NULL,NULL,1,1,NULL,'2021-10-22 09:36:57','2021-10-22 09:36:57',NULL),
	(110,'Tambah Katalog','katalog','create','t_katalogrda',128,NULL,NULL,1,1,NULL,'2021-10-22 09:44:50','2021-10-22 09:44:50',NULL),
	(111,'Tambah Katalog','katalog','create','t_katalogrda',129,NULL,NULL,1,1,NULL,'2021-10-22 09:46:55','2021-10-22 09:46:55',NULL),
	(112,'Tambah Katalog','katalog','create','t_katalogrda',131,NULL,NULL,1,1,NULL,'2021-10-22 09:49:07','2021-10-22 09:49:07',NULL),
	(113,'Tambah Katalog','katalog','create','t_catalog',132,NULL,NULL,1,1,NULL,'2021-10-22 13:40:46','2021-10-22 13:40:46',NULL),
	(114,'Tambah Katalog','katalog','create','t_catalog',133,NULL,NULL,1,1,NULL,'2021-10-22 13:41:01','2021-10-22 13:41:01',NULL),
	(115,'Tambah Katalog','katalog','create','t_catalog',140,NULL,NULL,1,1,NULL,'2021-10-22 14:23:32','2021-10-22 14:23:32',NULL),
	(116,'Tambah Katalog','katalog','create','t_katalog',145,NULL,NULL,1,1,NULL,'2021-10-22 15:27:56','2021-10-22 15:27:56',NULL),
	(117,'Tambah Parameter','param','create','c_parameters',45,NULL,NULL,1,1,NULL,'2021-10-22 16:20:51','2021-10-22 16:20:51',NULL),
	(118,'Tambah Catalog','Catalog','create','t_catalog',146,NULL,NULL,1,1,NULL,'2021-10-29 11:13:30','2021-10-29 11:13:30',NULL),
	(119,'Tambah Group','param','create','auth_groups',4,NULL,NULL,1,1,NULL,'2021-10-31 15:48:00','2021-10-31 15:48:00',NULL);

/*!40000 ALTER TABLE `c_logs` ENABLE KEYS */;
UNLOCK TABLES;


# Dump of table c_menus
# ------------------------------------------------------------

DROP TABLE IF EXISTS `c_menus`;

CREATE TABLE `c_menus` (
  `id` mediumint(11) unsigned NOT NULL AUTO_INCREMENT,
  `name` varchar(150) DEFAULT NULL,
  `parent` mediumint(11) NOT NULL DEFAULT '0',
  `controller` varchar(50) DEFAULT NULL,
  `icon` varchar(100) DEFAULT NULL,
  `permission` varchar(255) DEFAULT NULL,
  `file_image` varchar(255) DEFAULT NULL,
  `type` enum('menu','label','reference') NOT NULL DEFAULT 'menu',
  `category_id` int(11) NOT NULL,
  `slug` varchar(150) DEFAULT NULL,
  `sort` mediumint(8) DEFAULT NULL,
  `description` varchar(255) DEFAULT NULL,
  `active` tinyint(1) unsigned NOT NULL DEFAULT '1',
  `created_by` int(11) DEFAULT NULL,
  `updated_by` int(11) DEFAULT NULL,
  `created_at` datetime DEFAULT NULL,
  `updated_at` datetime DEFAULT NULL,
  `deleted_at` datetime DEFAULT NULL,
  PRIMARY KEY (`id`)
) ENGINE=InnoDB DEFAULT CHARSET=utf8;

LOCK TABLES `c_menus` WRITE;
/*!40000 ALTER TABLE `c_menus` DISABLE KEYS */;

INSERT INTO `c_menus` (`id`, `name`, `parent`, `controller`, `icon`, `permission`, `file_image`, `type`, `category_id`, `slug`, `sort`, `description`, `active`, `created_by`, `updated_by`, `created_at`, `updated_at`, `deleted_at`)
VALUES
	(2,'Dashboard',0,'dashboard','pe-7s-display2','access',NULL,'menu',1,NULL,2,'',1,NULL,NULL,NULL,'2021-10-15 13:07:25',NULL),
	(3,'Laporan',0,'report','pe-7s-graph2','access',NULL,'menu',1,NULL,3,'',1,NULL,NULL,NULL,'2021-10-08 15:30:15',NULL),
	(4,'Activity Logs',50,'report/logs','pe-7s-graph2','access',NULL,'menu',1,NULL,9,NULL,1,NULL,NULL,NULL,'2021-10-08 15:30:15',NULL),
	(5,'Visitor Report',50,'report/visitors','pe-7s-graph2','access',NULL,'menu',1,NULL,10,NULL,1,NULL,NULL,NULL,'2021-10-08 15:30:15',NULL),
	(6,'Autentikasi',0,'home','pe-7s-user','access',NULL,'menu',1,NULL,65,'',1,NULL,NULL,NULL,'2021-10-08 15:30:15',NULL),
	(7,'Users',6,'user','pe-7s-user','access|create|read|update|delete|enable|disable',NULL,'menu',1,NULL,66,NULL,1,NULL,NULL,NULL,'2021-10-08 15:30:15',NULL),
	(8,'Roles',6,'group','pe-7s-users','access|create|read|update|delete|enable|disable',NULL,'menu',1,NULL,67,NULL,1,NULL,NULL,NULL,'2021-10-08 15:30:15',NULL),
	(9,'Permissions',6,'permission','pe-7s-shield','access|create|read|update|delete|enable|disable',NULL,'menu',1,NULL,68,NULL,1,NULL,NULL,NULL,'2021-10-08 15:30:15',NULL),
	(10,'Access',6,'access','pe-7s-unlock','access|create|read|update|delete|enable|disable',NULL,'menu',1,NULL,69,NULL,1,NULL,NULL,NULL,'2021-10-08 15:30:15',NULL),
	(11,'Menu',12,'menu','pe-7s-menu','access|create|read|update|delete|enable|disable',NULL,'menu',1,NULL,71,NULL,1,NULL,NULL,NULL,'2021-10-08 15:30:15',NULL),
	(12,'Setting',0,'#','pe-7s-config','access|create|read|update|delete',NULL,'menu',1,NULL,70,NULL,1,NULL,NULL,NULL,'2021-10-08 15:30:15',NULL),
	(13,'Parameter',12,'parameter','','access',NULL,'menu',1,NULL,72,NULL,1,NULL,NULL,NULL,'2021-10-08 15:30:15',NULL),
	(14,'Reference',12,'reference','','access',NULL,'menu',1,NULL,73,NULL,1,NULL,NULL,NULL,'2021-10-08 15:30:15',NULL),
	(15,'Home',0,'home','','access',NULL,'menu',2,NULL,15,NULL,1,NULL,NULL,NULL,NULL,NULL),
	(16,'Permission',98,'ref_permission','','access',NULL,'menu',3,NULL,22,NULL,1,NULL,NULL,NULL,'2021-10-08 13:56:44',NULL),
	(17,'Banner',98,'ref_banner','','access',NULL,'menu',3,NULL,20,NULL,1,NULL,NULL,NULL,'2021-10-08 13:56:44',NULL),
	(18,'CMS',0,'menu_cms','pe-7s-keypad','access',NULL,'menu',1,'cms',61,'',1,NULL,NULL,'2021-07-06 09:39:28','2021-10-08 15:30:15',NULL),
	(19,'Banner',18,'banner','','access|create|read|update|delete',NULL,'menu',1,'banner',63,'',1,NULL,NULL,'2021-07-06 09:40:23','2021-10-08 15:30:15',NULL),
	(20,'Membership',18,'membership','','access|create|read|update|delete',NULL,'menu',1,'membership',64,'',1,NULL,NULL,'2021-07-06 09:51:14','2021-10-08 15:30:15',NULL),
	(21,'ADMIN',0,'','','access',NULL,'label',1,'admin',49,'',1,NULL,NULL,'2021-07-25 16:33:42','2021-10-08 15:30:15',NULL),
	(24,'Katalog RDA',53,'katalog?slug=rda','','access|create|read|update|delete',NULL,'menu',1,'katalog-rda',14,'',1,NULL,NULL,'2021-07-25 16:37:21','2021-10-08 15:30:15',NULL),
	(25,'Katalog AACR',53,'katalog?slug=aacr','','access|create|read|update|delete',NULL,'menu',1,'katalog-aacr',17,'',1,NULL,NULL,'2021-07-25 16:37:56','2021-10-08 15:30:15',NULL),
	(26,'Eksemplar',0,'katalog-rda/eksemplar','pe-7s-albums','access|create|read|update|delete',NULL,'menu',1,'eksemplar',23,'',1,NULL,NULL,'2021-07-25 16:38:27','2021-10-08 15:30:15',NULL),
	(27,'Artikel',0,'artikel','pe-7s-news-paper','access|create|read|update|delete',NULL,'menu',1,'artikel',27,'',1,NULL,NULL,'2021-07-25 16:38:47','2021-10-08 15:30:15',NULL),
	(31,'Konten Digital',53,'konten-digital','','access|create|read|update|delete',NULL,'menu',1,'konten-digital',20,'',1,NULL,NULL,'2021-07-25 16:41:03','2021-10-08 15:30:15',NULL),
	(40,'Sirkulasi',0,'menu_sirkulasi','pe-7s-refresh','access',NULL,'menu',1,'sirkulasi',28,'',1,NULL,NULL,'2021-07-25 16:47:20','2021-10-08 15:30:15',NULL),
	(41,'Entri Peminjaman',60,'sirkulasi/entri-peminjaman','','access|create|read|update|delete',NULL,'menu',1,'entri-peminjaman',31,'',1,NULL,NULL,'2021-07-25 16:48:53','2021-10-08 15:30:15',NULL),
	(42,'Entri Pengembalian',62,'sirkulasi/entri-pengembalian','','access|create|read|update|delete',NULL,'menu',1,'entri-pengembalian',34,'',1,NULL,NULL,'2021-07-25 16:49:15','2021-10-08 15:30:15',NULL),
	(43,'Entri Pelanggaran',64,'sirkulasi/entri-pelanggaran','','access|create|read|update|delete',NULL,'menu',1,'entri-pelanggaran',40,'',1,NULL,NULL,'2021-07-25 16:49:46','2021-10-08 15:30:15',NULL),
	(44,'Entri Perpanjangan',66,'sirkulasi/entri-perpanjangan','','access|create|read|update|delete',NULL,'menu',1,'entri-perpanjangan',37,'',1,NULL,NULL,'2021-07-25 16:50:29','2021-10-08 15:30:15',NULL),
	(46,'Perkembangan Koleksi',3,'report/perkembangan-koleksi','','access',NULL,'menu',1,'perkembangan-koleksi',4,'',1,NULL,NULL,'2021-07-29 08:10:19','2021-10-08 15:30:15',NULL),
	(47,'Pelayanan Keanggotaan',3,'report/pelayanan-keanggotaan','','access',NULL,'menu',1,'pelayanan-keanggotaan',5,'',1,NULL,NULL,'2021-07-29 08:10:58','2021-10-08 15:30:15',NULL),
	(48,'Pelayanan Sirkulasi',3,'report/pelayanan-sirkulasi','','access',NULL,'menu',1,'pelayanan-sirkulasi',6,'',1,NULL,NULL,'2021-07-29 08:11:20','2021-10-08 15:30:15',NULL),
	(49,'Pemanfaatan OPAC',3,'report/pemanfaatan-opac','','access',NULL,'menu',1,'pemanfaatan-opac',7,'',1,NULL,NULL,'2021-07-29 08:11:48','2021-10-08 15:30:15',NULL),
	(50,'Admin',3,'report_admin','','access',NULL,'menu',1,'admin',8,'',0,NULL,NULL,'2021-07-29 08:12:13','2021-10-08 15:30:15',NULL),
	(53,'Katalog',0,'katalog','pe-7s-notebook','access',NULL,'menu',1,'katalog',12,'',1,NULL,NULL,'2021-07-29 08:43:52','2021-10-08 15:30:15',NULL),
	(54,'Semua Katalog',53,'catalog','','access',NULL,'menu',1,'semua-katalog',13,'',1,NULL,NULL,'2021-07-29 08:44:31','2021-10-23 05:57:25',NULL),
	(55,'Karantina',53,'katalog/karantina','','access',NULL,'menu',1,'karantina',21,'',1,NULL,NULL,'2021-07-29 09:01:21','2021-10-08 15:30:15',NULL),
	(56,'Keranjang',53,'keranjangkatalog','','access',NULL,'menu',1,'keranjang',22,'',1,NULL,NULL,'2021-07-29 09:01:41','2021-10-08 15:30:15',NULL),
	(57,'Semua Eksemplar',26,'eksemplar','','access',NULL,'menu',1,'semua-eksemplar',24,'',1,NULL,NULL,'2021-07-29 09:02:35','2021-10-08 15:30:15',NULL),
	(58,'Karantina',26,'eksemplar/karantina','','access',NULL,'menu',1,'karantina',25,'',1,NULL,NULL,'2021-07-29 09:02:54','2021-10-08 15:30:15',NULL),
	(59,'Keranjang',26,'eksemplar/keranjang','','access',NULL,'menu',1,'keranjang',26,'',1,NULL,NULL,'2021-07-29 09:03:15','2021-10-08 15:30:15',NULL),
	(60,'Peminjaman',40,'sirkulasi?slug=peminjaman','','access',NULL,'menu',1,'peminjaman',29,'',1,NULL,NULL,'2021-07-29 09:07:49','2021-10-08 15:30:15',NULL),
	(61,'Daftar Peminjaman',60,'sirkulasi?slug=peminjaman','','access',NULL,'menu',1,'daftar-peminjaman',30,'',1,NULL,NULL,'2021-07-29 09:09:33','2021-10-08 15:30:15',NULL),
	(62,'Pengembalian',40,'sirkulasi?slug=pengembalian','','access',NULL,'menu',1,'pengembalian',32,'',1,NULL,NULL,'2021-07-29 09:10:47','2021-10-08 15:30:15',NULL),
	(63,'Daftar Pengembalian',62,'sirkulasi?slug=pengembalian','','access',NULL,'menu',1,'daftar-pengembalian',33,'',1,NULL,NULL,'2021-07-29 09:11:20','2021-10-08 15:30:15',NULL),
	(64,'Pelanggaran',40,'sirkulasi?slug=pelanggaran','','access',NULL,'menu',1,'pelanggaran',38,'',1,NULL,NULL,'2021-07-29 09:11:51','2021-10-08 15:30:15',NULL),
	(65,'Daftar Pelanggaran',64,'sirkulasi?slug=pelanggaran','','access',NULL,'menu',1,'daftar-pelanggaran',39,'',1,NULL,NULL,'2021-07-29 09:12:21','2021-10-08 15:30:15',NULL),
	(66,'Perpanjangan',40,'sirkulasi?slug=perpanjangan','','access',NULL,'menu',1,'perpanjangan',35,'',1,NULL,NULL,'2021-07-29 09:12:56','2021-10-08 15:30:15',NULL),
	(67,'Daftar Perpanjangan',66,'sirkulasi?slug=perpanjangan','','access',NULL,'menu',1,'daftar-perpanjangan',36,'',1,NULL,NULL,'2021-07-29 09:13:22','2021-10-08 15:30:15',NULL),
	(68,'Daftar Katalog RDA',24,'catalog?rda=1','','access|create|read|update|delete',NULL,'menu',1,'daftar-katalog-rda',15,'',1,NULL,NULL,'2021-07-29 09:15:18','2021-10-23 06:05:31',NULL),
	(69,'Entri Katalog RDA',24,'catalog/create?rda=1','','access',NULL,'menu',1,'entri-katalog-rda',16,'',1,NULL,NULL,'2021-07-29 09:15:59','2021-10-23 06:05:20',NULL),
	(70,'Entri Katalog AACR',25,'catalog/create?rda=0','','access',NULL,'menu',1,'entri-katalog-aacr',19,'',1,NULL,NULL,'2021-07-29 09:16:13','2021-10-23 06:06:05',NULL),
	(71,'Daftar Katalog AACR',25,'catalog?rda=0','','access',NULL,'menu',1,'daftar-aacr',18,'',1,NULL,NULL,'2021-07-29 09:17:01','2021-10-23 06:05:49',NULL),
	(72,'Koleksi',0,'label-koleksi','','access',NULL,'label',1,'koleksi',11,'',1,NULL,NULL,'2021-07-29 09:18:14','2021-10-08 15:30:15',NULL),
	(73,'Keanggotaan',0,'label_keanggotaan','','access',NULL,'label',1,'keanggotaan',41,'',1,NULL,NULL,'2021-07-29 09:22:27','2021-10-08 15:30:15',NULL),
	(74,'Anggota',0,'menu_anggota','pe-7s-id','access',NULL,'menu',1,'anggota',42,'',1,NULL,NULL,'2021-07-29 09:25:23','2021-10-08 15:30:15',NULL),
	(75,'Daftar Anggota',74,'anggota','','access',NULL,'menu',1,'daftar-anggota',43,'',1,NULL,NULL,'2021-07-29 09:26:19','2021-10-08 15:30:15',NULL),
	(76,'Entri Anggota',74,'anggota/create','','access',NULL,'menu',1,'entri-anggota',44,'',1,NULL,NULL,'2021-07-29 09:26:40','2021-10-08 15:30:15',NULL),
	(77,'Impor Data Anggota',74,'anggota/import','','access',NULL,'menu',1,'impor-data-anggota',45,'',1,NULL,NULL,'2021-07-29 09:27:57','2021-10-08 15:30:15',NULL),
	(78,'Sumbangan',0,'sumbangan','pe-7s-wallet','access',NULL,'menu',1,'sumbangan',48,'',1,NULL,NULL,'2021-07-29 09:30:13','2021-10-08 15:30:15',NULL),
	(79,'Perpanjangan',74,'perpanjangan','','access|create|read|update|delete',NULL,'menu',1,'perpanjangan',46,'',1,NULL,NULL,'2021-07-29 09:31:02','2021-10-08 15:30:15',NULL),
	(80,'Keranjang',74,'keranjanganggota','','access|create|read|update|delete',NULL,'menu',1,'keranjang',47,'',1,NULL,NULL,'2021-07-29 09:34:57','2021-10-08 15:30:15',NULL),
	(81,'Menu',0,'menu_navigasi','','access',NULL,'label',1,'menu',1,'',1,NULL,NULL,'2021-08-04 07:47:59','2021-10-08 15:30:15',NULL),
	(82,'Master',0,'menu_master','pe-7s-server','access',NULL,'menu',1,'master',50,'',1,NULL,NULL,'2021-08-04 09:35:25','2021-10-08 15:30:15',NULL),
	(83,'Koleksi',82,'menu_master_koleksi','','access',NULL,'menu',1,'menu-master-koleksi',51,'',1,NULL,NULL,'2021-08-04 09:36:26','2021-10-08 15:30:15',NULL),
	(84,'Tag',83,'tag','','access|create|read|update|delete',NULL,'menu',1,'tag',52,'',1,NULL,NULL,'2021-08-04 09:37:22','2021-10-08 15:30:15',NULL),
	(85,'Jenis Bahan',83,'master-jenis-bahan','','access|create|read|update|delete',NULL,'menu',1,'jenis-bahan',53,'',1,NULL,NULL,'2021-08-04 09:38:10','2021-10-08 15:30:15',NULL),
	(86,'Kelas DDC',83,'master-kelas-ddc','','access|create|read|update|delete',NULL,'menu',1,'kelas-ddc',54,'',1,NULL,NULL,'2021-08-04 09:38:53','2021-10-08 15:30:15',NULL),
	(87,'Format Kartu',83,'master-format-kartu','','access|create|read|update|delete',NULL,'menu',1,'format-kartu',55,'',1,NULL,NULL,'2021-08-04 09:39:57','2021-10-08 15:30:15',NULL),
	(88,'Penomoran',83,'master-penomoran','','access|create|read|update|delete',NULL,'menu',1,'penomoran',56,'',1,NULL,NULL,'2021-08-04 09:40:48','2021-10-08 15:30:15',NULL),
	(89,'Ruas Data',83,'master-ruas-data','','access|create|read|update|delete',NULL,'menu',1,'ruas-data-bibliografis',57,'',1,NULL,NULL,'2021-08-04 09:42:27','2021-10-08 15:30:15',NULL),
	(90,'Keanggotan',82,'menu_master_keanggotaan','','access',NULL,'menu',1,'keanggotan',58,'',1,NULL,NULL,'2021-08-04 09:44:00','2021-10-08 15:30:15',NULL),
	(91,'Kartu Anggota',90,'master-kartu-anggota','','access',NULL,'menu',1,'kartu-anggota',59,'',1,NULL,NULL,'2021-08-04 09:44:54','2021-10-08 15:30:15',NULL),
	(92,'Jenis Anggota',90,'master-jenis-anggota','','access|create|read|update',NULL,'menu',1,'jenis-anggota',60,'',1,NULL,NULL,'2021-08-04 09:45:46','2021-10-08 15:30:15',NULL),
	(93,'Keanggotaan',0,'menu-ref-keanggotaan','','access',NULL,'menu',3,'keanggotaan',1,'',1,NULL,NULL,'2021-08-04 09:46:49','2021-10-08 13:56:44',NULL),
	(94,'Kelompok Umur',93,'ref-kelompok-umur','','access',NULL,'menu',3,'kelompok-umur',13,'',1,NULL,NULL,'2021-08-04 09:47:06','2021-10-08 13:56:44',NULL),
	(95,'Koleksi',0,'menu-ref-koleksi','','access',NULL,'menu',3,'koleksi',14,'',1,NULL,NULL,'2021-08-04 09:54:27','2021-10-08 13:56:44',NULL),
	(96,'Sirkulasi',0,'menu-ref-sirkulasi','','access',NULL,'menu',3,'sirkulasi',15,'',1,NULL,NULL,'2021-08-04 09:54:49','2021-10-08 13:56:44',NULL),
	(97,'Master',0,'menu-ref-master','','access',NULL,'menu',3,'master',16,'',1,NULL,NULL,'2021-08-25 07:40:20','2021-10-08 13:56:44',NULL),
	(98,'Admin',0,'menu-ref-admin','','access',NULL,'menu',3,'admin',19,'',1,NULL,NULL,'2021-08-25 07:40:53','2021-10-08 13:56:44',NULL),
	(99,'Group Field',97,'ref-group-field','','access',NULL,'menu',3,'group-field',17,'',1,NULL,NULL,'2021-08-25 07:41:39','2021-10-08 13:56:44',NULL),
	(100,'Jenis Format',97,'ref-jenis-format','','access',NULL,'menu',3,'jenis-format',18,'',1,NULL,NULL,'2021-08-25 07:42:12','2021-10-08 13:56:44',NULL),
	(101,'Jenis Identitas',93,'ref_identitas','','access',NULL,'menu',3,'jenis-identitas',2,'',1,NULL,NULL,'2021-09-17 14:37:32','2021-10-08 13:56:44',NULL),
	(102,'Status Perkawinan',93,'ref_perkawinan','','access',NULL,'menu',3,'status-perkawinan',3,'',1,NULL,NULL,'2021-09-17 14:37:53','2021-10-08 13:56:44',NULL),
	(103,'Jenis Kelamin',93,'ref_jeniskelamin','','access',NULL,'menu',3,'jenis-kelamin',5,'',1,NULL,NULL,'2021-09-17 14:38:16','2021-10-08 13:56:44',NULL),
	(104,'Pendidikan',93,'ref_pendidikan','','access',NULL,'menu',3,'tingkat-pendidikan',9,'',1,NULL,NULL,'2021-09-17 14:38:38','2021-10-08 13:56:44',NULL),
	(105,'Pekerjaan',93,'ref_pekerjaan','','access',NULL,'menu',3,'pekerjaan',10,'',1,NULL,NULL,'2021-09-17 14:38:55','2021-10-08 13:56:44',NULL),
	(106,'Jenis Anggota',93,'ref_jenisanggota','','access',NULL,'menu',3,'jenis-anggota',6,'',1,NULL,NULL,'2021-09-17 14:39:10','2021-10-08 13:56:44',NULL),
	(107,'Agama',93,'ref_agama','','access',NULL,'menu',3,'agama',4,'',1,NULL,NULL,'2021-09-17 14:39:28','2021-10-08 13:56:44',NULL),
	(108,'Unit Kerja',93,'ref_unitkerja','','access',NULL,'menu',3,'unit-kerja',8,'',1,NULL,NULL,'2021-09-17 14:39:47','2021-10-08 13:56:44',NULL),
	(109,'Fakultas',93,'ref_fakultas','','access',NULL,'menu',3,'fakultas',11,'',1,NULL,NULL,'2021-09-17 14:40:03','2021-10-08 13:56:44',NULL),
	(110,'Jurusan',93,'ref_jurusan','','access',NULL,'menu',3,'jurusan',12,'',1,NULL,NULL,'2021-09-17 14:40:30','2021-10-08 13:56:44',NULL),
	(111,'Status Anggota',93,'ref_Statusanggota','','access',NULL,'menu',3,'status-anggota',7,'',1,NULL,NULL,'2021-09-17 14:40:45','2021-10-08 13:56:44',NULL),
	(112,'Halaman',18,'page','','access|create|read|update|delete',NULL,'menu',1,'halaman',62,'',1,NULL,NULL,'2021-10-08 13:56:00','2021-10-08 15:30:15',NULL),
	(113,'Page',98,'ref-page','','access',NULL,'menu',3,'ref-page',21,'',1,NULL,NULL,'2021-10-08 13:56:36','2021-10-08 13:56:44',NULL),
	(114,'Katalog',0,'menu-ref-katalog','','access',NULL,'menu',3,'katalog',0,'',1,NULL,NULL,'2021-10-29 13:50:15','2021-10-29 13:50:15',NULL),
	(115,'Jenis Isi',114,'ref-jenis-isi','','access',NULL,'menu',3,'jenis-isi',0,'',1,NULL,NULL,'2021-10-29 13:50:30','2021-10-29 13:50:30',NULL),
	(116,'Jenis Media',114,'ref-jenis-media','','access',NULL,'menu',3,'jenis-media',0,'',1,NULL,NULL,'2021-10-29 13:51:38','2021-10-29 13:51:38',NULL),
	(117,'Jenis Wadah',114,'ref-jenis-wadah','','access',NULL,'menu',3,'jenis-wadah',0,'',1,NULL,NULL,'2021-10-29 13:52:58','2021-10-29 13:52:58',NULL);

/*!40000 ALTER TABLE `c_menus` ENABLE KEYS */;
UNLOCK TABLES;


# Dump of table c_parameters
# ------------------------------------------------------------

DROP TABLE IF EXISTS `c_parameters`;

CREATE TABLE `c_parameters` (
  `id` mediumint(11) unsigned NOT NULL AUTO_INCREMENT,
  `name` varchar(150) DEFAULT NULL,
  `value` text,
  `sort` mediumint(8) DEFAULT NULL,
  `description` varchar(255) DEFAULT NULL,
  `active` tinyint(1) unsigned NOT NULL DEFAULT '1',
  `created_by` int(11) DEFAULT NULL,
  `updated_by` int(11) DEFAULT NULL,
  `created_at` datetime DEFAULT NULL,
  `updated_at` datetime DEFAULT NULL,
  `deleted_at` datetime DEFAULT NULL,
  PRIMARY KEY (`id`)
) ENGINE=InnoDB DEFAULT CHARSET=utf8;

LOCK TABLES `c_parameters` WRITE;
/*!40000 ALTER TABLE `c_parameters` DISABLE KEYS */;

INSERT INTO `c_parameters` (`id`, `name`, `value`, `sort`, `description`, `active`, `created_by`, `updated_by`, `created_at`, `updated_at`, `deleted_at`)
VALUES
	(1,'timezone','Asia/Jakarta',NULL,'',1,NULL,NULL,NULL,NULL,NULL),
	(2,'site-name','INLIS Lite 4.0',NULL,'',1,NULL,NULL,NULL,'2021-07-29 08:27:29',NULL),
	(3,'site-description','INLIS Lite',NULL,'',1,NULL,NULL,NULL,NULL,NULL),
	(4,'site-visitor-mode','1',NULL,'0 = Read from Param site-visitor | 1 = Calculate by IP',1,NULL,NULL,NULL,NULL,NULL),
	(5,'site-visitor','50',NULL,'',1,NULL,NULL,NULL,NULL,NULL),
	(6,'site-copyright','&copy; 2021 INLIS Lite',NULL,'',1,NULL,NULL,NULL,NULL,NULL),
	(7,'author','Hamka Mannan',NULL,'',1,NULL,NULL,NULL,NULL,NULL),
	(8,'logo','/uploads/logo.png',NULL,'',1,NULL,NULL,NULL,NULL,NULL),
	(9,'logo-small','/uploads/logo-small.png',NULL,'',1,NULL,NULL,NULL,NULL,NULL),
	(10,'logo-inverse','/uploads/logo-inverse.png',NULL,'',1,NULL,NULL,NULL,NULL,NULL),
	(11,'favicon','/uploads/favicon.png',NULL,'',1,NULL,NULL,NULL,NULL,NULL),
	(12,'sidebar-mode','auto',NULL,'auto = from database | manual = from file',1,NULL,NULL,NULL,NULL,NULL),
	(13,'topbar-mode','auto',NULL,'auto = from database | manual = from file',1,NULL,NULL,NULL,NULL,NULL),
	(14,'sidebar-file','hamkamannan\\adminigniter\\layout\\backend\\partial\\navigation',NULL,'file path without extention .php',1,NULL,NULL,NULL,NULL,NULL),
	(15,'topbar-file','hamkamannan\\adminigniter\\layout\\frontend\\partial\\navigation',NULL,'file path without extention .php',1,NULL,NULL,NULL,NULL,NULL),
	(16,'show-logo-login','1',NULL,'1 = show | 0 = hide means show site name',1,NULL,NULL,NULL,NULL,NULL),
	(17,'show-logo-sidebar','0',NULL,'1 = show | 0 = hide means show site name',1,NULL,NULL,NULL,NULL,NULL),
	(18,'show-top-checkbox','1',NULL,'1 = show | 0 = hide for top checkbox',1,NULL,NULL,NULL,'2021-07-29 07:44:41',NULL),
	(19,'show-layout-setting','1',NULL,'1 = show | 0 = hide for floating bottom right icon',1,NULL,NULL,NULL,'2021-07-29 07:44:44',NULL),
	(20,'show-banner-intro','1',NULL,'1 = show | 0 = hide for banner intro',1,NULL,NULL,NULL,NULL,NULL),
	(21,'logo-cs-class','bg-night-sky',NULL,'bg-primary|bg-success|bg-warning|bg-danger|bg-royalbg-slick-carbon|bg-focus|bg-dark|bg-light',1,NULL,NULL,NULL,NULL,NULL),
	(22,'header-cs-class','bg-corporate-primary header-text-light',NULL,'background and text',1,NULL,NULL,NULL,'2021-09-24 14:48:56',NULL),
	(23,'sidebar-cs-class','bg-corporate-primary2 sidebar-text-light',NULL,'background and text',1,NULL,NULL,NULL,'2021-09-24 14:49:09',NULL),
	(24,'container-header-class','fixed-header',NULL,'fixed-header',1,NULL,NULL,NULL,NULL,NULL),
	(25,'container-sidebar-class','fixed-sidebar',NULL,'fixed-sidebar',1,NULL,NULL,NULL,NULL,NULL),
	(26,'container-footer-class','',NULL,'fixed-footer',1,NULL,NULL,NULL,NULL,NULL),
	(27,'contact_initial','INLIS Lite',NULL,'',1,NULL,NULL,NULL,NULL,NULL),
	(28,'contact-name','INLIS Lite',NULL,'',1,NULL,NULL,NULL,NULL,NULL),
	(29,'contact-phone','082172766354',NULL,'',1,NULL,NULL,NULL,NULL,NULL),
	(30,'contact-email','info@adminigniter.com',NULL,'',1,NULL,NULL,NULL,NULL,NULL),
	(31,'contact-facebook','INLIS Lite',NULL,'',1,NULL,NULL,NULL,NULL,NULL),
	(32,'contact-facebook-url','https://facebook.com/',NULL,'',1,NULL,NULL,NULL,NULL,NULL),
	(33,'contact-instagram','@adminigniter',NULL,'',1,NULL,NULL,NULL,NULL,NULL),
	(34,'contact-instagram-url','https://instagram.com/',NULL,'',1,NULL,NULL,NULL,NULL,NULL),
	(35,'contact-youtube','adminigniter',NULL,'',1,NULL,NULL,NULL,NULL,NULL),
	(36,'contact-youtube-url','https://youtube.com/',NULL,'',1,NULL,NULL,NULL,NULL,NULL),
	(37,'contact-twitter','@adminigniter',NULL,'',1,NULL,NULL,NULL,NULL,NULL),
	(38,'contact-twitter-url','https://twitter.com/',NULL,'',1,NULL,NULL,NULL,NULL,NULL),
	(39,'limit-banner','3',NULL,'',1,NULL,NULL,NULL,NULL,NULL),
	(40,'t_banner_columns','name, description, sort',NULL,'Only display columns',1,NULL,NULL,'2021-07-08 16:50:56','2021-07-08 16:56:54',NULL),
	(41,'corporate-primary','#225843',NULL,'',1,NULL,NULL,'2021-07-25 16:31:57','2021-09-24 14:47:57',NULL),
	(42,'corporate-primary2','#3B6956',NULL,'',1,NULL,NULL,'2021-07-29 07:48:02','2021-09-24 14:48:15',NULL),
	(43,'corporate-secondary','#22BF84',NULL,'',1,NULL,NULL,'2021-07-29 07:48:34','2021-09-24 14:48:30',NULL),
	(44,'corporate-secondary2','#46C590',NULL,'',1,NULL,NULL,'2021-07-29 07:48:48','2021-09-24 14:48:47',NULL),
	(45,'base64','data:image/jpeg;base64,/9j/4AAQSkZJRgABAQAAAQABAAD/4gIoSUNDX1BST0ZJTEUAAQEAAAIYAAAAAAIQAABtbnRyUkdCIFhZWiAAAAAAAAAAAAAAAABhY3NwAAAAAAAAAAAAAAAAAAAAAAAAAAAAAAAAAAAAAQAA9tYAAQAAAADTLQAAAAAAAAAAAAAAAAAAAAAAAAAAAAAAAAAAAAAAAAAAAAAAAAAAAAAAAAAAAAAAAAAAAAlkZXNjAAAA8AAAAHRyWFlaAAABZAAAABRnWFlaAAABeAAAABRiWFlaAAABjAAAABRyVFJDAAABoAAAAChnVFJDAAABoAAAAChiVFJDAAABoAAAACh3dHB0AAAByAAAABRjcHJ0AAAB3AAAADxtbHVjAAAAAAAAAAEAAAAMZW5VUwAAAFgAAAAcAHMAUgBHAEIAAAAAAAAAAAAAAAAAAAAAAAAAAAAAAAAAAAAAAAAAAAAAAAAAAAAAAAAAAAAAAAAAAAAAAAAAAAAAAAAAAAAAAAAAAAAAAAAAAAAAAAAAAFhZWiAAAAAAAABvogAAOPUAAAOQWFlaIAAAAAAAAGKZAAC3hQAAGNpYWVogAAAAAAAAJKAAAA+EAAC2z3BhcmEAAAAAAAQAAAACZmYAAPKnAAANWQAAE9AAAApbAAAAAAAAAABYWVogAAAAAAAA9tYAAQAAAADTLW1sdWMAAAAAAAAAAQAAAAxlblVTAAAAIAAAABwARwBvAG8AZwBsAGUAIABJAG4AYwAuACAAMgAwADEANv/bAEMAAwICAwICAwMDAwQDAwQFCAUFBAQFCgcHBggMCgwMCwoLCw0OEhANDhEOCwsQFhARExQVFRUMDxcYFhQYEhQVFP/bAEMBAwQEBQQFCQUFCRQNCw0UFBQUFBQUFBQUFBQUFBQUFBQUFBQUFBQUFBQUFBQUFBQUFBQUFBQUFBQUFBQUFBQUFP/AABEIAPABQAMBIgACEQEDEQH/xAAdAAABBQEBAQEAAAAAAAAAAAAEAwUGBwgCAQkA/8QAQxAAAQMCBQIEBAQDBgQFBQAAAQIDEQAEBQYSITEHQRMiUWEIcYGRFDJCoRUjwQlSYoKSsRYk0fAlM3LC4TRDU6Lx/8QAGgEAAgMBAQAAAAAAAAAAAAAAAQIAAwQFBv/EACcRAAICAgMAAQQDAAMAAAAAAAABAhEDIQQSMRMiMkFhUXGhBYHw/9oADAMBAAIRAxEAPwB9NwJidq98USdzR6UBUy2gf5a8UgyPImB7Ve2ji0wBT24jivUuSfWaPS3qIEAfSuw1pO0be1DshqAEuR7V7rEDvTkhJV+kfauiyUp2j7VLRBrDhng0oXNpg05Nsn8xSPnFKJbVMqjSe0UtoKsafFOneR9K81HbaDTwJmIH2rsMqMEx9hU7If0ZiveN5r0qKeKeCwVGYBHyrsMyYIEfKg5IKTGTWSeK9BJTEU+C1hQ2n2rr8AoKK1bfSh2Q1EfUqYEQe1c/MGn82RUsnsPavXLUNCSIHM0OyCkyOlRCiNJ+1cwTMJihMiZ5t88X2Ni2SkWlk+lpl2d3QQfN8pG1TAWaVkkH5AUinFosSaI4BA4M14QR2M1JF2BTAiuv4eYJA3oWmNsi2knsSa/KbV2Sr7VKG8NUkyBNdixVI2IAoWg7ImUK1EaFH6V4oKB/Ir7VK1WRUowCaT/AEETI+dG0NsjGlXOk/ak1hU/lJ+lSw2OpBNIJw4hMmdqFoKsjUHnSftXJ1AnykD5VJPwg3moZ1MzYvImH2F4lpDzbt2ll1KpnQQokj32oOSWwq2FFxaTuk/autSyJ0n7U8NW6LhtDmxCgFD5V+WwEqGnbbih2TDsZSVmfKr7UmvxY2SftTwu20qKpgelJLtlEetTsg7GdfiERpP2pFfiT+U08m1KiZMQJFIOWx0nYmhaDtjUpLn9w/akFhaTJSQflTsplUAGa4ctzESalkGRbhTJMp9JpDx9XG5p4fsytB5M0321iptbgKSEzsTU7INMDKlKPc1+UTMQTTqbQlMwYFceAJneeIod0SiyxY7HyxvXqbHVJUIpyDYHMmvFJAVWk5CG38LuSkCBX42s7gU5FvSNxFetshQM/agNob2mVAE6RXQbCzBG59KcPBkbV4lg7GNhQCCfhwBtuBzXotdUCJo0MkHYUuhggCeTUCNX4YpUSAPalfBkJEQacxabb9+1dotiXACmBQY6G4W6lJ4gCvGrc6pj6U9JspEDb3rpNlpkRJ9aFUMkNCWIVvtSwt1HlO1PDGGFQTtO9G/wkqgBM0jHojarMqmE7elVT8Qual5UyUtq2uHrS+vVhpl5jYoAIKyT28u31q+jhCgo7Hf2rJXxO3z1xnpiyT4qraxYAKNyjUokkx8tIn2qnLPrGy7FDtJIiHRTN/wDwrjb1rdL0W10EBayfyqE6V+4MkH6VrDBii6ZBQQoFIIIMg1iGya8J1vR5WAdtUqQn5KG4qd5a6j5gy2oNYbiC0NtKEIdAcaVPaSCB+01gjyOnp0Hh7eGuUWOtIJG9A45idnlvDXr/ABF5u0tGRK3XDsOw+Z9qrLKnxA4kq4RbYthDCyVwVtKKPLME95j2qZ5gXh3V/Kt1h1jaN3ryFBb1o8ohSCPyqEETvwfvWqGeGTUXszywShtopfE/iTxC6xm7tcHtbRdtrWi3WUrUtYkhKo2jsYihHupmdbJK1v4ipAI8uu0QAdp2lPyqL59wPNmQnmG3768tbVbhDNm4ohKiOYChB7djXa8bucyYhbXGIXCFJZaQjwkt8AcyREnbmB+wrnZ8mXHKmdDDhxTjaJ/0pz3mG9zuGcZvzdWt4wVBtaAnSpO40gCO5n/fYVfTSQ/ulBM8TWRcUzRf4VjGG4jhb9vbu2xS3oeSNETuSfQzvvwPrW4MqYT/ABPCLC5Upt8uspWXGPyKkAynnY9q1cfK5rZVm46i7RHxhygndP2pJ3DlKmEwOK66i5/scjtPW7LKcQxNlsurYDgQlpMEytR7xvpG8eg3qisR6+ZizGHWcJbatXlHyBhoKCUR+YqVO/sBV0+RDHpvZTHjzntItnGnrfBLd25vHm7a3bTKnHFBKQPnWTutPUtvOuONW1ks/grQENav1k/mdI7DsJ/rROdMx49mNpLWIX79w4yN06pgesmEIPqdzVafhhbPfzGkrYKpKUE6Vq7anD+b6Vllye6pGrHxuruRqro7mdeYskWRdcW/csSy644PMojcH/SRvU68MqURp37VT/w5Xfjrv7TQdRKVydpMGTHb/oK0I1guo6jvWjFLtFFGTH1k6I7+FUVgx2ro2pHKd/WpMcGITIG54pE4YVzq5G0VoWjM0Rl61JJ2g0Oq1JB8vzqUO4edJEUCq0LZIO5ogI+WEkEafvzQztudRgRT4/Zn80b0iu1/w7GoShjdakgRtQjzBTuN57U+O2kJkDeaEet5Ow+dAg2IbUORAPY0k41Lv9KcVNwBP0rhTZJmBUD4WkWYHFJ/h5JJ59Kdgx5FGO3ek/wpV22rYclIazbaidiY7V2m1JgFMU5psiU7iBPPrSqbVSgfQbUApDUbaNjuKVTajVPApx/CSQBz70T+BCY1CNqljdRnbs1EzE+gohqxJGrvTu1aakgjge1EIsNSZ9DxFAZIbBYBWg6e0muzYEx5frT2mzkgRsKX/B6ikBMUHodIaLewKY1AmfajGsKiTop4Zww7T9qcEWflAAMxxQHoZLXDNaRtx7U42uE6kwUx709WeG+G2PU0exh5kCgOkRk4TpkkSAKwV8QiFL6pYwuVpQhwAecpIgevH0r6TowhLgMiayD8WHRx7Bbv/iC1Q460+pSlFKtABmSkkek7e1Zs8XKGi/FUZJsyXhzhRcK0qJWd58PePmg/0p9y/Zuu3Ljqm9aQ4oLJQfKZ33gR9VfSmq2uyL8oTbs3ASvcFXiT921VJHLZWHqbxBu1catXIKlqZ1Jbd9tXhpCTXn5Sf5O7jRKcsC1LLCluILUq8TWoDSJ32n6/0qy8l5QzDkzNDfgv2yXmrlDiPxKylLza/KUJVG8nbfYEz71TS2Xksm7tXklDh1O+G+lzwlTyUNukBJ9wflUxOecRzJkvD8LccXfnC1ktoTqQooCYABmCDPMAgJA32jJLJPHuJpjjjN7LU635Qbz5me3GIW9zhD2FWboDF/IStxaSUkBMpj8vmkbesAVTd/0dxizbW9Z2VzdsJaS+6u10vBCI/MQncAATvGx5q+cR65YXnrDbZWMYSjC7y0tW7Z1y5uPHcehKiE/lRvCRuZJJ2FWl07yT1Scwi9xFuww7A2LyxRh9jahbaQ2zKyVrgfmUpyeJ2Ek0i5ObPlcVFtfpD/HDDjTdL+2YtuOm74wGxvGgi6N8vw2gHEa1K22SkKJneDtsdq1J0lzjfu5escujBXncxWzRaLZIaa8o2KlLII7TsTTDj/RTNXS1y4xu4yna4qvDXUXbV43iaEWrKUqCiFs6CSD3Jgcx7zTI/wAQOI9Qr9AwnA8v4PjwuDpvsUzGhpwrIbKkBnwtSmylCE6f8OxBANasWXJCXWX0v9/+9K8kYSjcdozN1fwK8xnFW7IpWu+ccNxiT2kobClbgAnkRuTxuB2qDOeAxir9vhbgFvb25laCJSqUiTsRJMnerj+LDMV3bZqXhqrC2YvyNdy9h6SlF24AAdJUT5Uwe3BE7xVIOpTguGOXdypCrq5IcUSjxEEDZKUkeUwZ9ySdhVVycnbLEo9VRHT5n79QIvblIQVuKT4oQSTGxVpnbYmAN4SZpq0tvvEspU48J1OuOpedH1ADbQ+8UbcsOLaddvRaoeeUFJaUtvU2kbAeeY7mB68U0s3AW+lJc8cIMhIhaR9BIH+mrl+hGXN8NluRm3ShOtLnGkGPyneTur59619bYUSgSiPnWa/hnwldzm21WhJJOtaiQTPlithsYarTBR+1dvCqjs5eSm3RF1YUSnZE0J/CUoJKkVOP4ZpEGgLvD9ExuK1oxyWyEXOGAydO1N11hw7pgVNl2SJI7c023lgmT3o6FIbcWCSmIH2oFWHahMbjbepa7YQkgjnuKAetIEAT70oKIo7aaVK/2oFyzB7c+lSd+yOmSI35oZdmCAO9RkojDtkAdxt6UOu0SnipE5aAKJPNBvWg3oEZZ/4cqiODXarbQmacvwxmY8telgLTpKSE962nKSG5FsCgGlW2BB9aPNsgphIMCvU2wTvH3pQ0N6WAFTFEG3BElM0e1bBXYfOlvwwU6Ext7VGOkAMWighPkme1HtWevdQj2otFmEE9j70Y2wIAmT8qAyQExagEgDel27EEz3HIo5i1iDG3yoy3tQTMDegWJAlvahRCgmPSacmrUoMkT9KLYtAraBA3o5m3CoBojpAtvZ6lIJHPanVqz0jYCfWv1taS6I2jvR/glB2lRNCx6BmbIa9/pFB5wyPZ50y/d4XfNpUy+iEkidKuyvoakrDACR5d6NbtpEgSKDVjJHyb6y9LMU6ZZvu7YFxpDayEuQ4fkEhJGxER86a8Ecu7m0/5hLqmVAhaUWiEApj+88oz719P+qXQzBeqdgsXLabfECkJF0UlUpH6SJ/fkViLqb8KWZunFw7dW1gLzD1LVu2204pccFK1IUU/UA1xeTw5SfbGdLjchR+iZUS8OuLNhTmGqRiVm2D/AMmXQ64yn0bWoKbSfYAnbY71Luhmc8MwPPKLldqxei1bU+/h62ghS2wQFpUFFW5CjBj3gU1WKf4aoMYhaYnMQtpWHOXEH1SApDfryDXWMYS3iuKYfj2W/wCJpcwsufiRjSG2jcAmNACeJEgAg1xskZx+5UdaMoy8dmrbnHujuZMUwbE8Jy05aYleLuLQC4eDbVtcIbCkrLfiQokrASY7nadqqrMvXTPeZcDey1h2Lm4w/EX21ptbe3hy2QlSVApfkBKZSDB39DFQFi/YQzcuqbdVh3lKkoWUuNLKfKHCAdBBUYJ2UJG8zT7lDoZmTGsJuMRyriaf4bbIWtavBTcMIcgKCCjWHmhBVJIKZTtIquU8kp/JF1/Wgxjj6dJf6XD036n49mHErsZ3zOblt5hVg+3iFmyywlv9Ep0wsqISCT6kR3qW5Azf0UVmNeDO4Rl9y+S4Ui9tcFaLSDAUklxKY3nYjbymSIqgc39FcTydjuEWmacyOOvPjxn3nEJtra2b1aVFtBJK1QowpSjHYA0ji+est2P/AIJlxLn8N8RDilIbVL6x+VJSoanDBPuTEH0wLJKGXu3e/Hs1fFCWPqtftaB/ivzFhR6n3Nrhi3b+8guoRZ23jLWtTi9MgDiIiCPnVJ5csru6xxd/jVpcq3hpi1ZWtbStvOS2or1CDsZj1qU5nXeWmKP49jdwhprFrhtQDQ8dFqgJ0thSm5WFgBUkHmdt92XEc5tC4S3azjToHkddsxcoHYbqShY+tdDHGTWkZptJrYNnXEcJvLxSmitlbcJUpb16Cdu4UhRknc796ZcHwg47iCEsIStoEfzUuPL27/8AmH+gp5wzp/mXO2JNrRh67dDqwEhtKyVmdoSVK3P/AGK2J8P/AMJK7JFviWY7csMAa0WhlLi1A/rBGw9uT7V1+Pxp32mYM2eP2xHP4a+kYy/l9GM3TRTcXKIYAVOlr3Eckirt/hxQYiKlH8NSwNLYASNgAKGettO4iTXXSMNkXesxq3Mmm+5w8EnYETNSl2zSkqpqumgEmBvO9OUtEVusP1KBQJFNl9h+xjYxUrUgCR2+VNl00lSlAigSiJvWsAJ51Db2oB6zA1BQgipNcW4kwJim66t5BMTHrQ8ARt6zkHam56w3Ij5VJywIO1N7raQonmp6SqI5cWEaSRJoZ2xABgbmpBcN6jBHyoRxop8ppSUWIGlBPI27UnE9+KO0c71wq2BVpTuea2s5SE2WD4Y/3r1bCimZ3HailslCQTxXbDcqOoR86Df4Gr8g7FuAJSN/U0SyyAnjed6IRb6zAER2ohpmTHA9KA6QKGSUydyaOt2NJnkxXRYladI4ohhkpmeJigOkdNsqIiYT60Y20GwY3FeNMEpjaigxCUpJn3oDCluySSQdu9HNt6ymBsKRt2ggbnmjWgGyIkk0R0FttgflHbmiAySQewExXLCN5BJ2otlAKhqNShjtlAAPvUC6vdbsK6MWOH3OJ2d3fN3Tpbi00fy4jzK1KBAMxPHy2qxW0A7SN/WqR+JPodivVa2sbjDbnz2SVD8OOXJ34Jg8DiD7niqsrkoPp6Wxq128LU6f9RsNz9glniFozc2SbpJW03eNhJWAYJSQSlQn0PzipgG0uNlK0hSVCCCJBFYl6c51vOklpeZezab6xsbRCnmNAIUw4AfM3O4nuO87z3n+BfGflLMeSMJfscbSM0KcSLjDnmS0E6TCwpR8gSeygruNhuBzMHPW45VTRsycVtKWN2mXvmsYJk/LmK429h9ky3ZW7lwtQaSgq0pJiQJk8fWvk/imKtdPlficRDbi8QcUsYdboBcaRqkDffTCiN5JjnY1pjrX8Uz+bMtv4NcMqtsWF8hxvC8LKXkNshKoNy4rbVrCSEwBEGDsaI+Hron0lx5aMZzHjLWLZjuSp17D7x8p8HURpSVHdRA22MGfaqs2SHNkoxei3DF8ZNyWzF9q/mzG83W+K5fs7vAWEqLJudOhJQTsHAdlzMFJ2ggRVtZezBmDKF87cP2DyTeAspXaXqrRF0qCILCUrGmd9ggQR+WROj/iPzHhOLY41lXBU2mH4FhbhXcNWaQ0H3ymCQUx+UeQEbzr9BVMW1qw6w+MWvmMMuXGkN291cK8dd2gwAAUyWzqVBmIAUobSByOXDFF/FHaOngU5xWSWgPqZ11zbn9pvB7rCcKwYuHSpdw27duM7bKT4kNlRB2gH6VSeFJf6e5kuTmli6xK6eU2tnEmHFAMNEkLGhBhPuI3Ecd9JN4XaZOw17CXLC3zDmpTyfCsPM9bWzCxvcl4gSqVoIBMyIjzULky4y/l7GkWuN2rmY8MdX4eIOXydbraXJBcQRMFE+WOyT3NU8fHiT6yLcjnVxIhjOM5czbfZfxLKSWjYWaLV6+tHw6taHA8sKBSQUK1JE8Awfvu7J/SXpdmTCWsWwjB7S7tbgeVaHHISRykgqlKhwQYI7is4dQvg5wTDrp+9ypj9ui4ISpm1S/ouFgiYOnY8bTE1Bck5mzXkG4dtsTs7nDba5SG373B7hS1obTrUpS0yDq/8tMo3hJ2J57KmuD7tM5ri+V+Ko3zYZfynkx+3t7SxsMPfUklshsayP8A1nf7mmXPWdm8Jy7cYoxiLNhh7SlIN3oDq3Sn8waSfLtxqVInsaxb1G+Kw5WuCm0vk5hu3gpzxW/E1IQQQlGtcbggCVNgwAYM1XSOtmZc8ZJssDW6865KpdVMW6FHUUI+pMcwI9BVcufmyNxxw/7GXFxwpykbR6GdYn883d7ZutYxjCEur1Yu6wyi0ZIEhryR5oIPBO/YVcDqkOKASJrH/wALuL3OS7j+F3N0q2wd5RcLKLYK1vEASVAahsB68VrptBA2PI2NdTB3UEpu2ZMvSUm4+CNwgwe1Ndw0dJO0x3p3WlRBPIFAOoKyqa0lFDDcN+IJmIoK5tSUyfSnt+3IJA49KCuGyhCgTuKIKI8+34ZkDbvTY80CZ7VIbi2mdtopsWxMggUAUMK7edSUiKEfsoSdvrT9cW3h8/cUE8yCCQSZoAqmMK7fxNgd07TQb1mdRAp+dtgNxt3oVbOkz9qgaJjo1rEQB60QWUo3EE+teMpMkSCaVEnsJrbZyEJKRqkEeWlGmgCVKkzSiWlKJngV2hsqBJHFKPo4SCnjk+lFNJ0JBOx965aQBBIjeaJQJkmIG9LYx2w1qVqojQlKAADFcpQfB1QBO1FtNhKQk+ap6FI7t0AJBoptrzaiYjgUMyDITEn2o9CZSBFRDo9SgqRxAoxhGnR3HrXDbYMSe3FFMo1BKQkjuaIQpB1JIHalUgggxXlu2NJE70sjdQ4qFiCWhIT/ANKLaSANxNIoGhKQImlmDvpM0B14A4/lPB812htcYwq0xJhQgouWQvb2J4+lZf66/BfZZovV3+WbJrDkIA8JixSEeDGnYImDvJ2iN61wAQPWvaWWKM9SQFKUfGfMvN3QvO/SvLbOBv4FZPWaXVXCLxhJbuHlK3OpUlKiBAiRAAqCZYzwMm5mtVYhh95aGdC0OsqWHEnZSfICTM9t6+suKYXZ4zZOWt/bNXVsseZt1IUP+/evmH1evMzWPUHFL7CMFTZYU08pFsu2/nqQgbfyysDzHuog78dq4vL4OOMLxp3+jfx+RPuuzVFq41nPpvjdu0u1zbYpxstoU/bvKBKlADyqacbUpJSAkQoIk6iDEVZHTTIuD4+DcW2I4Yy4VH8R4dklDY5UG5BAcST3TtAieJwW9mZtpq8TiGUbllD6yFoQwVvXYgyXXTvBJ35J3kxsX7COoGWMIwVli3yZbYrirCvFtbRNtpZaWoCQ44dzEJ4SDyARzXEjx5Kac06O08sXF9ZbN45xyvlrDcbs8PsGcKN5falhhkLbSlIGxX59M6oUVKiYpr6g4v0mybginrjF8v2dxarBV+BfaNyADABS2VLgmCT6ACORWIsv9R8esg+M45LssbbJdcZdZskEspcJJQAQfKCo6SCFJ23MCGfFep2I3YfsrLLy7ZIJVb4kzbhu4mNg6N0r7A7AGAea0/C05fQ9/wCGf5FUfr8/00n1X+MnKzNyW8oYRevrcQYvLa2caacKiVAhTqUqneQdJA7bVQl1j+e+obpW2XMJYWNJUhalPKH+JZM9zxA9qZMJzTn11TKRh7a29HhvNm1SWnkyTKk/pVvymOPXeto/DrkezwfA3sxZxGCv4bpR+FU0646oL7haSlI/ykE1oxcWM59ssXf+CTzyUVHEyhOl3wx4jmfE0oDBvbkALcdfWBpHEmTx/wDFawwL4Psu4Oppa7151AA1oS0lBUe8GTA+lW3lTPOWc1XVxa4LesXDtqAFNoQUEJ9QCBI7bcbe1SV0jgbV3IQhFVE5c+yf1+kdwbKWF5ctG7fDbBm0aRt/LRBPuTyT86JfbCVyOKcXVkJISeKb3yVokmDVlCArqfKf+5puUkpB257TRr70g9ooR5cAEH6UAgV2hQRuKbFI8QE96d3VaxudhTb4HnUAZ9qhEN7iOx2FNr7SUKn/AHp3uGtS5Mn2pvea1J3O49agGNFwQ4owPnQavK5pjanZ22AOreeKDebh2RsB60ow2uIBCpSRQrzG4795p1UyoriJ96QUxqBMUKFJQ1bo0lWnf0rstgAwIFEpYkhMbRJr1bOhMxBitpykgdpGx++1dhEjk7neiGbYjedq7CQghP1NKMjlLCIAPzFehAbJgagaXS2BvHsKVSykJOqCagUesNS0Jgj0ohLYgq+1ctoAAAnbmiAIRvt6VBkeMARPA9qLZSNQjikWWkx+Y70W0iBI3A2JqIYUWkJb1CQBRdrHhDYz6mhmzqUBphNHDSEhIO/eoEXadCd4mlAo6oSNpmkEbEDeiW1jVvsOwFQdC7OokzI9PlRDC5XM7J9aSSQQZPIrq3CVlSSIg/eoMGtiATr1A8Up2ocEJSANoO5pbWJEb0UwM6Bmo3mjp7geb2Wmr+1hLaiseAdBJPMxzT+4+20RqWEn3NCox7DnUqU3f2ziUmCUOpMfPepZKK4xP4a8n4itBS1cW4AhSUqSrV7yoGovhfwj4KxiAfvrlp5kGVIZt9ClD01E7far1t8StbufBuG3SACQhQOx4NLFwQd/lQ6oFFVdQvh7wPNzTLuHIZwu6ZaSyEhseEtKRCQQNwQBE+3FQm3+Edk24U9e2rdzqIIQ0VJ09jOxnmtFhUgwOK5WuQI5qUidbZTdj8M+XrC4ZcVcOuNhEONhATqMRIUON94INQfrf0hTknJC8SwW5uH0t3CfHacgJSgggK2HIUQP81aWWTHP2prxzCLfMmB32GXaZt7tlTK/YERI9xz9Kqkk9GnE/jkpIwL02zveZLzfbYolw+I055252cQdlJPzH9K3thuJ2+M4da39q6H7a5Ql1twfqSRIrBWOZCey9mDELTED/NtnlNEDYHSYn5Hn61ffw8dQE2yBlu6eAZVKrQqMaVd0fXkD1n1rDjfxy6s7HKSzxWSPqL8cUULUqQQrtQbyYSQT9KUXKhM70g+oqitpxwO4QSQTsI9KFcSYISBEUVcnUkxJIoAhapMEUpLE1lJZgggjY0G5pAJRse5otSYVB2ntQl0AQYO/eiFAZgqUD9DQbyEJSTwT2ol1QSByN96RfWgtgjegFjU6HPE2FIXKdQGoxNOFwnxCAABA2oZSNoWPvSksFcTpRE7xIoJwEjcgA9qOcnURwBQ6m/ITExUDZNEJE7GK5dTqPyr8AQoQdzXvg+ISTzWz9HJO0EQUjjk1woJkSJ3gUq014epUmvEA+IVFE+k9qDCdIVpUElPFEFAWJA4P3rhswkFQE8UQkbTEDmgE9bI3PB7ClT5+djExSCfU80uN1jcTFQY7ajZJ2neim1FKdKeDSKGQFaiST3pVskJ9u1QIQ2uEwdj6UsyYcEp7UIJ1atzBpdl7U7J3PtUGDwSjgTXu+qFbUiHlajtt70q0nWOd/U1AoJEpTA3n2ohtYQQQJjegw4UmBx6174oabJVsB3JoDCt/ilthli/e3r7dtasIU4686oJShAElRJ4AFfPX4k/7S29tsWewPpim3Zs0EJOYLpsrW6YMllogQnjzKmfTvUH+Pz4vHOoOKN5DybiD7WA2brjeIvMKKRfvJVp0Aj8zad/ZRPcAE5hyj0HzXntTLz7KsOswAEuXKTrI9k/9YoXGKuTLYxlLUUP+dfik6jZ2bBzDnfFMQaKpFuzcJaQqD3S2ABz3H+1VsjO1xbOu+Bdu2o/Upt5UqHuR+b/atD4J8HuGv6UX2LPJUf1oSBH0q98hf2dPTnMmGtLVnUG8SnU+y/bQUfLUoA/Oq1mxz1HZqfHnBdpaRiTp71/zz06xtm/y3mm+sC1IKFuFxlQP6S2qUkH5bciK3d0C/tQcJure3wrqLY3FvdoTAxTDmittwAGStudSTwJBM+1JZ2/stct4fgRurbM6La5aSVutqQoz5RxuJMyeB9aytnn4RsbyxcO/wjGG8QDSjCFHTqA7ft+9GU4xdPRI4ZTVx2fYjpz1gyn1YwdOJ5Vxy0xe2KU60sr/AJjJIkJWg7pPsQOKluslI3mvgJlrqD1C6HZ7bvsNvLvA8Vt9KYUPI+kQSlQ4Wk8wa+iPw0f2k1j1PzBh2V87YWxgOL3X8pjELNalW77v6UFBkoKuBuRMDaaNlLj1dM3QpflJFINK8287dqSbvUvIBG6SJB9aS8VR3+lEFmd/iby8mwxq1xlCYbvW/DdMbeIiAPumP9JqkMFN8m5S608WShQWhxGwEHaD61sjqbktGfsn3WGq/wDqUEXFsVHbxUzpB9jJB+dY5xDEF2F0tlxJacbUUqbUIKVDYg1z+RHdnX4eRNOLNhdOs4f8X5baulrSq7a/lXIAjzD9X1G/39KRzJ1CwLLK0tX9+22//wDiT5lfWOKoHpP1A/4ffvVeMPCeYXqQTsFgEpP0P7E1WOO4vdYtcOXKnFLLhJK1GTNRZ3016Uvjx+RpvRsvAM7YLmpLowy9S+6gStogpWB6we3ypPF8yYdgKUnEL5m0SrgOrAP2rEFjnDEsm3IxXDnCLu3V4idzBjsfUHgj3ojMPUi76hW38XWuBcqLmlKpCP8ACPlxSrkNra2GXESaaejZOF5ywbHX9Flidvcug/8AlpXCvsdzRt8+0wrU4tDaf7yyAKwdh2M3mCOfi23nEuI8yTqMg1JnOp99nfBbe9u7txVwsebzQBv2A2FFcj8NbC+Hu09Gv1LbumtTagtJ4UgyKTShKkGRxWRsqdWMQyDdlxL67m1UZct1K8qv+h961PlzM1lm7BGMRw9zUy8BKe6D3Sfer4ZFP+zNlwyxe+Cz4IeABEUO6sGByQYot5PmTAkjmh0oIWswJO8VYZwVW4nb61wNgQY39K7eAGuNh6UkjUrkCoQlpBSJPPpXSXUjy96SUCSSTP8AhNespTMndQrWjlhCiNBTBntSjCNLZST9TSCV6VyTzXZXOwO5qBQoHBIBG44pcOFz2ihIJdEny+1EtHyegoDJCyESkGdq7aEkkRSKJWqCdKaXGmfKSKAwsFQNt52NKHfQE7iKFSqYjYGl0Hw0wdyagaCUKnUnuOaVt0AKMgbfvQ1sUpUdW9EqVt6fKgEUcVxudzSrbgCilJJ2oYg6ionYDYUqydI1DvUsYJQsTudqzP8AGx8Qyul+TUZZy884rOmPxb2TTKCVttqOlTg2id9IHqZ7VZHXnrNhvRfp9ieP3qgXm2ym2YJGp50jypG478+0189ukuIY31m6lYz1MzS5+IdSvwLJCh5G1RHkB4ShJge6j3FJKVIshHsw7pR8OdrllDWLY6hu8xtQ1HVCkMT+lPqeZV9qtRXhWXkabCR7U+/iUJaIjb1qLY5doCpbMe1cjO3Jnf4yjH8CoxHw1gg708YZmR+zcDguVp7bHiq9exJaFGCefWkhiLziFbmDwKyJuL0dXTLSx3qxiScNetxfuuJcHmLiyraI7mqxezMu4flxU7xNBvNPvkCAR6UO5YFtBUqQfSpKcpelqUUqSP2cMq4Z1Awly1vmULUUnQ6kQtB9QayXnHI+KdOseAStTaWVh23uGiUrMKkKBHChtxWtrG5Uw4BMJ71HOquCW2PYGrxGwpbYKkKjcGtfGzOL6vw5fL48ZK16Xt8Hnx33nUDFsFyJmiz1Yki1DScVLoUq5WkgSoQNyInnffit0tPpc8wIg7j5V8CMLvrzKWZLfEsNfcs722cDiHGVlKgoHsR2NfYH4UuszfVzpdYXLikIxS2aS3dM69ShyArjvE11zz7VF7FRUDEHasifFPk1eXsdTjtm3ps8QnxQkbJfA3/1Df5hVaxQtQBBGr0qHdUsqN5zyNiljoDtwG/GtwRv4qPMmPnun/MaWcVJUPjm4StGMenRdbufxd2NKAfyK7j3r83h71zitzh9sR4ZcOhwnypSTtvTtgmC+O4XH3fAtRvtsXAew9K9zFjtjhTXhWrTelI2nufUnua5kusXR16llphV7e4XkXAbi3aIfuHkw6pyJc+ft7VTLuYcMsbh9qzQli3cUXQyg+VCid49BPauMz5oaS06tSvHuFTClEkJ+lUniOPOpxxC0KJQ4koO/BBmldX9Jt6L46kXIvMaLtKkgwOINNeVszs2mFqYcXoLS1Ij5Gobh+KkpJJgio29fuM47ctJMJWfE0z68/vNV1ZWlSotDGs1MO4W8oEqdUoISkDfnf8Aar1+GLqOvDLg2F+9otLtSUBBOzauyv3g1k9/E0NWDSlBRJc2AEk7VYmQUYk423dsrTYtq2SpQ1LP07fejFuLTRZPGpwpn0acc3lPBGxB5oYoVBVMK9KgPRXMD+M5act7y6VeXFmsI8VcBRSRI29OR9Kni3NK1bGK6UZdlZ56cXCTixBaQpMjk9qRKwogQAniiFkEiCBQxSStQO4oiEnZcDpKuDxNdFITMGSe9DI8iiE0s2vcDt71rOWKpTuDM+1LN7CYE+9DpcSdx6xvRCFAo3okOG9gSRJJ5ohK4RFJAgJhIBPFKLBSAkCaA6FUqJTM7d6WQSEyRA4ApFryilXFBUDigMj1vUVz29aVJUTA9KSDfAB2rtC5JSTv2qBCWFyAP1Gl0LUQRyKEt29JkK470QjSgebeeIoEF0lSlpHAiutWklPIFIh4JXq3gV044Sk8Hagxj5pf2jWbncZz9hWXW7i6WzaJKnmihSWdR3T3hSo7wNiOafummHt5Xyfg+HtCPDaGoeqjuo/cmq3+MRK8T+KF9hRB87CQlMxvt99t+1WYnFLTBbIP3j3hIbTCT3JA7VTN6o1Yyc+CS1KiAk+pqHZieTbukBwR33qrc4fFLb2birWyty4EGATvq+dV6712u8afWp1CWx2AFYcuOTWjrcbJG9l2LuUFRc1yPei7e9bCAoqCR3mqkw3qMzdthKiAv50PmDqYxh9rpW7pJ4Sk+asfSXh1O8UrsuRzN+H2C4uHWm0D9SlQaYb/AKs5XS8pv8chSv8ABvWY8czLiGLuLUpLjbbnd1RSftQ+FW69aiLVh8q2Kl+IT+ygP2rVHjX9zMsuWouoo1JZZjwjHkzZXiFOJ3gmDRl7bfi7RxhwSCnhVZysXr+wKfwyba3jcabVJ/czUmd6k5rtLFx4XVldhhBX4b1tpMDmCkjtT/B1f0srfJUlUlRBuoOBrwPGHWVo0gqJSqOQa2X/AGYec2Wncx5bSwEOuEXJf1iVgCIjkx27CTWTLvNFx1Py7itzc21sze4aEuAW8ytBmdiTxHr34q1v7PnN91lzraMOQ6EWuJM6HUGYUUmQRHff/wCa3xvrTORlSbuJ9Zm1qTIHpzSTjhJEbd6/eKVND1NcnfgfSnM5h7rVjAwLPeYLXD/LZNXKoSP0kwVAeg1Ex7VR2N5pubiVrXInuanHU3FTf4/jN0d1P3jq/nKzVS3aPHLiXRKSeO1cnKl3PQcb7djHmXHCGpEqUswSngetRLErZ123Q80lQKDqSadcUC1OrSymWSqEDtQKsUuLJtNvc2rjaVcOFMpiooo1SdoRsMXdfSkJUEnuDRXk/iLNw6AE6ShSif8Av3pps1NsXRcR5zq57U534N62kJTtIJo9aK1tWOQuEXK22WP5iQqQqrcys2+zhrSdAVpH96KqvKmEJFyjWgpM8VcOGKS0hIkAxwOBVcnRpjsuPpBnM4Di9qi5UUMPnwHJOwBOx+hj960k4jUJ3IisRW96u3IUVA77e1a86c5hGZ8l4dfFYU6W/DdP+NPlM/OJ+taMMr0zjc2HWXZD2NzBpPQEzJ39aVUrQvY1zcGU7DnvWo5w9oX4fImd688Q+bsSaTUdpk16ghXbf1rXRzApglKZUAe9KJX4ioSSBQ6nCSUgbcUqyTq0hO470SBYKU8b1ypyVAAwTzQ6Qpx0zwmlFqSG5AJUKAUGpWAPeu0mTqO5oJL3CeTS5VKUwI96A6CEqJJHHqa7ZAE9ie9IITq4NEJ0hcTUoIqyrSDPFKpJIBG0dqRH5SY5MCiQISkgjYVCHCidQMz7V1cLQ3aqcWoISkSVKMQO9eFX8wcGuMTtkXeGvMOp1NOoKFAehEGgE+WfxC5iy/m/4k03eS3W8deS4C4sLhp11EzCz+gBI3EzvE7VD88XOY8cu/BxDEmmmWpBYs29KAfmqSfnROSunF/kfqo6rEULSltN6ULcEavBect1Ef5qSztirFo8++pQQjVseZPyqubjFqi2HZrZBr3Jts2wp1xSnFkTK1Ek1FH7C1Ze06UmJG4p2x3O94+C3ZWwDXBUpBK1e9R6xsMRxa4hRLSlK2JTwPlVb7PbNeNwqq2KHDbh+8tbbD1HxbtfgpQpRCQYJmewABJ+VL4jlC5yxi1mq4vbW8QtUa2FE6VQYBBH2PtUgwDK1xjPUbAMCtHSh3w1u3DyOW0EEE/OJH+arT6v9JrJGW1Jwu3LV/ap8RKpP8yOx9zVc8qjUTTjxOdso29cWHipXA5ntRuE5ksMPCVPOBJJiEgn/aucMat8ew9tbwUhf5HArgkevpXWI5StnG9CUwhJ1QkwJ+YpNPTDLslpDonOWGOvqCXCkJ51JIiiLe8bvG3C06lxJSoED0io3h+TgqUoQpQJklSuamCMvWuD4DdXTxQjwmlEQYkxsPeTG1K+sfGMu81tDllbA8Jvss4Y54n8NxBthIF02kErBTBSsfqSQTINF9AcWYyT8SeAOspP4Y3ybdSEOH+WVEA79wCZHqmJ71MclZfThODWLbtvLwYQFyncHSKYMAwyxy18S+BXV+s2uFvvM3q1pTIbKAZge6kmR71ZjyW2mDNhqKaR9drU6mxJ9xQ2LX38Pwu9uSd2WVuT8kk/0qF5S6z5RzZiSMLw3Fm1Xy0ktMOeRTgH92eal2J2qcSw65tHCoN3DS2VEcwoEGPvWlNNWjmuLi6kqPnLmMquy4pXmWolSifWoBjDD8IZth/OeUEJI7SeatHqvlq+yFj95hGKIKXGzqadSDpebP5VpPcH9iCO1V9h2LpbuVvOIGloHR6lRED7b1ypp9zu4JVESt8uMJCW9IVompC1lzDsWwvwLpsEjYHuKa7W/bUiQYJk/vXdvi5SrQDCeSahti4y0yGY707Rhd26ps+I1MEx2oW3s02RbadALatkqirPcu2buz8NUEqEz6CoTmaxGtltndJ8236aDkTok9BOCYev8YjRHFTLDwlkadBUod4pgyxbONNoW6YJEA0+ruHW1/n1J9aqdsvhoXff3hbh1DjetH/DDihuctYpaFeoM3AcE/4kx/7ay0vwn3wpalif7qqvX4ZcUawjGcSw1bxUL1CVtFZ/Uidvso/arcTqSMXOinDRo+4ABJO08EUM66YEnaaVErSUk7eppDwkkkTIJrpHnh7WvyEEc9q7CSG0lGx70hqKzJHFLpeCdMDc81so5oohWlXM/TvSlupTbpMySYE0K49qO20Gu2HQCST9aAQpIKSpXqa6UVQd4nbekUKCzsqa9uHTI422mgwhDACQokaie9EIc1Qk7nmKBQ8UDYSPaiGFrWtKlbD09KAQ5KiJ7HtFKNOayPX1pArk1zarUpZJECoGxwEIgEzRCFwj/agFOkbczSiHVBcciiAImCCe53Fdre1pKTwKGBM896jXUrM72SMh5gx1lAdfsbNx9ttXBUE+WfaYpW0tlkU5OkY6+L/p9i+Tup2HZotR4mVcRWtDqQY/C3LpSlYP+BxQbX7KC+J3pHGcGtnXVm7tlNxwVCQPlU5wjqRjXVx3F2M2XSsRtS0f5Tijo8yo2TwD6EcU33nSq5umj4easVbsAfK04GXo9gpaCdvcmsLmp7R0lilifWRVl3kpN/cgsKWtB7Tsa6cwnCMos+Lid61bL0ylkHU4r0CUjcmpHj2R7PCgUO4xjF6Byly7LaT9GwmmTJmW8Bdzkw5c2bDFhagvOCJU8REJKjJPMnftVPfdWbFifW0iafDJkh25xTGM5X9qq1eu5bYZfEFpgbJHzMEn5D1qxM9izesv5bkugkKEbVDca624QbpzDsMeZtdIADSVRPsKhWYc/KebUS4Egc7zVOXb0buNGk+xGcd6dYna4rcYxl1CPBcM3VmsShZ/vADg+sU02bmIYopTSrLCmnEHSoqLkg/ICnvBOsBDq7fwHkJBgOqQAlX9f2oHE8QavcYVd24CVLA1lI5NBTfjQ8sMXtMeMLyK9fbO43a2STt/ytiVK/1LWf8AanhPS7DsMeavXrp7GHm/M25dGQg+oQPKPtS2AWbdxaocWpSFntUktXjbkI8TUDwlQkUjyNsdYYpC2F4sGUAKM+5FRnqPZm7xDCcRYTDiAtpS+IBgj/3U+Yy4XkBbSACIntFNWZC5dZYfcBGu2Wl4R6Awf2Jo2wNJtICy5it5lbMuH4tbOqF3aPouG16t9SVA/wBK+qOF4w1jWC2OJMGWrtlt9H/pUkKH7GvmblvAU5gawtLbZ/F3BShtCf1lRhI+5r6R5cwpOW8s4XhSHC4mytm7fUf1BCAmf2q/iN2/4Mv/ACdOEH+SN9XOlWDdWctrsMTSWbpEqtb5pMuW6/UeoPdJ2PsQCPnt1P6bZi6SY4cPxlglpZJtb1oHwbhPqk+vqk7j96+nmyk+oqP51yXg2eMEfwrG7Ru/sXhBbcG6T2Uk8pUOxG4rXPH2ONjzPH/R8sf4mofqMmibbFB5lLJ0gQT61bfWv4U8cyAbjEsADuO4CmVqCUzcWyf8aR+YAfqSPmBVCJvNJDZ2HJBrLKPXTOpjyKW0SNGLLUrZRAJiJ7Uci4RcNlRMq4BNRLxS5CknyzMTzRLN8ojQgSe59KpkjbCf8kut8VOw1DSBAApZzFdCZn6TUTVeFpvSn83AFcB66eSQABPdVRFjmlskLuLBJ1qX9PSpXkLM5scTYvW1LD7a0qaUCYBHcCoDZYWy6tCn3FPK7J7fap5gzTVskGClZ4A7UmkLKSmqZtzJuZ05rwK1vmwApaYdbH6Vjkf1+tOalBGr0B71nvo5nb/hu/Va3Kz+Cuvzb/kV2V/T/wDlX4pwPI8RKpSRIIOxFdLFPvE8/mxvHIkCHUlXtXeyVg0J+Vex5on80EccVvZxzpHfaa9QoJbPoTFJEKRJB5r8ufIPagEIbhsgJJPefSulqDhA1VxIgmYNJBZKtxQYUHttAflVxS7a4gfSggDEavtRTRSlqJ81AgQp8AaQJI70VbaQgqJigEqQnVvJia6U/A2MUSWHlwK7/Kum1wrbc+9DIUUpQeZpUrCQQOTvUIFNrlIJMe1RrqjgrmZenWZcNbT4jt1hz7aExJKigwPvFPHjQREzRIWVtHUqNuBSS+pNFsH1kmfM3pxh6rVF464nSCkCDzseKsk3zScNQ3KUEjcK7VNetvSZGR8cucbw9qMFxElTjSU+Vl4mSPkrcj6j0qoMSvh4oSlB2TBJOw2rlpOCo7c5rNPsiN52dbdSvSoKMbGofY5Uedt/HWpaAZMIO5p4xm6Q9cR+mdyaMVjLSmk27SoWkD5E1TBNys3zlGEKRV97kJdriCoXr1byqmx21Ut15gKK1I7jerIxrGrXBbgLdCH7tYlDRM6fdVRQ5itcOW5es2Df4pZPJJT84rU6rwzY+83ZEm7HXcaHSQZ2FT7LuBM/gE+KlI3kTUfTmpi7uNV8xpJMlxtMftTm5izXhf8ALuhTRGxSaplvw2Rbh9w/WdycLuVNJMonadxRr+LqBASfNUFtcUU7cNJUskzzNShtAUjWd1evpWZxpmmORNaJBY3rjjSfHPiap3j9qcLCxaecfbdHiMvghaDwQREUxYe8oI08EetSOxcGpJO80yKJPZZ/w4ZDucR6p2D1y0VYdh4VeIKfy+WAgfPUpJj2NbbWBrEnnaqM6GdGMU6d4orE7rMIxSyftdLLAYLavPCpV5iNo7VeJcCUDVya38eDjF2cfm5llmqekeaikkJO1DuHyqJk0mbjSvbadt69UsadU7VqOcILQdOsfm9azl8QHwp4Znxh/G8rstYbmISty3TCGLw8mRwlZ/vcHv6jRinAlW+4pBS5Qodp2oSin6PCbg7R8o73BbzAsSuMPxK2csru2WW3bd5BStCh2INLMM7ggaU+sVvjrp0Gw3q3hf4hkN2OYrdMW98BGsD/AO25HKfQ8p5HcHC2MYNiOUMausIxm1cs7+2VocaX+xB4IPII2IrHPHTOljz9kC6NK9vNPeiUtpUI7nmKR1DVsBRDPmUI+pparwuU/wCQ7DE+G5KQAr1qX4ZbqlBHmWajFgnXshMieal+G3CbNoJCpdI59KokrLsc6JNYKLKkBUJX6Crj6eZ8VYsIsb5epg7IWf0e3yqjLV2FBSlGT61I8Lv9BSlXekjN43ZdOEcsaZrdC9b+86RtXaSpKzudIPakEOlDYSBBnn1pQPlKYO816I8UFodgEq3rzWUrBJk0kD60jrIUok8UBg4kSpU7V0FhadcwAKF1lSSQYFepCiInaKVjBLT2sBXINFhYWpIO3yptSdCduBRKXAmAe1REoI8XwgSTNdhSSnUZ33oVawUnea/JeVqEnaoFDqxuDO221KIG+5j3oAXPlEc11+IK0JHE80QUHpd0uH0pUK8RMDahEgLQkiPevUvBJ8p2FKH8kB+IBtNz0yvxytpxpY/1gf1rGGKBQcVqVoEGAO9bo6kYYrGsj41aoBU4q3UtIAkkp8wH3FYNzNc6XTG0cVz+RpnS4z/BB80K8K2Uv0P7VXt/nteFOqXpJ0bCB3qdY9dh9hbZ47xTXgGW2nlF51oKBM6VCaz42dOatWVzYO5hzLdLuLfD7y4W6vdwsn7Ampzc5JxBdu14drclRjWlcAgf9asP+LowSzQ3bL8AAflSBTBe51JWsuXK5PAArS5LxF2GHbd0QHFch4xaqMIS0kjyh1zb60wOZczDaOJSz4EH8xbcJH7ip3f4v+Od1F5bu22o11aXqTCUoj3FUuaX4L5Y1+GRvC8Pu7Z9v8VuZBUe9TRF2EtpSD96FvChxEfq7bUzrvVpIBMEbVRJ9gRTgTLD7oF2CYqQ4e/qcSJ2naar2xxEpSBIJqwOnNirMmasGw1MzdXTTRj0KgCaEdsXI9H0ewNCmMCw4HcptmwQfXSKcXHxoAmBNCqc0JCUAJTEAUitxUI/euwtHmpbYu4RO9IouAUqgEgVwtUjUdopFhQhZKvLRYEEJeQr1NJKUASqdjXKUiSUq5pNSyhBHO+1AJ6hetJ/2qr+s3RrCermEhLwFli7AP4XEEJ8yD/dV/eQT27ciKsZ1zQoADeklu6kwTBNBoZWtnzRzXlnGchZhucHxq3/AA92yeeUuJ7LSe6T6/1BFC2Tv4hwJWoBJ5E1ubrb0hsuq+WlMqKLfGLYFdleEbpV/cVG5Qrv6bHtWE8Sw6/yrjVxhmJW67S+tl6HWnOUn+oI3B7is0ouPhqhO/SVWT6GNkfl9Kfba4CiFDbtuKhtnepIBBG/O9P9hdaolXl5iqGjX2JdaOayNZEU7W7xSB335qM2b+pIOrinhh0LaAK4NZ5xNcJm01vg6TwO9fi6FLBH5fSg3HxoDYM+9cJcgbnavRHjkObl0kqgSAK48YclJM+tBtL8pMx7GlW3QQCe29AYJU4SmCqBSqQNOkKJoHWVOEgSO5pdLoCgNoNQIYkhRSme9KOu6VwN6DQ6hJJB5NK69ZncD1qBCkLA+fpXIOpZ3oZLw1qEkjilkDcGdqnoQxPlTxJrgvFa/KPKKRDpB9u9ctO6VKPbtNAiHJt46D78RSiXJEEwaAtlKVvPvXbTg1SdhUCGFZUlSTwexrBvxA5ZXkjOd9aBGm2cPj25HBbUSRHyMp+lbqS7qk+tUz8UXThWdskLxGza8TE8KSp1IA8zjXK0+5Eah8iO9Zs8Oys04Z9ZGCX3PHdKe01I8HV4baUjj0qIOP8Ah3JJ2gwafrLGw3a+I0EKdEbKMCsCjR1fkTVDljVsXxGg8T86iN3l9y4dBSmPY8VYdpidrcoHikFRTJTNDvXFoAsoKSAYG+9Vu0zXDa0QAYGtCgkI47xRTWH+HO8AU/3uIttAkEJSPXvUPxHMKEXKpUEJHvSbfhfGSS2GPMlYKwudNMl60lKwoT967dzIz4QKVCD2mKjt3mVL1woJO3AAqxRZVPJEfbe7LZAjv2Nai+DfKa8ezwvGXUFVphLJcCuxdXKUj7az9BWS8LdVePgn1r6M/CHlxGBdJmbyAHsRuFvKV30pOhI//Un6mrscPqMefI1AvlSwEAnmkytIE0Ot0hInc0mq580H7V0K/k4wutY8OZ396QSgkGFSO4FeLdTBCtxQrTpQ6oztUYyCUFSQR29a4QvWSNyfWk1uQCsbg0j+JCTCYE+1KEUuF6lAxQ5UdckeUmuS74k70kSQB5jtRCdOKSVERPvVOfEH0Pt+puFfj8PQi3zJao/kvHYPoG/hr/oex9iat5a9KpgVwpyQSo0GrCnWz5ptpuMKv3rG9YXbXTCy26y6mFIUDuCKkFrdpAQAIPtWj/iQ6Lt5vs3Mw4NbpRj9qgFxCBH4tsD8p/xjsfp6Rk6wv1gDUIPf51klHqa4z7In9i/p31TT3ZXcAd/SoTYX2rTCp9qem7tQAgxFUtJmiEqP/9k=',NULL,'',1,NULL,NULL,'2021-10-22 16:20:51','2021-10-22 16:20:51',NULL);

/*!40000 ALTER TABLE `c_parameters` ENABLE KEYS */;
UNLOCK TABLES;


# Dump of table c_references
# ------------------------------------------------------------

DROP TABLE IF EXISTS `c_references`;

CREATE TABLE `c_references` (
  `id` mediumint(11) unsigned NOT NULL AUTO_INCREMENT,
  `name` varchar(150) DEFAULT NULL,
  `slug` varchar(150) DEFAULT NULL,
  `menu_id` int(11) DEFAULT NULL,
  `sort` mediumint(8) DEFAULT NULL,
  `description` varchar(255) DEFAULT NULL,
  `active` tinyint(1) unsigned NOT NULL DEFAULT '1',
  `created_by` int(11) DEFAULT NULL,
  `updated_by` int(11) DEFAULT NULL,
  `created_at` datetime DEFAULT NULL,
  `updated_at` datetime DEFAULT NULL,
  `deleted_at` datetime DEFAULT NULL,
  PRIMARY KEY (`id`)
) ENGINE=InnoDB DEFAULT CHARSET=utf8;

LOCK TABLES `c_references` WRITE;
/*!40000 ALTER TABLE `c_references` DISABLE KEYS */;

INSERT INTO `c_references` (`id`, `name`, `slug`, `menu_id`, `sort`, `description`, `active`, `created_by`, `updated_by`, `created_at`, `updated_at`, `deleted_at`)
VALUES
	(1,'access','access',16,1,NULL,1,NULL,NULL,NULL,NULL,NULL),
	(2,'create','create',16,2,NULL,1,NULL,NULL,NULL,NULL,NULL),
	(3,'read','read',16,3,NULL,1,NULL,NULL,NULL,NULL,NULL),
	(4,'update','update',16,4,NULL,1,NULL,NULL,NULL,NULL,NULL),
	(5,'delete','delete',16,5,NULL,1,NULL,NULL,NULL,NULL,NULL),
	(6,'enable','enable',16,6,NULL,1,NULL,NULL,NULL,NULL,NULL),
	(7,'disable','disable',16,7,NULL,1,NULL,NULL,NULL,NULL,NULL),
	(8,'Umum','umum',17,1,'',1,NULL,NULL,NULL,'2021-07-10 16:14:41',NULL),
	(9,'Himbauan','himbauan',17,2,'',1,NULL,NULL,'2021-07-10 16:14:24','2021-07-10 16:14:48',NULL),
	(10,'Anak-anak','anak-anak',94,1,'{min:12,max:17}',1,NULL,NULL,'2021-08-04 09:49:35','2021-08-04 09:52:39',NULL),
	(11,'Dewasa','dewasa',94,3,'{min:17,max:50}',1,NULL,NULL,'2021-08-04 09:50:16','2021-08-04 09:52:16',NULL),
	(12,'Remaja','remaja',94,2,'{min:13,max:17}',1,NULL,NULL,'2021-08-04 09:51:15','2021-08-04 09:51:30',NULL),
	(13,'Lansia','lansia',94,4,'',1,NULL,NULL,'2021-08-04 09:51:47','2021-08-04 09:51:54',NULL),
	(14,'Group Field 1','group-field-1',99,NULL,'',1,NULL,NULL,'2021-08-25 07:42:40','2021-08-25 07:42:40',NULL),
	(15,'Group Field 2','group-field-2',99,NULL,'',1,NULL,NULL,'2021-08-25 07:42:47','2021-08-25 07:42:47',NULL),
	(16,'Jenis Format 1','jenis-format-1',100,NULL,'',1,NULL,NULL,'2021-08-25 07:43:00','2021-08-25 07:43:00',NULL),
	(17,'Jenis Format 2','jenis-format-2',100,NULL,'',1,NULL,NULL,'2021-08-25 07:43:07','2021-08-25 07:43:07',NULL),
	(18,'KTP','ktp',101,NULL,'',1,NULL,NULL,'2021-09-17 14:43:17','2021-09-17 14:43:17',NULL),
	(19,'Kawin','kawin',102,0,'',1,NULL,NULL,'2021-09-17 14:43:27','2021-09-17 14:43:50',NULL),
	(20,'Laki-laki','laki-laki',103,NULL,'',1,NULL,NULL,'2021-09-17 14:44:05','2021-09-17 14:44:05',NULL),
	(21,'Islam','islam',107,NULL,'',1,NULL,NULL,'2021-09-17 14:44:42','2021-09-17 14:44:42',NULL),
	(22,'Umum','umum',106,NULL,'',1,NULL,NULL,'2021-09-17 14:45:17','2021-09-17 14:45:17',NULL),
	(23,'Aktif','aktif',111,NULL,'',1,NULL,NULL,'2021-09-17 14:45:44','2021-09-17 14:45:44',NULL),
	(24,'Pusdatin','pusdatin',108,NULL,'',1,NULL,NULL,'2021-09-17 14:49:19','2021-09-17 14:49:19',NULL),
	(25,'SD','sd',104,NULL,'',1,NULL,NULL,'2021-09-17 14:55:23','2021-09-17 14:55:23',NULL),
	(26,'Umum','umum',113,NULL,'',1,NULL,NULL,'2021-10-08 13:56:54','2021-10-08 13:56:54',NULL),
	(27,'Citra Kartografi','citra-kartografi',115,NULL,'',1,NULL,NULL,'2021-10-29 13:50:54','2021-10-29 13:50:54',NULL),
	(28,'Kata yang diucapkan','kata-yang-diucapkan',115,NULL,'',1,NULL,NULL,'2021-10-29 13:51:04','2021-10-29 13:51:04',NULL),
	(29,'Teks','teks',115,NULL,'',1,NULL,NULL,'2021-10-29 13:51:11','2021-10-29 13:51:11',NULL),
	(30,'Lain-lain','lain-lain',115,NULL,'',1,NULL,NULL,'2021-10-29 13:51:22','2021-10-29 13:51:22',NULL),
	(31,'Stereografik','stereografik',116,NULL,'',1,NULL,NULL,'2021-10-29 13:52:11','2021-10-29 13:52:11',NULL),
	(32,'Tanpa Perantara','tanpa-perantara',116,NULL,'',1,NULL,NULL,'2021-10-29 13:52:22','2021-10-29 13:52:22',NULL),
	(33,'Video','video',116,NULL,'',1,NULL,NULL,'2021-10-29 13:52:28','2021-10-29 13:52:28',NULL),
	(34,'Lain-lain','lain-lain',116,NULL,'',1,NULL,NULL,'2021-10-29 13:52:36','2021-10-29 13:52:36',NULL),
	(35,'Kartu','kartu',117,NULL,'',1,NULL,NULL,'2021-10-29 13:53:12','2021-10-29 13:53:12',NULL),
	(36,'Volume','volume',117,NULL,'',1,NULL,NULL,'2021-10-29 13:53:20','2021-10-29 13:53:20',NULL),
	(37,'Objek','objek',117,NULL,'',1,NULL,NULL,'2021-10-29 13:53:29','2021-10-29 13:53:29',NULL),
	(38,'Lain-lain','lain-lain',117,NULL,'',1,NULL,NULL,'2021-10-29 13:53:36','2021-10-29 13:53:36',NULL);

/*!40000 ALTER TABLE `c_references` ENABLE KEYS */;
UNLOCK TABLES;


# Dump of table c_visitors
# ------------------------------------------------------------

DROP TABLE IF EXISTS `c_visitors`;

CREATE TABLE `c_visitors` (
  `id` mediumint(11) unsigned NOT NULL AUTO_INCREMENT,
  `ip_address` varchar(255) DEFAULT NULL,
  `ip_country` varchar(255) DEFAULT NULL,
  `ip_regionName` varchar(255) DEFAULT NULL,
  `ip_city` varchar(255) DEFAULT NULL,
  `ip_lat` varchar(255) DEFAULT NULL,
  `ip_lon` varchar(255) DEFAULT NULL,
  `ip_isp` varchar(255) DEFAULT NULL,
  `timestamp` date DEFAULT NULL,
  `hits` varchar(255) DEFAULT NULL,
  `sort` mediumint(8) DEFAULT NULL,
  `description` varchar(255) DEFAULT NULL,
  `active` tinyint(1) unsigned NOT NULL DEFAULT '1',
  `created_by` int(11) DEFAULT NULL,
  `updated_by` int(11) DEFAULT NULL,
  `created_at` datetime DEFAULT NULL,
  `updated_at` datetime DEFAULT NULL,
  `deleted_at` datetime DEFAULT NULL,
  PRIMARY KEY (`id`),
  UNIQUE KEY `ip_lon` (`ip_lon`)
) ENGINE=InnoDB DEFAULT CHARSET=utf8;



# Dump of table catalog_ruas
# ------------------------------------------------------------

DROP TABLE IF EXISTS `catalog_ruas`;

CREATE TABLE `catalog_ruas` (
  `ID` double NOT NULL AUTO_INCREMENT,
  `Tag` varchar(3) DEFAULT NULL,
  `Indicator1` char(1) DEFAULT NULL,
  `Indicator2` char(1) DEFAULT NULL,
  `CatalogId` double NOT NULL,
  `Value` text,
  `CreateBy` int(11) DEFAULT NULL,
  `CreateDate` datetime DEFAULT NULL,
  `UpdateBy` int(11) DEFAULT NULL,
  `UpdateDate` datetime DEFAULT NULL,
  PRIMARY KEY (`ID`),
  KEY `Catalog_Subruas_Value` (`Value`(767)),
  KEY `catalog_ruas_catalogs` (`CatalogId`)
) ENGINE=InnoDB DEFAULT CHARSET=latin1;

LOCK TABLES `catalog_ruas` WRITE;
/*!40000 ALTER TABLE `catalog_ruas` DISABLE KEYS */;

INSERT INTO `catalog_ruas` (`ID`, `Tag`, `Indicator1`, `Indicator2`, `CatalogId`, `Value`, `CreateBy`, `CreateDate`, `UpdateBy`, `UpdateDate`)
VALUES
	(22,'001','0','#',2,'$a INLIS000000000000002',2,'2020-11-30 02:51:02',2,'2020-11-30 02:51:02'),
	(23,'005','0','#',2,'$a 20201130025102',2,'2020-11-30 02:51:02',2,'2020-11-30 02:51:02'),
	(24,'008',NULL,NULL,2,'$a 201130###########################0######',2,'2020-11-30 02:51:02',2,'2020-11-30 02:51:02'),
	(25,'022','0','#',2,'$a ISSN',2,'2020-11-30 02:51:02',2,'2020-11-30 02:51:02'),
	(26,'035','0','#',2,'$a 0010-1120000002',2,'2020-11-30 02:51:02',2,'2020-11-30 02:51:02'),
	(27,'082','0','#',2,'$a 333',2,'2020-11-30 02:51:02',2,'2020-11-30 02:51:02'),
	(28,'084','0','#',2,'$a No. Panggil',2,'2020-11-30 02:51:02',2,'2020-11-30 02:51:02'),
	(29,'100','0','#',2,'$a Tajuk Pengarang Utama',2,'2020-11-30 02:51:02',2,'2020-11-30 02:51:02'),
	(30,'245','#','#',2,'$a Judul test 1 $b anak judul $c penanggung jawab',2,'2020-11-30 02:51:02',2,'2020-11-30 02:51:02'),
	(31,'247','#','#',2,'$a judul sebelumnya',2,'2020-11-30 02:51:02',2,'2020-11-30 02:51:02'),
	(32,'260','#','#',2,'$a Bandung $b gramedia $c 2020',2,'2020-11-30 02:51:02',2,'2020-11-30 02:51:02'),
	(33,'300','#','#',2,'$a Jumlah Halaman $b Ket. Ilustrasi $c Dimensi $e Bahan Sertaan',2,'2020-11-30 02:51:02',2,'2020-11-30 02:51:02'),
	(34,'310','0','#',2,'$a Frekuensi Saat Ini',2,'2020-11-30 02:51:02',2,'2020-11-30 02:51:02'),
	(35,'321','0','#',2,'$a Frekuensi Publikasi Sebelumnya',2,'2020-11-30 02:51:02',2,'2020-11-30 02:51:02'),
	(36,'520','0','#',2,'$a Catatan',2,'2020-11-30 02:51:02',2,'2020-11-30 02:51:02'),
	(37,'650','0','#',2,'$a Subjek',2,'2020-11-30 02:51:02',2,'2020-11-30 02:51:02'),
	(38,'700','0','#',2,'$a Tajuk Pengarang Tambahan',2,'2020-11-30 02:51:02',2,'2020-11-30 02:51:02'),
	(39,'856','0','#',2,'$a Lokasi Koleksi Daring',2,'2020-11-30 02:51:02',2,'2020-11-30 02:51:02'),
	(58,'001','0','#',4,'$a INLIS000000000000004',2,'2020-11-30 03:10:37',2,'2020-11-30 03:10:37'),
	(59,'005','0','#',4,'$a 20201130031036',2,'2020-11-30 03:10:37',2,'2020-11-30 03:10:37'),
	(60,'008',NULL,NULL,4,'$a 201130###########################0######',2,'2020-11-30 03:10:37',2,'2020-11-30 03:10:37'),
	(61,'022','0','#',4,'$a ISSN',2,'2020-11-30 03:10:37',2,'2020-11-30 03:10:37'),
	(62,'035','0','#',4,'$a 0010-1120000004',2,'2020-11-30 03:10:37',2,'2020-11-30 03:10:37'),
	(63,'082','0','#',4,'$a 333',2,'2020-11-30 03:10:37',2,'2020-11-30 03:10:37'),
	(64,'084','0','#',4,'$a No. Panggil',2,'2020-11-30 03:10:37',2,'2020-11-30 03:10:37'),
	(65,'100','0','#',4,'$a Tajuk Pengarang Utama',2,'2020-11-30 03:10:37',2,'2020-11-30 03:10:37'),
	(66,'245','#','#',4,'$a Judul indah pada waktunya $b anak judul $c penanggung jawab',2,'2020-11-30 03:10:37',2,'2020-11-30 03:10:37'),
	(67,'247','#','#',4,'$a judul sebelumnya',2,'2020-11-30 03:10:37',2,'2020-11-30 03:10:37'),
	(68,'260','#','#',4,'$a bandung $b Excelmedia $c 2020',2,'2020-11-30 03:10:37',2,'2020-11-30 03:10:37'),
	(69,'300','#','#',4,'$a Jumlah Halaman $b Ket. Ilustrasi $c Dimensi $e Bahan Sertaan',2,'2020-11-30 03:10:37',2,'2020-11-30 03:10:37'),
	(70,'310','0','#',4,'$a Frekuensi Saat Ini',2,'2020-11-30 03:10:37',2,'2020-11-30 03:10:37'),
	(71,'321','0','#',4,'$a Frekuensi Publikasi Sebelumnya',2,'2020-11-30 03:10:37',2,'2020-11-30 03:10:37'),
	(72,'520','0','#',4,'$a Catatan',2,'2020-11-30 03:10:37',2,'2020-11-30 03:10:37'),
	(73,'650','0','#',4,'$a Subjek',2,'2020-11-30 03:10:37',2,'2020-11-30 03:10:37'),
	(74,'700','0','#',4,'$a Tajuk Pengarang Tambahan',2,'2020-11-30 03:10:37',2,'2020-11-30 03:10:37'),
	(75,'856','0','#',4,'$a Lokasi Koleksi Daring',2,'2020-11-30 03:10:37',2,'2020-11-30 03:10:37'),
	(76,'001','0','#',5,'$a INLIS000000000000005',2,'2020-11-30 03:10:52',2,'2020-11-30 03:10:52'),
	(77,'005','0','#',5,'$a 20201130031052',2,'2020-11-30 03:10:52',2,'2020-11-30 03:10:52'),
	(78,'008',NULL,NULL,5,'$a 201130###########################0######',2,'2020-11-30 03:10:52',2,'2020-11-30 03:10:52'),
	(79,'022','0','#',5,'$a ISSN',2,'2020-11-30 03:10:52',2,'2020-11-30 03:10:52'),
	(80,'035','0','#',5,'$a 0010-1120000005',2,'2020-11-30 03:10:52',2,'2020-11-30 03:10:52'),
	(81,'082','0','#',5,'$a 333',2,'2020-11-30 03:10:52',2,'2020-11-30 03:10:52'),
	(82,'084','0','#',5,'$a No. Panggil',2,'2020-11-30 03:10:52',2,'2020-11-30 03:10:52'),
	(83,'100','0','#',5,'$a Tajuk Pengarang Utama',2,'2020-11-30 03:10:52',2,'2020-11-30 03:10:52'),
	(84,'245','#','#',5,'$a Judul film nasional $b anak judul $c penanggung jawab',2,'2020-11-30 03:10:52',2,'2020-11-30 03:10:52'),
	(85,'247','#','#',5,'$a judul sebelumnya',2,'2020-11-30 03:10:52',2,'2020-11-30 03:10:52'),
	(86,'260','#','#',5,'$a Jakarta $b excelmedia $c 2020',2,'2020-11-30 03:10:52',2,'2020-11-30 03:10:52'),
	(87,'300','#','#',5,'$a Jumlah Halaman $b Ket. Ilustrasi $c Dimensi $e Bahan Sertaan',2,'2020-11-30 03:10:52',2,'2020-11-30 03:10:52'),
	(88,'310','0','#',5,'$a Frekuensi Saat Ini',2,'2020-11-30 03:10:52',2,'2020-11-30 03:10:52'),
	(89,'321','0','#',5,'$a Frekuensi Publikasi Sebelumnya',2,'2020-11-30 03:10:52',2,'2020-11-30 03:10:52'),
	(90,'520','0','#',5,'$a Catatan',2,'2020-11-30 03:10:52',2,'2020-11-30 03:10:52'),
	(91,'650','0','#',5,'$a Subjek',2,'2020-11-30 03:10:52',2,'2020-11-30 03:10:52'),
	(92,'700','0','#',5,'$a Tajuk Pengarang Tambahan',2,'2020-11-30 03:10:52',2,'2020-11-30 03:10:52'),
	(93,'856','0','#',5,'$a Lokasi Koleksi Daring',2,'2020-11-30 03:10:52',2,'2020-11-30 03:10:52'),
	(94,'001','0','#',6,'$a INLIS000000000000006',2,'2020-12-03 03:59:05',2,'2020-12-03 03:59:05'),
	(95,'005','0','#',6,'$a 20201203035905',2,'2020-12-03 03:59:05',2,'2020-12-03 03:59:05'),
	(96,'008',NULL,NULL,6,'$a 201203###########################0#ara##',2,'2020-12-03 03:59:05',2,'2020-12-03 03:59:05'),
	(97,'022','0','#',6,'$a ISSN',2,'2020-12-03 03:59:05',2,'2020-12-03 03:59:05'),
	(98,'035','0','#',6,'$a 0010-1220000001',2,'2020-12-03 03:59:05',2,'2020-12-03 03:59:05'),
	(99,'082','0','#',6,'$a 333',2,'2020-12-03 03:59:05',2,'2020-12-03 03:59:05'),
	(100,'084','0','#',6,'$a No. Panggil',2,'2020-12-03 03:59:05',2,'2020-12-03 03:59:05'),
	(101,'100','0','#',6,'$a Tajuk Pengarang Utama',2,'2020-12-03 03:59:05',2,'2020-12-03 03:59:05'),
	(102,'245','#','#',6,'$a Judul prabowo $b anak judul  $c penanggung jawab',2,'2020-12-03 03:59:05',2,'2020-12-03 03:59:05'),
	(103,'247','#','#',6,'$a judul sebelumnya',2,'2020-12-03 03:59:05',2,'2020-12-03 03:59:05'),
	(104,'260','#','#',6,'$a Jakarta $b Penerbit $c 2020',2,'2020-12-03 03:59:05',2,'2020-12-03 03:59:05'),
	(105,'300','#','#',6,'$a Jumlah Halaman $b Ket. Ilustrasi $c Dimensi $e Bahan Sertaan',2,'2020-12-03 03:59:05',2,'2020-12-03 03:59:05'),
	(106,'310','0','#',6,'$a Frekuensi Saat Ini',2,'2020-12-03 03:59:05',2,'2020-12-03 03:59:05'),
	(107,'321','0','#',6,'$a Frekuensi Publikasi Sebelumnya',2,'2020-12-03 03:59:05',2,'2020-12-03 03:59:05'),
	(108,'520','0','#',6,'$a Catatan',2,'2020-12-03 03:59:05',2,'2020-12-03 03:59:05'),
	(109,'650','0','#',6,'$a Subjek',2,'2020-12-03 03:59:05',2,'2020-12-03 03:59:05'),
	(110,'700','0','#',6,'$a Tajuk Pengarang Tambahan',2,'2020-12-03 03:59:05',2,'2020-12-03 03:59:05'),
	(111,'856','0','#',6,'$a Lokasi Koleksi Daring',2,'2020-12-03 03:59:05',2,'2020-12-03 03:59:05'),
	(112,'001','0','#',7,'$a INLIS000000000000007',2,'2020-12-03 05:42:49',2,'2020-12-03 05:42:49'),
	(113,'005','0','#',7,'$a 20201203054249',2,'2020-12-03 05:42:49',2,'2020-12-03 05:42:49'),
	(114,'008',NULL,NULL,7,'$a 201203###########################0######',2,'2020-12-03 05:42:49',2,'2020-12-03 05:42:49'),
	(115,'022','0','#',7,'$a ISSN',2,'2020-12-03 05:42:49',2,'2020-12-03 05:42:49'),
	(116,'035','0','#',7,'$a 0010-1220000002',2,'2020-12-03 05:42:49',2,'2020-12-03 05:42:49'),
	(117,'082','0','#',7,'$a 333',2,'2020-12-03 05:42:49',2,'2020-12-03 05:42:49'),
	(118,'084','0','#',7,'$a No. Panggil',2,'2020-12-03 05:42:49',2,'2020-12-03 05:42:49'),
	(119,'100','0','#',7,'$a Tajuk Pengarang Utama',2,'2020-12-03 05:42:49',2,'2020-12-03 05:42:49'),
	(120,'245','#','#',7,'$a persahabatan jin dan manusia $b anak judul $c penanggung jawab',2,'2020-12-03 05:42:49',2,'2020-12-03 05:42:49'),
	(121,'247','#','#',7,'$a judul sebelumnya',2,'2020-12-03 05:42:49',2,'2020-12-03 05:42:49'),
	(122,'260','#','#',7,'$a Jakarta $b Penerbit $c 2020',2,'2020-12-03 05:42:49',2,'2020-12-03 05:42:49'),
	(123,'300','#','#',7,'$a Jumlah Halaman $b Ket. Ilustrasi $c Dimensi $e Bahan Sertaan',2,'2020-12-03 05:42:49',2,'2020-12-03 05:42:49'),
	(124,'310','0','#',7,'$a Frekuensi Saat Ini',2,'2020-12-03 05:42:49',2,'2020-12-03 05:42:49'),
	(125,'321','0','#',7,'$a Frekuensi Publikasi Sebelumnya',2,'2020-12-03 05:42:49',2,'2020-12-03 05:42:49'),
	(126,'520','0','#',7,'$a Catatan',2,'2020-12-03 05:42:49',2,'2020-12-03 05:42:49'),
	(127,'650','0','#',7,'$a Subjek',2,'2020-12-03 05:42:49',2,'2020-12-03 05:42:49'),
	(128,'700','0','#',7,'$a Tajuk Pengarang Tambahan',2,'2020-12-03 05:42:49',2,'2020-12-03 05:42:49'),
	(129,'856','0','#',7,'$a Lokasi Koleksi Daring',2,'2020-12-03 05:42:49',2,'2020-12-03 05:42:49'),
	(130,'001','0','#',8,'$a INLIS000000000000008',2,'2020-12-03 05:49:52',2,'2020-12-03 05:49:52'),
	(131,'005','0','#',8,'$a 20201203054952',2,'2020-12-03 05:49:52',2,'2020-12-03 05:49:52'),
	(132,'008',NULL,NULL,8,'$a 201203###########################0######',2,'2020-12-03 05:49:52',2,'2020-12-03 05:49:52'),
	(133,'022','0','#',8,'$a ISSN',2,'2020-12-03 05:49:52',2,'2020-12-03 05:49:52'),
	(134,'035','0','#',8,'$a 0010-1220000003',2,'2020-12-03 05:49:52',2,'2020-12-03 05:49:52'),
	(135,'082','0','#',8,'$a 333',2,'2020-12-03 05:49:52',2,'2020-12-03 05:49:52'),
	(136,'084','0','#',8,'$a No. Panggil',2,'2020-12-03 05:49:52',2,'2020-12-03 05:49:52'),
	(137,'100','0','#',8,'$a Tajuk Pengarang Utama',2,'2020-12-03 05:49:52',2,'2020-12-03 05:49:52'),
	(138,'245','#','#',8,'$a persahabatan bagai kepompong $b anak judul $c penanggung jawab',2,'2020-12-03 05:49:52',2,'2020-12-03 05:49:52'),
	(139,'247','#','#',8,'$a judul sebelumnya',2,'2020-12-03 05:49:52',2,'2020-12-03 05:49:52'),
	(140,'260','#','#',8,'$a Jakarta $b Penerbit $c 2020',2,'2020-12-03 05:49:52',2,'2020-12-03 05:49:52'),
	(141,'300','#','#',8,'$a Jumlah Halaman $b Ket. Ilustrasi $c Dimensi $e Bahan Sertaan',2,'2020-12-03 05:49:52',2,'2020-12-03 05:49:52'),
	(142,'310','0','#',8,'$a Frekuensi Saat Ini',2,'2020-12-03 05:49:52',2,'2020-12-03 05:49:52'),
	(143,'321','0','#',8,'$a Frekuensi Publikasi Sebelumnya',2,'2020-12-03 05:49:52',2,'2020-12-03 05:49:52'),
	(144,'520','0','#',8,'$a Catatan',2,'2020-12-03 05:49:52',2,'2020-12-03 05:49:52'),
	(145,'650','0','#',8,'$a Subjek',2,'2020-12-03 05:49:52',2,'2020-12-03 05:49:52'),
	(146,'700','0','#',8,'$a Tajuk Pengarang Tambahan',2,'2020-12-03 05:49:52',2,'2020-12-03 05:49:52'),
	(147,'856','0','#',8,'$a Lokasi Koleksi Daring',2,'2020-12-03 05:49:52',2,'2020-12-03 05:49:52'),
	(148,'001','0','#',9,'$a INLIS000000000000009',2,'2020-12-03 05:50:10',2,'2020-12-03 05:50:10'),
	(149,'005','0','#',9,'$a 20201203055010',2,'2020-12-03 05:50:10',2,'2020-12-03 05:50:10'),
	(150,'008',NULL,NULL,9,'$a 201203###########################0######',2,'2020-12-03 05:50:10',2,'2020-12-03 05:50:10'),
	(151,'022','0','#',9,'$a ISSN',2,'2020-12-03 05:50:10',2,'2020-12-03 05:50:10'),
	(152,'035','0','#',9,'$a 0010-1220000004',2,'2020-12-03 05:50:10',2,'2020-12-03 05:50:10'),
	(153,'082','0','#',9,'$a 333',2,'2020-12-03 05:50:10',2,'2020-12-03 05:50:10'),
	(154,'084','0','#',9,'$a No. Panggil',2,'2020-12-03 05:50:10',2,'2020-12-03 05:50:10'),
	(155,'100','0','#',9,'$a Tajuk Pengarang Utama',2,'2020-12-03 05:50:10',2,'2020-12-03 05:50:10'),
	(156,'245','#','#',9,'$a persahabatan ucil dan mbak yul $b anak judul $c penanggung jawab',2,'2020-12-03 05:50:10',2,'2020-12-03 05:50:10'),
	(157,'247','#','#',9,'$a judul sebelumnya',2,'2020-12-03 05:50:10',2,'2020-12-03 05:50:10'),
	(158,'260','#','#',9,'$a Jakarta $b Penerbit $c 2020',2,'2020-12-03 05:50:10',2,'2020-12-03 05:50:10'),
	(159,'300','#','#',9,'$a Jumlah Halaman $b Ket. Ilustrasi $c Dimensi $e Bahan Sertaan',2,'2020-12-03 05:50:10',2,'2020-12-03 05:50:10'),
	(160,'310','0','#',9,'$a Frekuensi Saat Ini',2,'2020-12-03 05:50:10',2,'2020-12-03 05:50:10'),
	(161,'321','0','#',9,'$a Frekuensi Publikasi Sebelumnya',2,'2020-12-03 05:50:10',2,'2020-12-03 05:50:10'),
	(162,'520','0','#',9,'$a Catatan',2,'2020-12-03 05:50:10',2,'2020-12-03 05:50:10'),
	(163,'650','0','#',9,'$a Subjek',2,'2020-12-03 05:50:10',2,'2020-12-03 05:50:10'),
	(164,'700','0','#',9,'$a Tajuk Pengarang Tambahan',2,'2020-12-03 05:50:10',2,'2020-12-03 05:50:10'),
	(165,'856','0','#',9,'$a Lokasi Koleksi Daring',2,'2020-12-03 05:50:10',2,'2020-12-03 05:50:10'),
	(166,'001','0','#',10,'$a INLIS000000000000010',2,'2020-12-03 05:50:29',2,'2020-12-03 05:50:29'),
	(167,'005','0','#',10,'$a 20201203055028',2,'2020-12-03 05:50:29',2,'2020-12-03 05:50:29'),
	(168,'008',NULL,NULL,10,'$a 201203###########################0######',2,'2020-12-03 05:50:29',2,'2020-12-03 05:50:29'),
	(169,'022','0','#',10,'$a ISSN',2,'2020-12-03 05:50:29',2,'2020-12-03 05:50:29'),
	(170,'035','0','#',10,'$a 0010-1220000005',2,'2020-12-03 05:50:29',2,'2020-12-03 05:50:29'),
	(171,'082','0','#',10,'$a 333',2,'2020-12-03 05:50:29',2,'2020-12-03 05:50:29'),
	(172,'084','0','#',10,'$a No. Panggil',2,'2020-12-03 05:50:29',2,'2020-12-03 05:50:29'),
	(173,'100','0','#',10,'$a Tajuk Pengarang Utama',2,'2020-12-03 05:50:29',2,'2020-12-03 05:50:29'),
	(174,'245','#','#',10,'$a ekonomi karakyatan indonesia $b anak judul $c penanggung jawab',2,'2020-12-03 05:50:29',2,'2020-12-03 05:50:29'),
	(175,'247','#','#',10,'$a judul sebelumnya',2,'2020-12-03 05:50:29',2,'2020-12-03 05:50:29'),
	(176,'260','#','#',10,'$a Jakarta $b Penerbit $c 2020',2,'2020-12-03 05:50:29',2,'2020-12-03 05:50:29'),
	(177,'300','#','#',10,'$a Jumlah Halaman $b Ket. Ilustrasi $c Dimensi $e Bahan Sertaan',2,'2020-12-03 05:50:29',2,'2020-12-03 05:50:29'),
	(178,'310','0','#',10,'$a Frekuensi Saat Ini',2,'2020-12-03 05:50:29',2,'2020-12-03 05:50:29'),
	(179,'321','0','#',10,'$a Frekuensi Publikasi Sebelumnya',2,'2020-12-03 05:50:29',2,'2020-12-03 05:50:29'),
	(180,'520','0','#',10,'$a Catatan',2,'2020-12-03 05:50:29',2,'2020-12-03 05:50:29'),
	(181,'650','0','#',10,'$a Subjek',2,'2020-12-03 05:50:29',2,'2020-12-03 05:50:29'),
	(182,'700','0','#',10,'$a Tajuk Pengarang Tambahan',2,'2020-12-03 05:50:29',2,'2020-12-03 05:50:29'),
	(183,'856','0','#',10,'$a Lokasi Koleksi Daring',2,'2020-12-03 05:50:29',2,'2020-12-03 05:50:29'),
	(184,'001','0','#',11,'$a INLIS000000000000011',2,'2020-12-03 05:50:44',2,'2020-12-03 05:50:44'),
	(185,'005','0','#',11,'$a 20201203055044',2,'2020-12-03 05:50:44',2,'2020-12-03 05:50:44'),
	(186,'008',NULL,NULL,11,'$a 201203###########################0######',2,'2020-12-03 05:50:44',2,'2020-12-03 05:50:44'),
	(187,'022','0','#',11,'$a ISSN',2,'2020-12-03 05:50:44',2,'2020-12-03 05:50:44'),
	(188,'035','0','#',11,'$a 0010-1220000006',2,'2020-12-03 05:50:44',2,'2020-12-03 05:50:44'),
	(189,'082','0','#',11,'$a 333',2,'2020-12-03 05:50:44',2,'2020-12-03 05:50:44'),
	(190,'084','0','#',11,'$a No. Panggil',2,'2020-12-03 05:50:44',2,'2020-12-03 05:50:44'),
	(191,'100','0','#',11,'$a Tajuk Pengarang Utama',2,'2020-12-03 05:50:44',2,'2020-12-03 05:50:44'),
	(192,'245','#','#',11,'$a ekonomi koruptor dalam tempo musik $b anak judul $c penanggung jawab',2,'2020-12-03 05:50:44',2,'2020-12-03 05:50:44'),
	(193,'247','#','#',11,'$a judul sebelumnya',2,'2020-12-03 05:50:44',2,'2020-12-03 05:50:44'),
	(194,'260','#','#',11,'$a Jakarta $b Penerbit $c 2020',2,'2020-12-03 05:50:44',2,'2020-12-03 05:50:44'),
	(195,'300','#','#',11,'$a Jumlah Halaman $b Ket. Ilustrasi $c Dimensi $e Bahan Sertaan',2,'2020-12-03 05:50:44',2,'2020-12-03 05:50:44'),
	(196,'310','0','#',11,'$a Frekuensi Saat Ini',2,'2020-12-03 05:50:44',2,'2020-12-03 05:50:44'),
	(197,'321','0','#',11,'$a Frekuensi Publikasi Sebelumnya',2,'2020-12-03 05:50:44',2,'2020-12-03 05:50:44'),
	(198,'520','0','#',11,'$a Catatan',2,'2020-12-03 05:50:44',2,'2020-12-03 05:50:44'),
	(199,'650','0','#',11,'$a Subjek',2,'2020-12-03 05:50:44',2,'2020-12-03 05:50:44'),
	(200,'700','0','#',11,'$a Tajuk Pengarang Tambahan',2,'2020-12-03 05:50:44',2,'2020-12-03 05:50:44'),
	(201,'856','0','#',11,'$a Lokasi Koleksi Daring',2,'2020-12-03 05:50:44',2,'2020-12-03 05:50:44'),
	(202,'001','0','#',12,'$a INLIS000000000000012',2,'2020-12-03 05:51:48',2,'2020-12-03 05:51:48'),
	(203,'005','0','#',12,'$a 20201203055148',2,'2020-12-03 05:51:48',2,'2020-12-03 05:51:48'),
	(204,'008',NULL,NULL,12,'$a 201203###########################0#chi##',2,'2020-12-03 05:51:48',2,'2020-12-03 05:51:48'),
	(205,'022','0','#',12,'$a ISSN',2,'2020-12-03 05:51:48',2,'2020-12-03 05:51:48'),
	(206,'035','0','#',12,'$a 0010-1220000007',2,'2020-12-03 05:51:48',2,'2020-12-03 05:51:48'),
	(207,'082','0','#',12,'$a 333',2,'2020-12-03 05:51:48',2,'2020-12-03 05:51:48'),
	(208,'084','0','#',12,'$a No. Panggil',2,'2020-12-03 05:51:48',2,'2020-12-03 05:51:48'),
	(209,'100','0','#',12,'$a Doland J Trump',2,'2020-12-03 05:51:48',2,'2020-12-03 05:51:48'),
	(210,'245','#','#',12,'$a bangsa yang sehat dan gemulai $b anak judul $c penanggung jawab',2,'2020-12-03 05:51:48',2,'2020-12-03 05:51:48'),
	(211,'247','#','#',12,'$a judul sebelumnya',2,'2020-12-03 05:51:48',2,'2020-12-03 05:51:48'),
	(212,'260','#','#',12,'$a Jambi $b One Media $c 2020',2,'2020-12-03 05:51:48',2,'2020-12-03 05:51:48'),
	(213,'300','#','#',12,'$a Jumlah Halaman $b Ket. Ilustrasi $c Dimensi $e Bahan Sertaan',2,'2020-12-03 05:51:48',2,'2020-12-03 05:51:48'),
	(214,'310','0','#',12,'$a Frekuensi Saat Ini',2,'2020-12-03 05:51:48',2,'2020-12-03 05:51:48'),
	(215,'321','0','#',12,'$a Frekuensi Publikasi Sebelumnya',2,'2020-12-03 05:51:48',2,'2020-12-03 05:51:48'),
	(216,'520','0','#',12,'$a Catatan',2,'2020-12-03 05:51:48',2,'2020-12-03 05:51:48'),
	(217,'650','0','#',12,'$a Subjek',2,'2020-12-03 05:51:48',2,'2020-12-03 05:51:48'),
	(218,'700','0','#',12,'$a Tajuk Pengarang Tambahan',2,'2020-12-03 05:51:48',2,'2020-12-03 05:51:48'),
	(219,'856','0','#',12,'$a Lokasi Koleksi Daring',2,'2020-12-03 05:51:48',2,'2020-12-03 05:51:48'),
	(282,'001',NULL,NULL,14,'$a INLIS000000000000014',2,'2021-03-09 00:50:35',2,'2021-03-09 00:50:35'),
	(283,'005',NULL,NULL,14,'$a 20210309005035',2,'2021-03-09 00:50:35',2,'2021-03-09 00:50:35'),
	(284,'008',NULL,NULL,14,'$a 210309###########################0######',2,'2021-03-09 00:50:35',2,'2021-03-09 00:50:35'),
	(285,'022','0','#',14,'$a ISBN',2,'2021-03-09 00:50:35',2,'2021-03-09 00:50:35'),
	(286,'035','#','#',14,'$a 0010-0321000002',2,'2021-03-09 00:50:35',2,'2021-03-09 00:50:35'),
	(287,'082',NULL,NULL,14,'$a 33311',2,'2021-03-09 00:50:35',2,'2021-03-09 00:50:35'),
	(288,'084',NULL,NULL,14,'$a 33no.pang',2,'2021-03-09 00:50:35',2,'2021-03-09 00:50:35'),
	(289,'100','0','#',14,'$a Tajuk Pengarang Utama',2,'2021-03-09 00:50:35',2,'2021-03-09 00:50:35'),
	(290,'245','#','#',14,'$a Judul RDA 9maret $b anak judul RDA $c penanggung jawab RDA',2,'2021-03-09 00:50:35',2,'2021-03-09 00:50:35'),
	(291,'246','#','#',14,'$a Variasi Bentuk Judul RDA',2,'2021-03-09 00:50:35',2,'2021-03-09 00:50:35'),
	(292,'246','#','#',14,'$a Variasi Bentuk Judul1 RDA update',2,'2021-03-09 00:50:35',2,'2021-03-09 00:50:35'),
	(293,'247','#','#',14,'$a judul sebelumnya RDA1',2,'2021-03-09 00:50:35',2,'2021-03-09 00:50:35'),
	(294,'247','#','#',14,'$a Judul Sebelumnya3RDA update',2,'2021-03-09 00:50:35',2,'2021-03-09 00:50:35'),
	(295,'264','0','#',14,'$a Jakarta  $b Penerbit  $c 2020',2,'2021-03-09 00:50:35',2,'2021-03-09 00:50:35'),
	(296,'300','#','#',14,'$a 111 $b 222 ket illus $c 12 $e Bahan Sertaan',2,'2021-03-09 00:50:35',2,'2021-03-09 00:50:35'),
	(297,'310',NULL,NULL,14,'$a Frekuensi Saat Ini',2,'2021-03-09 00:50:35',2,'2021-03-09 00:50:35'),
	(298,'321','0','#',14,'$a Frekuensi Publikasi Sebelumnya',2,'2021-03-09 00:50:35',2,'2021-03-09 00:50:35'),
	(299,'336',NULL,NULL,14,'$a Jenis Isi',2,'2021-03-09 00:50:35',2,'2021-03-09 00:50:35'),
	(300,'337',NULL,NULL,14,'$a Jenis Media',2,'2021-03-09 00:50:35',2,'2021-03-09 00:50:35'),
	(301,'338',NULL,NULL,14,'$a Jenis Wadah',2,'2021-03-09 00:50:35',2,'2021-03-09 00:50:35'),
	(302,'520','#','#',14,'$a Catatan',2,'2021-03-09 00:50:35',2,'2021-03-09 00:50:35'),
	(303,'600','0','#',14,'$a Subject - nama org',2,'2021-03-09 00:50:35',2,'2021-03-09 00:50:35'),
	(304,'700','0','#',14,'$a Tajuk Pengarang Tambahan',2,'2021-03-09 00:50:35',2,'2021-03-09 00:50:35'),
	(305,'740','#','#',14,'$a Judul Asli RDA',2,'2021-03-09 00:50:35',2,'2021-03-09 00:50:35'),
	(306,'740','#','#',14,'$a Judul Asli2RDA update',2,'2021-03-09 00:50:35',2,'2021-03-09 00:50:35'),
	(307,'856','#','#',14,'$a Lokasi Koleksi Daring',2,'2021-03-09 00:50:35',2,'2021-03-09 00:50:35'),
	(308,'001',NULL,NULL,15,'$a INLIS000000000000015',2,'2021-03-26 05:17:01',2,'2021-03-26 05:17:01'),
	(309,'005',NULL,NULL,15,'$a 20210326051701',2,'2021-03-26 05:17:01',2,'2021-03-26 05:17:01'),
	(310,'008',NULL,NULL,15,'$a 210326###########################0######',2,'2021-03-26 05:17:01',2,'2021-03-26 05:17:01'),
	(311,'022','0','#',15,'$a ISBN',2,'2021-03-26 05:17:01',2,'2021-03-26 05:17:01'),
	(312,'035','#','#',15,'$a 0010-0321000003',2,'2021-03-26 05:17:01',2,'2021-03-26 05:17:01'),
	(313,'082',NULL,NULL,15,'$a 333',2,'2021-03-26 05:17:01',2,'2021-03-26 05:17:01'),
	(314,'084',NULL,NULL,15,'$a No. Panggil',2,'2021-03-26 05:17:01',2,'2021-03-26 05:17:01'),
	(315,'100','0','#',15,'$a Tajuk Pengarang Utama',2,'2021-03-26 05:17:01',2,'2021-03-26 05:17:01'),
	(316,'245','#','#',15,'$a Judul AACR $b anak judul $c penanggung jawab',2,'2021-03-26 05:17:01',2,'2021-03-26 05:17:01'),
	(317,'247','#','#',15,'$a judul sebelumnya',2,'2021-03-26 05:17:01',2,'2021-03-26 05:17:01'),
	(318,'260','0','#',15,'$a Jakarta $b Penerbit $c 2020',2,'2021-03-26 05:17:01',2,'2021-03-26 05:17:01'),
	(319,'300','#','#',15,'$a Jumlah Halaman $b Ket. Ilustrasi $c Dimensi $e Bahan Sertaan',2,'2021-03-26 05:17:01',2,'2021-03-26 05:17:01'),
	(320,'310',NULL,NULL,15,'$a Frekuensi Saat Ini',2,'2021-03-26 05:17:01',2,'2021-03-26 05:17:01'),
	(321,'321','0','#',15,'$a Frekuensi Publikasi Sebelumnya',2,'2021-03-26 05:17:01',2,'2021-03-26 05:17:01'),
	(322,'520','#','#',15,'$a Catatan',2,'2021-03-26 05:17:01',2,'2021-03-26 05:17:01'),
	(323,'600','0','#',15,'$a Subject',2,'2021-03-26 05:17:01',2,'2021-03-26 05:17:01'),
	(324,'700','0','#',15,'$a Tajuk Pengarang Tambahan',2,'2021-03-26 05:17:01',2,'2021-03-26 05:17:01'),
	(325,'856','#','#',15,'$a Lokasi Koleksi Daring',2,'2021-03-26 05:17:01',2,'2021-03-26 05:17:01'),
	(326,'001',NULL,NULL,13,'$a INLIS000000000000013',2,'2021-03-28 16:34:11',2,'2021-03-28 16:34:11'),
	(327,'005',NULL,NULL,13,'$a 20210328163411',2,'2021-03-28 16:34:11',2,'2021-03-28 16:34:11'),
	(328,'008',NULL,NULL,13,'$a 210328################g##########0#ind##',2,'2021-03-28 16:34:12',2,'2021-03-28 16:34:12'),
	(329,'022','0','#',13,'$a ',2,'2021-03-28 16:34:11',2,'2021-03-28 16:34:11'),
	(330,'035','#','#',13,'$a 0010-0321000001',2,'2021-03-28 16:34:11',2,'2021-03-28 16:34:11'),
	(331,'082',NULL,NULL,13,'$a 333',2,'2021-03-28 16:34:12',2,'2021-03-28 16:34:12'),
	(332,'084',NULL,NULL,13,'$a 333 AND l',2,'2021-03-28 16:34:12',2,'2021-03-28 16:34:12'),
	(333,'100','0','#',13,'$a Andrea Hirata',2,'2021-03-28 16:34:11',2,'2021-03-28 16:34:11'),
	(334,'245','#','#',13,'$a Laskar pelangi $b  $c Andrea Hirata',2,'2021-03-28 16:34:11',2,'2021-03-28 16:34:11'),
	(335,'247','#','#',13,'$a ',2,'2021-03-28 16:34:11',2,'2021-03-28 16:34:11'),
	(336,'260','0','#',13,'$a Yogyakarta $b Bentang $c 2005',2,'2021-03-28 16:34:11',2,'2021-03-28 16:34:11'),
	(337,'300','#','#',13,'$a 529 hlm. $b ilus. $c 21 cm. $e ',2,'2021-03-28 16:34:11',2,'2021-03-28 16:34:11'),
	(338,'310',NULL,NULL,13,'$a ',2,'2021-03-28 16:34:11',2,'2021-03-28 16:34:12'),
	(339,'321','0','#',13,'$a ',2,'2021-03-28 16:34:11',2,'2021-03-28 16:34:11'),
	(340,'520','#','#',13,'$a Catatan',2,'2021-03-28 16:34:11',2,'2021-03-28 16:34:11'),
	(341,'600','0','#',13,'$a ',2,'2021-03-28 16:34:11',2,'2021-03-28 16:34:11'),
	(342,'700','0','#',13,'$a ',2,'2021-03-28 16:34:11',2,'2021-03-28 16:34:11'),
	(343,'856','#','#',13,'$a Lokasi Koleksi Daring',2,'2021-03-28 16:34:11',2,'2021-03-28 16:34:11'),
	(367,'001',NULL,NULL,17,'$a INLIS000000000000017',2,'2021-03-30 03:26:40',2,'2021-03-30 03:26:40'),
	(368,'005',NULL,NULL,17,'$a 20210330032640',2,'2021-03-30 03:26:40',2,'2021-03-30 03:26:40'),
	(369,'008',NULL,NULL,17,'$a 210330###########################0######',2,'2021-03-30 03:26:40',2,'2021-03-30 03:26:40'),
	(370,'022','0','#',17,'$a ISBN',2,'2021-03-30 03:26:40',2,'2021-03-30 03:26:40'),
	(371,'035','#','#',17,'$a 0010-0321000005',2,'2021-03-30 03:26:40',2,'2021-03-30 03:26:40'),
	(372,'082',NULL,NULL,17,'$a 781.629 922',2,'2021-03-30 03:26:40',2,'2021-03-30 03:26:40'),
	(373,'084',NULL,NULL,17,'$a 781.629 922 REN',2,'2021-03-30 03:26:40',2,'2021-03-30 03:26:40'),
	(374,'100','0','#',17,'$a Tajuk Pengarang Utama',2,'2021-03-30 03:26:40',2,'2021-03-30 03:26:40'),
	(375,'245','#','#',17,'$a \"Renyep\" $b anak judul $c Paguyuban Karawitan Justisi Laras Pengadilan Negeri Madiun, Pimp. Soekarno',2,'2021-03-30 03:26:40',2,'2021-03-30 03:26:40'),
	(376,'247','#','#',17,'$a judul sebelumnya',2,'2021-03-30 03:26:40',2,'2021-03-30 03:26:40'),
	(377,'260','0','#',17,'$a Surakarta : $b Lokananta, $c [1991]',2,'2021-03-30 03:26:40',2,'2021-03-30 03:26:40'),
	(378,'300','#','#',17,'$a 1 CD : $b digital, stereo ; $c 4 3/4 in. $e Bahan Sertaan',2,'2021-03-30 03:26:40',2,'2021-03-30 03:26:40'),
	(379,'310',NULL,NULL,17,'$a Frekuensi Saat Ini',2,'2021-03-30 03:26:40',2,'2021-03-30 03:26:40'),
	(380,'321','0','#',17,'$a Frekuensi Publikasi Sebelumnya',2,'2021-03-30 03:26:40',2,'2021-03-30 03:26:40'),
	(381,'500','#','#',17,'$a Diterbitkan atas kerjasama Perum PNRI Cabang Surakarta dengan Lokananta',2,'2021-03-30 03:26:40',2,'2021-03-30 03:26:40'),
	(382,'500','#','#',17,'$a Judul diambil dari kemasan',2,'2021-03-30 03:26:40',2,'2021-03-30 03:26:40'),
	(383,'505','#','#',17,'$a 01. Gending onang-onang Pl.6. 02. Ldr. Srirejeki Pl. 6. 03. Bawa Sekar Ageng Bangsapatra, dhawah Gd. Renyep minggah Ldr. Eling-eling Kasmaran Sl.9. 04. Ktw. Pangkur Dhudhakasmaran Sl. 9',2,'2021-03-30 03:26:40',2,'2021-03-30 03:26:40'),
	(384,'600','0','#',17,'$a Karawitan',2,'2021-03-30 03:26:40',2,'2021-03-30 03:26:40'),
	(385,'650','0','#',17,'$a Musik karawitan Jawa',2,'2021-03-30 03:26:40',2,'2021-03-30 03:26:40'),
	(386,'700','0','#',17,'$a Parti Soepandi, $c Nyi',2,'2021-03-30 03:26:40',2,'2021-03-30 03:26:40'),
	(387,'700','0','#',17,'$a Soekarno',2,'2021-03-30 03:26:40',2,'2021-03-30 03:26:40'),
	(388,'710','0','#',17,'$a Paguyuban Karawitan Justi Laras',2,'2021-03-30 03:26:40',2,'2021-03-30 03:26:40'),
	(389,'856','#','#',17,'$a Lokasi Koleksi Daring',2,'2021-03-30 03:26:40',2,'2021-03-30 03:26:40'),
	(413,'001',NULL,NULL,16,'$a INLIS000000000000016',2,'2021-03-30 03:29:43',2,'2021-03-30 03:29:43'),
	(414,'005',NULL,NULL,16,'$a 20210330032943',2,'2021-03-30 03:29:43',2,'2021-03-30 03:29:43'),
	(415,'008',NULL,NULL,16,'$a 210330################g##########0#ind##',2,'2021-03-30 03:29:43',2,'2021-03-30 03:29:43'),
	(416,'022','0','#',16,'$a 978-979-21-5362-0',2,'2021-03-30 03:29:43',2,'2021-03-30 03:29:43'),
	(417,'035','#','#',16,'$a 0010-0321000004',2,'2021-03-30 03:29:43',2,'2021-03-30 03:29:43'),
	(418,'082',NULL,NULL,16,'$a 320.540 959 8',2,'2021-03-30 03:29:43',2,'2021-03-30 03:29:43'),
	(419,'084',NULL,NULL,16,'$a 320.540 959 8 AGU a',2,'2021-03-30 03:29:43',2,'2021-03-30 03:29:43'),
	(420,'100','0','#',16,'$a Agustinus W. Dewantara',2,'2021-03-30 03:29:43',2,'2021-03-30 03:29:43'),
	(421,'245','#','#',16,'$a \"Alangkah hebatnya negara gotong royong\" : $b Indonesia dalam kacamata Soekarno / $c Dr. Agustinus W. Dewantara,S.S., M. Hum. ; editor, Marcell',2,'2021-03-30 03:29:43',2,'2021-03-30 03:29:43'),
	(422,'246','#','#',16,'$a Variasi Bentuk Judul',2,'2021-03-30 03:29:43',2,'2021-03-30 03:29:43'),
	(423,'247','#','#',16,'$a judul sebelumnya',2,'2021-03-30 03:29:43',2,'2021-03-30 03:29:43'),
	(424,'264','0','#',16,'$a Yogyakarta :   $b Kanisius,   $c 2017',2,'2021-03-30 03:29:43',2,'2021-03-30 03:29:43'),
	(425,'300','#','#',16,'$a vi, 114 halaman ; $b Ket. Ilustrasi $c 21 cm $e Bahan Sertaan',2,'2021-03-30 03:29:43',2,'2021-03-30 03:29:43'),
	(426,'310',NULL,NULL,16,'$a Frekuensi Saat Ini',2,'2021-03-30 03:29:43',2,'2021-03-30 03:29:43'),
	(427,'321','0','#',16,'$a Frekuensi Publikasi Sebelumnya',2,'2021-03-30 03:29:43',2,'2021-03-30 03:29:43'),
	(428,'336',NULL,NULL,16,'$a Jenis Isi',2,'2021-03-30 03:29:43',2,'2021-03-30 03:29:43'),
	(429,'337',NULL,NULL,16,'$a Jenis Media',2,'2021-03-30 03:29:43',2,'2021-03-30 03:29:43'),
	(430,'338',NULL,NULL,16,'$a Jenis Wadah',2,'2021-03-30 03:29:43',2,'2021-03-30 03:29:43'),
	(431,'520','#','#',16,'$a Bibliografi : halaman 108-112',2,'2021-03-30 03:29:43',2,'2021-03-30 03:29:43'),
	(432,'600','0','#',16,'$a 1901-1970',2,'2021-03-30 03:29:43',2,'2021-03-30 03:29:43'),
	(433,'700','0','#',16,'$a editor',2,'2021-03-30 03:29:43',2,'2021-03-30 03:29:43'),
	(434,'740','#','#',16,'$a Judul Asli',2,'2021-03-30 03:29:43',2,'2021-03-30 03:29:43'),
	(435,'856','#','#',16,'$a Lokasi Koleksi Daring',2,'2021-03-30 03:29:43',2,'2021-03-30 03:29:43'),
	(583,'001',NULL,NULL,23,'$a INLIS000000000000023',2,'2021-04-01 03:32:27',2,'2021-04-01 03:32:27'),
	(584,'005',NULL,NULL,23,'$a 20210401033211',2,'2021-04-01 03:32:27',2,'2021-04-01 03:32:27'),
	(585,'008',NULL,NULL,23,'$a 210401###########################0######',2,'2021-04-01 03:32:27',2,'2021-04-01 03:32:27'),
	(586,'022','0','#',23,'$a ISBN',2,'2021-04-01 03:32:27',2,'2021-04-01 03:32:27'),
	(587,'035','#','#',23,'$a 0010-0321000011',2,'2021-04-01 03:32:27',2,'2021-04-01 03:32:27'),
	(588,'082',NULL,NULL,23,'$a 333',2,'2021-04-01 03:32:27',2,'2021-04-01 03:32:27'),
	(589,'084',NULL,NULL,23,'$a No. Panggil',2,'2021-04-01 03:32:27',2,'2021-04-01 03:32:27'),
	(590,'100','0','#',23,'$a Tajuk Pengarang Utama',2,'2021-04-01 03:32:27',2,'2021-04-01 03:32:27'),
	(591,'245','#','#',23,'$a AID PERFORMANCE AND CLIMATE CHANGE $b  $c ',2,'2021-04-01 03:32:27',2,'2021-04-01 03:32:27'),
	(592,'247','#','#',23,'$a judul sebelumnya',2,'2021-04-01 03:32:27',2,'2021-04-01 03:32:27'),
	(593,'260','0','#',23,'$a Jakarta $b Penerbit $c 2020',2,'2021-04-01 03:32:27',2,'2021-04-01 03:32:27'),
	(594,'300','#','#',23,'$a Jumlah Halaman $b Ket. Ilustrasi $c Dimensi $e Bahan Sertaan',2,'2021-04-01 03:32:27',2,'2021-04-01 03:32:27'),
	(595,'310',NULL,NULL,23,'$a Frekuensi Saat Ini',2,'2021-04-01 03:32:27',2,'2021-04-01 03:32:27'),
	(596,'321','0','#',23,'$a Frekuensi Publikasi Sebelumnya',2,'2021-04-01 03:32:27',2,'2021-04-01 03:32:27'),
	(597,'520','#','#',23,'$a Catatan',2,'2021-04-01 03:32:27',2,'2021-04-01 03:32:27'),
	(598,'600','0','#',23,'$a Subject',2,'2021-04-01 03:32:27',2,'2021-04-01 03:32:27'),
	(599,'700','0','#',23,'$a Tajuk Pengarang Tambahan',2,'2021-04-01 03:32:27',2,'2021-04-01 03:32:27'),
	(600,'856','#','#',23,'$a Lokasi Koleksi Daring',2,'2021-04-01 03:32:27',2,'2021-04-01 03:32:27'),
	(601,'001',NULL,NULL,22,'$a INLIS000000000000022',2,'2021-04-01 03:33:26',2,'2021-04-01 03:33:26'),
	(602,'005',NULL,NULL,22,'$a 20210401033326',2,'2021-04-01 03:33:26',2,'2021-04-01 03:33:26'),
	(603,'008',NULL,NULL,22,'$a 210401###########################0######',2,'2021-04-01 03:33:26',2,'2021-04-01 03:33:26'),
	(604,'022','0','#',22,'$a ISBN',2,'2021-04-01 03:33:26',2,'2021-04-01 03:33:26'),
	(605,'035','#','#',22,'$a 0010-0321000010',2,'2021-04-01 03:33:26',2,'2021-04-01 03:33:26'),
	(606,'082',NULL,NULL,22,'$a 333',2,'2021-04-01 03:33:26',2,'2021-04-01 03:33:26'),
	(607,'084',NULL,NULL,22,'$a No. Panggil',2,'2021-04-01 03:33:26',2,'2021-04-01 03:33:26'),
	(608,'100','0','#',22,'$a Tajuk Pengarang Utama',2,'2021-04-01 03:33:26',2,'2021-04-01 03:33:26'),
	(609,'245','#','#',22,'$a ANTARA DAERAH DAN NEGARA INDONESIA TAHUN 1950 $b  $c ',2,'2021-04-01 03:33:26',2,'2021-04-01 03:33:26'),
	(610,'247','#','#',22,'$a judul sebelumnya',2,'2021-04-01 03:33:26',2,'2021-04-01 03:33:26'),
	(611,'260','0','#',22,'$a Jakarta $b Penerbit $c 2020',2,'2021-04-01 03:33:26',2,'2021-04-01 03:33:26'),
	(612,'300','#','#',22,'$a Jumlah Halaman $b Ket. Ilustrasi $c Dimensi $e Bahan Sertaan',2,'2021-04-01 03:33:26',2,'2021-04-01 03:33:26'),
	(613,'310',NULL,NULL,22,'$a Frekuensi Saat Ini',2,'2021-04-01 03:33:26',2,'2021-04-01 03:33:26'),
	(614,'321','0','#',22,'$a Frekuensi Publikasi Sebelumnya',2,'2021-04-01 03:33:26',2,'2021-04-01 03:33:26'),
	(615,'520','#','#',22,'$a Catatan',2,'2021-04-01 03:33:26',2,'2021-04-01 03:33:26'),
	(616,'600','0','#',22,'$a Subject',2,'2021-04-01 03:33:26',2,'2021-04-01 03:33:26'),
	(617,'700','0','#',22,'$a Tajuk Pengarang Tambahan',2,'2021-04-01 03:33:26',2,'2021-04-01 03:33:26'),
	(618,'856','#','#',22,'$a Lokasi Koleksi Daring',2,'2021-04-01 03:33:26',2,'2021-04-01 03:33:26'),
	(619,'001',NULL,NULL,21,'$a INLIS000000000000021',2,'2021-04-01 03:34:41',2,'2021-04-01 03:34:41'),
	(620,'005',NULL,NULL,21,'$a 20210401033441',2,'2021-04-01 03:34:41',2,'2021-04-01 03:34:41'),
	(621,'008',NULL,NULL,21,'$a 210401###########################0######',2,'2021-04-01 03:34:41',2,'2021-04-01 03:34:41'),
	(622,'022','0','#',21,'$a ISBN',2,'2021-04-01 03:34:41',2,'2021-04-01 03:34:41'),
	(623,'035','#','#',21,'$a 0010-0321000009',2,'2021-04-01 03:34:41',2,'2021-04-01 03:34:41'),
	(624,'082',NULL,NULL,21,'$a 333',2,'2021-04-01 03:34:41',2,'2021-04-01 03:34:41'),
	(625,'084',NULL,NULL,21,'$a No. Panggil',2,'2021-04-01 03:34:41',2,'2021-04-01 03:34:41'),
	(626,'100','0','#',21,'$a Tajuk Pengarang Utama',2,'2021-04-01 03:34:41',2,'2021-04-01 03:34:41'),
	(627,'245','#','#',21,'$a CARA MUDAH BERFILSAFAT $b  $c ',2,'2021-04-01 03:34:41',2,'2021-04-01 03:34:41'),
	(628,'247','#','#',21,'$a ',2,'2021-04-01 03:34:41',2,'2021-04-01 03:34:41'),
	(629,'260','0','#',21,'$a Jakarta $b Penerbit $c 2020',2,'2021-04-01 03:34:41',2,'2021-04-01 03:34:41'),
	(630,'300','#','#',21,'$a Jumlah Halaman $b Ket. Ilustrasi $c Dimensi $e Bahan Sertaan',2,'2021-04-01 03:34:41',2,'2021-04-01 03:34:41'),
	(631,'310',NULL,NULL,21,'$a Frekuensi Saat Ini',2,'2021-04-01 03:34:41',2,'2021-04-01 03:34:41'),
	(632,'321','0','#',21,'$a Frekuensi Publikasi Sebelumnya',2,'2021-04-01 03:34:41',2,'2021-04-01 03:34:41'),
	(633,'520','#','#',21,'$a Catatan',2,'2021-04-01 03:34:41',2,'2021-04-01 03:34:41'),
	(634,'600','0','#',21,'$a Subject',2,'2021-04-01 03:34:41',2,'2021-04-01 03:34:41'),
	(635,'700','0','#',21,'$a Tajuk Pengarang Tambahan',2,'2021-04-01 03:34:41',2,'2021-04-01 03:34:41'),
	(636,'856','#','#',21,'$a Lokasi Koleksi Daring',2,'2021-04-01 03:34:41',2,'2021-04-01 03:34:41'),
	(637,'001',NULL,NULL,20,'$a INLIS000000000000020',2,'2021-04-01 03:35:25',2,'2021-04-01 03:35:25'),
	(638,'005',NULL,NULL,20,'$a 20210401033525',2,'2021-04-01 03:35:25',2,'2021-04-01 03:35:25'),
	(639,'008',NULL,NULL,20,'$a 210401###########################0######',2,'2021-04-01 03:35:25',2,'2021-04-01 03:35:25'),
	(640,'022','0','#',20,'$a ISBN',2,'2021-04-01 03:35:25',2,'2021-04-01 03:35:25'),
	(641,'035','#','#',20,'$a 0010-0321000008',2,'2021-04-01 03:35:25',2,'2021-04-01 03:35:25'),
	(642,'082',NULL,NULL,20,'$a 333',2,'2021-04-01 03:35:25',2,'2021-04-01 03:35:25'),
	(643,'084',NULL,NULL,20,'$a No. Panggil',2,'2021-04-01 03:35:25',2,'2021-04-01 03:35:25'),
	(644,'100','0','#',20,'$a Tajuk Pengarang Utama',2,'2021-04-01 03:35:25',2,'2021-04-01 03:35:25'),
	(645,'245','#','#',20,'$a BELIEVE INTELLECTUALS IN THE SS WAR MACHINE $b  $c ',2,'2021-04-01 03:35:25',2,'2021-04-01 03:35:25'),
	(646,'247','#','#',20,'$a ',2,'2021-04-01 03:35:25',2,'2021-04-01 03:35:25'),
	(647,'260','0','#',20,'$a Jakarta $b Penerbit $c 2020',2,'2021-04-01 03:35:25',2,'2021-04-01 03:35:25'),
	(648,'300','#','#',20,'$a Jumlah Halaman $b Ket. Ilustrasi $c Dimensi $e Bahan Sertaan',2,'2021-04-01 03:35:25',2,'2021-04-01 03:35:25'),
	(649,'310',NULL,NULL,20,'$a Frekuensi Saat Ini',2,'2021-04-01 03:35:25',2,'2021-04-01 03:35:25'),
	(650,'321','0','#',20,'$a Frekuensi Publikasi Sebelumnya',2,'2021-04-01 03:35:25',2,'2021-04-01 03:35:25'),
	(651,'520','#','#',20,'$a Catatan',2,'2021-04-01 03:35:25',2,'2021-04-01 03:35:25'),
	(652,'600','0','#',20,'$a Subject',2,'2021-04-01 03:35:25',2,'2021-04-01 03:35:25'),
	(653,'700','0','#',20,'$a Tajuk Pengarang Tambahan',2,'2021-04-01 03:35:25',2,'2021-04-01 03:35:25'),
	(654,'856','#','#',20,'$a Lokasi Koleksi Daring',2,'2021-04-01 03:35:25',2,'2021-04-01 03:35:25'),
	(655,'001',NULL,NULL,19,'$a INLIS000000000000019',2,'2021-04-01 03:36:05',2,'2021-04-01 03:36:05'),
	(656,'005',NULL,NULL,19,'$a 20210401033604',2,'2021-04-01 03:36:05',2,'2021-04-01 03:36:05'),
	(657,'008',NULL,NULL,19,'$a 210401###########################0######',2,'2021-04-01 03:36:05',2,'2021-04-01 03:36:05'),
	(658,'022','0','#',19,'$a ISBN',2,'2021-04-01 03:36:05',2,'2021-04-01 03:36:05'),
	(659,'035','#','#',19,'$a 0010-0321000007',2,'2021-04-01 03:36:05',2,'2021-04-01 03:36:05'),
	(660,'082',NULL,NULL,19,'$a 333',2,'2021-04-01 03:36:05',2,'2021-04-01 03:36:05'),
	(661,'084',NULL,NULL,19,'$a No. Panggil',2,'2021-04-01 03:36:05',2,'2021-04-01 03:36:05'),
	(662,'100','0','#',19,'$a Tajuk Pengarang Utama',2,'2021-04-01 03:36:05',2,'2021-04-01 03:36:05'),
	(663,'245','#','#',19,'$a CATATAN SEORANG DEMONSTRAN $b  $c ',2,'2021-04-01 03:36:05',2,'2021-04-01 03:36:05'),
	(664,'247','#','#',19,'$a ',2,'2021-04-01 03:36:05',2,'2021-04-01 03:36:05'),
	(665,'260','0','#',19,'$a Jakarta $b Penerbit $c 2020',2,'2021-04-01 03:36:05',2,'2021-04-01 03:36:05'),
	(666,'300','#','#',19,'$a Jumlah Halaman $b Ket. Ilustrasi $c Dimensi $e Bahan Sertaan',2,'2021-04-01 03:36:05',2,'2021-04-01 03:36:05'),
	(667,'310',NULL,NULL,19,'$a Frekuensi Saat Ini',2,'2021-04-01 03:36:05',2,'2021-04-01 03:36:05'),
	(668,'321','0','#',19,'$a Frekuensi Publikasi Sebelumnya',2,'2021-04-01 03:36:05',2,'2021-04-01 03:36:05'),
	(669,'520','#','#',19,'$a Catatan',2,'2021-04-01 03:36:05',2,'2021-04-01 03:36:05'),
	(670,'600','0','#',19,'$a Subject',2,'2021-04-01 03:36:05',2,'2021-04-01 03:36:05'),
	(671,'700','0','#',19,'$a Tajuk Pengarang Tambahan',2,'2021-04-01 03:36:05',2,'2021-04-01 03:36:05'),
	(672,'856','#','#',19,'$a Lokasi Koleksi Daring',2,'2021-04-01 03:36:05',2,'2021-04-01 03:36:05'),
	(673,'001',NULL,NULL,18,'$a INLIS000000000000018',2,'2021-04-01 03:36:45',2,'2021-04-01 03:36:45'),
	(674,'005',NULL,NULL,18,'$a 20210401033645',2,'2021-04-01 03:36:45',2,'2021-04-01 03:36:45'),
	(675,'008',NULL,NULL,18,'$a 210401###########################0######',2,'2021-04-01 03:36:45',2,'2021-04-01 03:36:45'),
	(676,'022','0','#',18,'$a ISBN',2,'2021-04-01 03:36:45',2,'2021-04-01 03:36:45'),
	(677,'035','#','#',18,'$a 0010-0321000006',2,'2021-04-01 03:36:45',2,'2021-04-01 03:36:45'),
	(678,'082',NULL,NULL,18,'$a 333',2,'2021-04-01 03:36:45',2,'2021-04-01 03:36:45'),
	(679,'084',NULL,NULL,18,'$a No. Panggil',2,'2021-04-01 03:36:45',2,'2021-04-01 03:36:45'),
	(680,'100','0','#',18,'$a Tajuk Pengarang Utama',2,'2021-04-01 03:36:45',2,'2021-04-01 03:36:45'),
	(681,'245','#','#',18,'$a AUDIT TRAIL $b  $c ',2,'2021-04-01 03:36:45',2,'2021-04-01 03:36:45'),
	(682,'247','#','#',18,'$a ',2,'2021-04-01 03:36:45',2,'2021-04-01 03:36:45'),
	(683,'260','0','#',18,'$a Jakarta $b Penerbit $c 2020',2,'2021-04-01 03:36:45',2,'2021-04-01 03:36:45'),
	(684,'300','#','#',18,'$a Jumlah Halaman $b Ket. Ilustrasi $c Dimensi $e Bahan Sertaan',2,'2021-04-01 03:36:45',2,'2021-04-01 03:36:45'),
	(685,'310',NULL,NULL,18,'$a Frekuensi Saat Ini',2,'2021-04-01 03:36:45',2,'2021-04-01 03:36:45'),
	(686,'321','0','#',18,'$a Frekuensi Publikasi Sebelumnya',2,'2021-04-01 03:36:45',2,'2021-04-01 03:36:45'),
	(687,'520','#','#',18,'$a Catatan',2,'2021-04-01 03:36:45',2,'2021-04-01 03:36:45'),
	(688,'600','0','#',18,'$a Subject',2,'2021-04-01 03:36:45',2,'2021-04-01 03:36:45'),
	(689,'700','0','#',18,'$a Tajuk Pengarang Tambahan',2,'2021-04-01 03:36:45',2,'2021-04-01 03:36:45'),
	(690,'856','#','#',18,'$a Lokasi Koleksi Daring',2,'2021-04-01 03:36:45',2,'2021-04-01 03:36:45'),
	(727,'001',NULL,NULL,3,'$a INLIS000000000000003',2,'2021-04-07 05:38:13',2,'2021-04-07 05:38:13'),
	(728,'005',NULL,NULL,3,'$a 20210407053813',2,'2021-04-07 05:38:13',2,'2021-04-07 05:38:13'),
	(729,'008',NULL,NULL,3,'$a 210407###########################0######',2,'2021-04-07 05:38:13',2,'2021-04-07 05:38:13'),
	(730,'022','0','#',3,'$a ISSN',2,'2021-04-07 05:38:13',2,'2021-04-07 05:38:13'),
	(731,'035','#','#',3,'$a 0010-1120000003',2,'2021-04-07 05:38:13',2,'2021-04-07 05:38:13'),
	(732,'082',NULL,NULL,3,'$a 333',2,'2021-04-07 05:38:13',2,'2021-04-07 05:38:13'),
	(733,'084',NULL,NULL,3,'$a No. Panggil',2,'2021-04-07 05:38:13',2,'2021-04-07 05:38:13'),
	(734,'100','0','#',3,'$a Tajuk Pengarang Utama',2,'2021-04-07 05:38:13',2,'2021-04-07 05:38:13'),
	(735,'245','#','#',3,'$a BUNG KARNO BIOGRAFI PUTRA SANG FAJAR $b anak judul RDAxx $c penanggung jawab RDA',2,'2021-04-07 05:38:13',2,'2021-04-07 05:38:13'),
	(736,'247','#','#',3,'$a judul sebelumnya RDA1',2,'2021-04-07 05:38:13',2,'2021-04-07 05:38:13'),
	(737,'260','0','#',3,'$a Yogyakarta $b Excelmedia $c 2019',2,'2021-04-07 05:38:13',2,'2021-04-07 05:38:13'),
	(738,'300','#','#',3,'$a Jumlah Halaman $b Ket. Ilustrasi $c Dimensi $e Bahan Sertaan',2,'2021-04-07 05:38:13',2,'2021-04-07 05:38:13'),
	(739,'310',NULL,NULL,3,'$a Frekuensi Saat Ini',2,'2021-04-07 05:38:13',2,'2021-04-07 05:38:13'),
	(740,'321','0','#',3,'$a Frekuensi Publikasi Sebelumnya',2,'2021-04-07 05:38:13',2,'2021-04-07 05:38:13'),
	(741,'520','#','#',3,'$a Catatan',2,'2021-04-07 05:38:13',2,'2021-04-07 05:38:13'),
	(742,'600','0','#',3,'$a Subjek',2,'2021-04-07 05:38:13',2,'2021-04-07 05:38:13'),
	(743,'700','0','#',3,'$a Tajuk Pengarang Tambahan',2,'2021-04-07 05:38:13',2,'2021-04-07 05:38:13'),
	(744,'856','#','#',3,'$a Lokasi Koleksi Daring',2,'2021-04-07 05:38:13',2,'2021-04-07 05:38:13'),
	(745,'001',NULL,NULL,1,'$a INLIS000000000000001',2,'2021-04-07 05:41:11',2,'2021-04-07 05:41:11'),
	(746,'005',NULL,NULL,1,'$a 20210407054110',2,'2021-04-07 05:41:11',2,'2021-04-07 05:41:11'),
	(747,'008',NULL,NULL,1,'$a 210407###########################0######',2,'2021-04-07 05:41:11',2,'2021-04-07 05:41:11'),
	(748,'022','0','#',1,'$a ISSN',2,'2021-04-07 05:41:11',2,'2021-04-07 05:41:11'),
	(749,'035','#','#',1,'$a 0010-1120000001',2,'2021-04-07 05:41:11',2,'2021-04-07 05:41:11'),
	(750,'082',NULL,NULL,1,'$a 333',2,'2021-04-07 05:41:11',2,'2021-04-07 05:41:11'),
	(751,'084',NULL,NULL,1,'$a No. Panggil',2,'2021-04-07 05:41:11',2,'2021-04-07 05:41:11'),
	(752,'100','0','#',1,'$a Tajuk Pengarang Utama',2,'2021-04-07 05:41:11',2,'2021-04-07 05:41:11'),
	(753,'245','#','#',1,'$a 108 ILMUWAN & PENEMU DUNIA $b anak judul 108 ILMUWAN & PENEMU $c penanggung 108 ILMUWAN',2,'2021-04-07 05:41:11',2,'2021-04-07 05:41:11'),
	(754,'247','#','#',1,'$a judul sebelumnya',2,'2021-04-07 05:41:11',2,'2021-04-07 05:41:11'),
	(755,'247','#','#',1,'$a Judul Sebelumnya1',2,'2021-04-07 05:41:11',2,'2021-04-07 05:41:11'),
	(756,'260','0','#',1,'$a jakarta $b Gramedia $c 2019',2,'2021-04-07 05:41:11',2,'2021-04-07 05:41:11'),
	(757,'300','#','#',1,'$a Jumlah Halaman $b Ket. Ilustrasi $c Dimensi $e Bahan Sertaan',2,'2021-04-07 05:41:11',2,'2021-04-07 05:41:11'),
	(758,'310',NULL,NULL,1,'$a Frekuensi Saat Ini',2,'2021-04-07 05:41:11',2,'2021-04-07 05:41:11'),
	(759,'321','0','#',1,'$a Frekuensi Publikasi Sebelumnya',2,'2021-04-07 05:41:11',2,'2021-04-07 05:41:11'),
	(760,'520','#','#',1,'$a Catatan',2,'2021-04-07 05:41:11',2,'2021-04-07 05:41:11'),
	(761,'600','0','#',1,'$a Subjek',2,'2021-04-07 05:41:11',2,'2021-04-07 05:41:11'),
	(762,'700','0','#',1,'$a Tajuk Pengarang Tambahan',2,'2021-04-07 05:41:11',2,'2021-04-07 05:41:11'),
	(763,'700','0','#',1,'$a Tajuk Pengarang Tambahan ke dua',2,'2021-04-07 05:41:11',2,'2021-04-07 05:41:11'),
	(764,'700','0','#',1,'$a Tajuk Pengarang Tambahan ketiga',2,'2021-04-07 05:41:11',2,'2021-04-07 05:41:11'),
	(765,'856','#','#',1,'$a Lokasi Koleksi Daring',2,'2021-04-07 05:41:11',2,'2021-04-07 05:41:11'),
	(802,'001',NULL,NULL,26,'$a INLIS000000000000024',2,'2021-05-21 05:25:28',2,'2021-05-21 05:25:28'),
	(803,'005',NULL,NULL,26,'$a 20210521052528',2,'2021-05-21 05:25:28',2,'2021-05-21 05:25:28'),
	(804,'008',NULL,NULL,26,'$a 210521###########################0######',2,'2021-05-21 05:25:28',2,'2021-05-21 05:25:28'),
	(805,'022','0','#',26,'$a ',2,'2021-05-21 05:25:28',2,'2021-05-21 05:25:28'),
	(806,'035','#','#',26,'$a 0010-0521000001',2,'2021-05-21 05:25:28',2,'2021-05-21 05:25:28'),
	(807,'082',NULL,NULL,26,'$a ',2,'2021-05-21 05:25:28',2,'2021-05-21 05:25:28'),
	(808,'084',NULL,NULL,26,'$a ',2,'2021-05-21 05:25:28',2,'2021-05-21 05:25:28'),
	(809,'100','0','#',26,'$a ',2,'2021-05-21 05:25:28',2,'2021-05-21 05:25:28'),
	(810,'245','#','#',26,'$a 108 ILMUWAN & PENEMU DUNIA $b anak judul 108 ILMUWAN & PENEMU $c penanggung 108 ILMUWAN',2,'2021-05-21 05:25:28',2,'2021-05-21 05:25:28'),
	(811,'247','#','#',26,'$a ',2,'2021-05-21 05:25:28',2,'2021-05-21 05:25:28'),
	(812,'260','0','#',26,'$a  $b  $c ',2,'2021-05-21 05:25:28',2,'2021-05-21 05:25:28'),
	(813,'300','#','#',26,'$a  $b  $c  $e ',2,'2021-05-21 05:25:28',2,'2021-05-21 05:25:28'),
	(814,'310',NULL,NULL,26,'$a ',2,'2021-05-21 05:25:28',2,'2021-05-21 05:25:28'),
	(815,'321','0','#',26,'$a ',2,'2021-05-21 05:25:28',2,'2021-05-21 05:25:28'),
	(816,'520','#','#',26,'$a ',2,'2021-05-21 05:25:28',2,'2021-05-21 05:25:28'),
	(817,'600','0','#',26,'$a ',2,'2021-05-21 05:25:28',2,'2021-05-21 05:25:28'),
	(818,'700','0','#',26,'$a ',2,'2021-05-21 05:25:28',2,'2021-05-21 05:25:28'),
	(819,'856','#','#',26,'$a ',2,'2021-05-21 05:25:28',2,'2021-05-21 05:25:28'),
	(820,'001',NULL,NULL,27,'$a INLIS000000000000025',2,'2021-09-22 11:06:07',2,'2021-09-22 11:06:07'),
	(821,'005',NULL,NULL,27,'$a 20210922110606',2,'2021-09-22 11:06:07',2,'2021-09-22 11:06:07'),
	(822,'008',NULL,NULL,27,'$a 210922################a##########1#ara##',2,'2021-09-22 11:06:07',2,'2021-09-22 11:06:07'),
	(823,'022','0','#',27,'$a issn',2,'2021-09-22 11:06:07',2,'2021-09-22 11:06:07'),
	(824,'035','#','#',27,'$a 0010-0921000001',2,'2021-09-22 11:06:07',2,'2021-09-22 11:06:07'),
	(825,'082',NULL,NULL,27,'$a nomor dewey',2,'2021-09-22 11:06:07',2,'2021-09-22 11:06:07'),
	(826,'084',NULL,NULL,27,'$a no panggil',2,'2021-09-22 11:06:07',2,'2021-09-22 11:06:07'),
	(827,'100','0','#',27,'$a pengarang utama',2,'2021-09-22 11:06:07',2,'2021-09-22 11:06:07'),
	(828,'245','#','#',27,'$a judul $b anak judul $c penanggung jawab',2,'2021-09-22 11:06:07',2,'2021-09-22 11:06:07'),
	(829,'247','#','#',27,'$a judul sebelumnya',2,'2021-09-22 11:06:07',2,'2021-09-22 11:06:07'),
	(830,'260','0','#',27,'$a tempat penerbit $b penerbit $c tahun terbit',2,'2021-09-22 11:06:07',2,'2021-09-22 11:06:07'),
	(831,'300','#','#',27,'$a jumlah halamab $b ket illus $c dimensi $e bahan sertaan',2,'2021-09-22 11:06:07',2,'2021-09-22 11:06:07'),
	(832,'310',NULL,NULL,27,'$a frekuensi saat ini',2,'2021-09-22 11:06:07',2,'2021-09-22 11:06:07'),
	(833,'321','0','#',27,'$a frekuensi seblumnya',2,'2021-09-22 11:06:07',2,'2021-09-22 11:06:07'),
	(834,'520','#','#',27,'$a ini adlah contoh catatan',2,'2021-09-22 11:06:07',2,'2021-09-22 11:06:07'),
	(835,'600','0','#',27,'$a subjek nama orang',2,'2021-09-22 11:06:07',2,'2021-09-22 11:06:07'),
	(836,'700','0','#',27,'$a pengarang tambahan',2,'2021-09-22 11:06:07',2,'2021-09-22 11:06:07'),
	(837,'856','#','#',27,'$a lokasi daring',2,'2021-09-22 11:06:07',2,'2021-09-22 11:06:07'),
	(838,'001',NULL,NULL,28,'$a INLIS000000000000026',2,'2021-09-24 01:45:38',2,'2021-09-24 01:45:38'),
	(839,'005',NULL,NULL,28,'$a 20210924014538',2,'2021-09-24 01:45:38',2,'2021-09-24 01:45:38'),
	(840,'008',NULL,NULL,28,'$a 210924###########################0######',2,'2021-09-24 01:45:38',2,'2021-09-24 01:45:38'),
	(841,'022','0','#',28,'$a ',2,'2021-09-24 01:45:38',2,'2021-09-24 01:45:38'),
	(842,'035','#','#',28,'$a 0010-0921000002',2,'2021-09-24 01:45:38',2,'2021-09-24 01:45:38'),
	(843,'082',NULL,NULL,28,'$a ',2,'2021-09-24 01:45:38',2,'2021-09-24 01:45:38'),
	(844,'084',NULL,NULL,28,'$a ',2,'2021-09-24 01:45:38',2,'2021-09-24 01:45:38'),
	(845,'100','0','#',28,'$a tajuk pengarang, pengarang utama',2,'2021-09-24 01:45:38',2,'2021-09-24 01:45:38'),
	(846,'245','#','#',28,'$a judul $b anak judul $c penanggun jawab',2,'2021-09-24 01:45:38',2,'2021-09-24 01:45:38'),
	(847,'247','#','#',28,'$a judul sebelumnya',2,'2021-09-24 01:45:38',2,'2021-09-24 01:45:38'),
	(848,'260','0','#',28,'$a  $b  $c ',2,'2021-09-24 01:45:38',2,'2021-09-24 01:45:38'),
	(849,'300','#','#',28,'$a  $b  $c  $e ',2,'2021-09-24 01:45:38',2,'2021-09-24 01:45:38'),
	(850,'310',NULL,NULL,28,'$a ',2,'2021-09-24 01:45:38',2,'2021-09-24 01:45:38'),
	(851,'321','0','#',28,'$a ',2,'2021-09-24 01:45:38',2,'2021-09-24 01:45:38'),
	(852,'520','#','#',28,'$a ',2,'2021-09-24 01:45:38',2,'2021-09-24 01:45:38'),
	(853,'600','0','#',28,'$a ',2,'2021-09-24 01:45:38',2,'2021-09-24 01:45:38'),
	(854,'700','0','#',28,'$a tajuk pengarang, pengarang tambahan',2,'2021-09-24 01:45:38',2,'2021-09-24 01:45:38'),
	(855,'856','#','#',28,'$a ',2,'2021-09-24 01:45:38',2,'2021-09-24 01:45:38'),
	(856,'001',NULL,NULL,29,'$a INLIS000000000000027',2,'2021-09-29 11:18:56',2,'2021-09-29 11:18:56'),
	(857,'005',NULL,NULL,29,'$a 20210929111856',2,'2021-09-29 11:18:56',2,'2021-09-29 11:18:56'),
	(858,'008',NULL,NULL,29,'$a 210929###########################0######',2,'2021-09-29 11:18:56',2,'2021-09-29 11:18:56'),
	(859,'022','0','#',29,'$a ',2,'2021-09-29 11:18:56',2,'2021-09-29 11:18:56'),
	(860,'035','#','#',29,'$a 0010-0921000003',2,'2021-09-29 11:18:56',2,'2021-09-29 11:18:56'),
	(861,'082',NULL,NULL,29,'$a ',2,'2021-09-29 11:18:56',2,'2021-09-29 11:18:56'),
	(862,'084',NULL,NULL,29,'$a ',2,'2021-09-29 11:18:56',2,'2021-09-29 11:18:56'),
	(863,'100','0','#',29,'$a ',2,'2021-09-29 11:18:56',2,'2021-09-29 11:18:56'),
	(864,'245','#','#',29,'$a judul $b anak judul $c penanggung jawab',2,'2021-09-29 11:18:56',2,'2021-09-29 11:18:56'),
	(865,'247','#','#',29,'$a judul seblumnya',2,'2021-09-29 11:18:56',2,'2021-09-29 11:18:56'),
	(866,'260','0','#',29,'$a  $b  $c ',2,'2021-09-29 11:18:56',2,'2021-09-29 11:18:56'),
	(867,'300','#','#',29,'$a  $b  $c  $e ',2,'2021-09-29 11:18:56',2,'2021-09-29 11:18:56'),
	(868,'310',NULL,NULL,29,'$a ',2,'2021-09-29 11:18:56',2,'2021-09-29 11:18:56'),
	(869,'321','0','#',29,'$a ',2,'2021-09-29 11:18:56',2,'2021-09-29 11:18:56'),
	(870,'520','#','#',29,'$a ',2,'2021-09-29 11:18:56',2,'2021-09-29 11:18:56'),
	(871,'600','0','#',29,'$a ',2,'2021-09-29 11:18:56',2,'2021-09-29 11:18:56'),
	(872,'700','0','#',29,'$a ',2,'2021-09-29 11:18:56',2,'2021-09-29 11:18:56'),
	(873,'856','#','#',29,'$a ',2,'2021-09-29 11:18:56',2,'2021-09-29 11:18:56'),
	(874,'001',NULL,NULL,30,'$a INLIS000000000000028',2,'2021-09-29 11:21:59',2,'2021-09-29 11:21:59'),
	(875,'005',NULL,NULL,30,'$a 20210929112159',2,'2021-09-29 11:21:59',2,'2021-09-29 11:21:59'),
	(876,'008',NULL,NULL,30,'$a 210929###########################0######',2,'2021-09-29 11:21:59',2,'2021-09-29 11:21:59'),
	(877,'022','0','#',30,'$a ',2,'2021-09-29 11:21:59',2,'2021-09-29 11:21:59'),
	(878,'035','#','#',30,'$a 0010-0921000004',2,'2021-09-29 11:21:59',2,'2021-09-29 11:21:59'),
	(879,'082',NULL,NULL,30,'$a ',2,'2021-09-29 11:21:59',2,'2021-09-29 11:21:59'),
	(880,'084',NULL,NULL,30,'$a ',2,'2021-09-29 11:21:59',2,'2021-09-29 11:21:59'),
	(881,'100','0','#',30,'$a ',2,'2021-09-29 11:21:59',2,'2021-09-29 11:21:59'),
	(882,'245','#','#',30,'$a Aku pengen jadi orang bodoh $b kebodohan yang hakiki $c permadi arya',2,'2021-09-29 11:21:59',2,'2021-09-29 11:21:59'),
	(883,'247','#','#',30,'$a permadi arya superman dari indonesia',2,'2021-09-29 11:21:59',2,'2021-09-29 11:21:59'),
	(884,'247','#','#',30,'$a pemardi arya suka menabung',2,'2021-09-29 11:21:59',2,'2021-09-29 11:21:59'),
	(885,'260','0','#',30,'$a  $b  $c ',2,'2021-09-29 11:21:59',2,'2021-09-29 11:21:59'),
	(886,'300','#','#',30,'$a  $b  $c  $e ',2,'2021-09-29 11:21:59',2,'2021-09-29 11:21:59'),
	(887,'310',NULL,NULL,30,'$a ',2,'2021-09-29 11:21:59',2,'2021-09-29 11:21:59'),
	(888,'321','0','#',30,'$a ',2,'2021-09-29 11:21:59',2,'2021-09-29 11:21:59'),
	(889,'520','#','#',30,'$a ',2,'2021-09-29 11:21:59',2,'2021-09-29 11:21:59'),
	(890,'600','0','#',30,'$a ',2,'2021-09-29 11:21:59',2,'2021-09-29 11:21:59'),
	(891,'700','0','#',30,'$a ',2,'2021-09-29 11:21:59',2,'2021-09-29 11:21:59'),
	(892,'856','#','#',30,'$a ',2,'2021-09-29 11:21:59',2,'2021-09-29 11:21:59'),
	(893,'001',NULL,NULL,31,'$a INLIS000000000000029',2,'2021-10-01 04:47:27',2,'2021-10-01 04:47:27'),
	(894,'005',NULL,NULL,31,'$a 20211001044727',2,'2021-10-01 04:47:27',2,'2021-10-01 04:47:27'),
	(895,'008',NULL,NULL,31,'$a 211001###########################0######',2,'2021-10-01 04:47:27',2,'2021-10-01 04:47:27'),
	(896,'022','0','#',31,'$a ',2,'2021-10-01 04:47:27',2,'2021-10-01 04:47:27'),
	(897,'035','#','#',31,'$a 0010-1021000001',2,'2021-10-01 04:47:27',2,'2021-10-01 04:47:27'),
	(898,'082',NULL,NULL,31,'$a ',2,'2021-10-01 04:47:27',2,'2021-10-01 04:47:27'),
	(899,'084',NULL,NULL,31,'$a ',2,'2021-10-01 04:47:27',2,'2021-10-01 04:47:27'),
	(900,'100','0','#',31,'$a permadi',2,'2021-10-01 04:47:27',2,'2021-10-01 04:47:27'),
	(901,'245','#','#',31,'$a aku bukanlah superman $b tetapi ikan $c permadi arya',2,'2021-10-01 04:47:27',2,'2021-10-01 04:47:27'),
	(902,'247','#','#',31,'$a judul sebelumnya',2,'2021-10-01 04:47:27',2,'2021-10-01 04:47:27'),
	(903,'260','2','#',31,'$a  $b  $c ',2,'2021-10-01 04:47:27',2,'2021-10-01 04:47:27'),
	(904,'300','#','#',31,'$a  $b  $c  $e ',2,'2021-10-01 04:47:27',2,'2021-10-01 04:47:27'),
	(905,'310',NULL,NULL,31,'$a ',2,'2021-10-01 04:47:27',2,'2021-10-01 04:47:27'),
	(906,'321','2','#',31,'$a ',2,'2021-10-01 04:47:27',2,'2021-10-01 04:47:27'),
	(907,'520','#','#',31,'$a ',2,'2021-10-01 04:47:27',2,'2021-10-01 04:47:27'),
	(908,'600','0','#',31,'$a ',2,'2021-10-01 04:47:27',2,'2021-10-01 04:47:27'),
	(909,'700','1','#',31,'$a arya',2,'2021-10-01 04:47:27',2,'2021-10-01 04:47:27'),
	(910,'700','2','#',31,'$a sriyono',2,'2021-10-01 04:47:27',2,'2021-10-01 04:47:27'),
	(911,'856','#','#',31,'$a ',2,'2021-10-01 04:47:27',2,'2021-10-01 04:47:27'),
	(912,'001','#','#',51,'$a 211006###########################0######',NULL,NULL,NULL,NULL),
	(913,'245','#','#',51,'$i judul utama',NULL,NULL,NULL,NULL),
	(914,'245','#','#',51,'$i anak judul',NULL,NULL,NULL,NULL),
	(915,'245','#','#',51,'$i penanggung jawab',NULL,NULL,NULL,NULL),
	(916,'247','#','#',51,'$a judul sebelumnya 1',NULL,NULL,NULL,NULL),
	(917,'100','0','#',51,'$a pengarang utama',NULL,NULL,NULL,NULL),
	(918,'700','#','#',51,'$a pengarang tambahan $b pengarang tambahan 2 ',NULL,NULL,NULL,NULL),
	(919,'260','#','#',51,'$a tempat terbit $b penerbit $c tahun terbit',NULL,NULL,NULL,NULL),
	(920,'310','#','#',51,'$a freq saat ini',NULL,NULL,NULL,NULL),
	(921,'310','#','#',51,'$a freq sebelumnya',NULL,NULL,NULL,NULL),
	(922,'300','#','#',51,'$a jumlah halaman $b ket ilustrasi $c dimensi $e bahan sertaan',NULL,NULL,NULL,NULL),
	(923,'600','#','#',51,'$a subjek 1',NULL,NULL,NULL,NULL),
	(924,'600','#','#',51,'$a subjek 2',NULL,NULL,NULL,NULL),
	(925,'084','0','#',51,'$a No panggil',NULL,NULL,NULL,NULL),
	(926,'022','0','#',51,'$a issn',NULL,NULL,NULL,NULL),
	(927,'022','0','#',51,'$a issn 2',NULL,NULL,NULL,NULL),
	(928,'600','#','#',51,'$a lokasi 1',NULL,NULL,NULL,NULL),
	(929,'600','#','#',51,'$a lokasi 2',NULL,NULL,NULL,NULL),
	(930,'005',NULL,NULL,51,'$a $a 20211006005245',NULL,NULL,NULL,NULL),
	(931,'001','#','#',52,'$a 211006###########################0######',NULL,NULL,NULL,NULL),
	(932,'245','#','#',52,'$i judul utama',NULL,NULL,NULL,NULL),
	(933,'245','#','#',52,'$i anak judul',NULL,NULL,NULL,NULL),
	(934,'245','#','#',52,'$i penanggung jawab',NULL,NULL,NULL,NULL),
	(935,'247','#','#',52,'$a judul sebelumnya 1',NULL,NULL,NULL,NULL),
	(936,'100','0','#',52,'$a pengarang utama',NULL,NULL,NULL,NULL),
	(937,'700','#','#',52,'$a pengarang tambahan $b pengarang tambahan 2 ',NULL,NULL,NULL,NULL),
	(938,'260','#','#',52,'$a tempat terbit $b penerbit $c tahun terbit',NULL,NULL,NULL,NULL),
	(939,'310','#','#',52,'$a freq saat ini',NULL,NULL,NULL,NULL),
	(940,'310','#','#',52,'$a freq sebelumnya',NULL,NULL,NULL,NULL),
	(941,'300','#','#',52,'$a jumlah halaman $b ket ilustrasi $c dimensi $e bahan sertaan',NULL,NULL,NULL,NULL),
	(942,'600','#','#',52,'$a subjek 1',NULL,NULL,NULL,NULL),
	(943,'600','#','#',52,'$a subjek 2',NULL,NULL,NULL,NULL),
	(944,'084','0','#',52,'$a No panggil',NULL,NULL,NULL,NULL),
	(945,'022','0','#',52,'$a issn',NULL,NULL,NULL,NULL),
	(946,'022','0','#',52,'$a issn 2',NULL,NULL,NULL,NULL),
	(947,'856','#','#',52,'$a lokasi 1',NULL,NULL,NULL,NULL),
	(948,'856','#','#',52,'$a lokasi 2',NULL,NULL,NULL,NULL),
	(949,'005',NULL,NULL,52,'$a $a 20211006005857',NULL,NULL,NULL,NULL),
	(950,'008','#','#',53,'$a 211006###########################0######',NULL,NULL,NULL,NULL),
	(951,'245','#','#',53,'$i judul utama',NULL,NULL,NULL,NULL),
	(952,'245','#','#',53,'$i anak judul',NULL,NULL,NULL,NULL),
	(953,'245','#','#',53,'$i penanggung jawab',NULL,NULL,NULL,NULL),
	(954,'247','#','#',53,'$a judul sebelumnya 1',NULL,NULL,NULL,NULL),
	(955,'100','0','#',53,'$a pengarang utama',NULL,NULL,NULL,NULL),
	(956,'700','#','#',53,'$a pengarang tambahan $b pengarang tambahan 2 ',NULL,NULL,NULL,NULL),
	(957,'260','#','#',53,'$a tempat terbit $b penerbit $c tahun terbit',NULL,NULL,NULL,NULL),
	(958,'310','#','#',53,'$a freq saat ini',NULL,NULL,NULL,NULL),
	(959,'310','#','#',53,'$a freq sebelumnya',NULL,NULL,NULL,NULL),
	(960,'300','#','#',53,'$a jumlah halaman $b ket ilustrasi $c dimensi $e bahan sertaan',NULL,NULL,NULL,NULL),
	(961,'600','#','#',53,'$a subjek 1',NULL,NULL,NULL,NULL),
	(962,'600','#','#',53,'$a subjek 2',NULL,NULL,NULL,NULL),
	(963,'084','0','#',53,'$a No panggil',NULL,NULL,NULL,NULL),
	(964,'022','0','#',53,'$a issn',NULL,NULL,NULL,NULL),
	(965,'022','0','#',53,'$a issn 2',NULL,NULL,NULL,NULL),
	(966,'856','#','#',53,'$a lokasi 1',NULL,NULL,NULL,NULL),
	(967,'856','#','#',53,'$a lokasi 2',NULL,NULL,NULL,NULL),
	(968,'005',NULL,NULL,53,'$a $a 20211006005934',NULL,NULL,NULL,NULL),
	(969,'008','#','#',54,'$a 211006###########################0######',NULL,NULL,NULL,NULL),
	(970,'245','#','#',54,'$i judul utama',NULL,NULL,NULL,NULL),
	(971,'245','#','#',54,'$i anak judul',NULL,NULL,NULL,NULL),
	(972,'245','#','#',54,'$i penanggung jawab',NULL,NULL,NULL,NULL),
	(973,'247','#','#',54,'$a judul sebelumnya 1',NULL,NULL,NULL,NULL),
	(974,'100','0','#',54,'$a pengarang utama',NULL,NULL,NULL,NULL),
	(975,'700','#','#',54,'$a pengarang tambahan $b pengarang tambahan 2 ',NULL,NULL,NULL,NULL),
	(976,'260','#','#',54,'$a tempat terbit $b penerbit $c tahun terbit',NULL,NULL,NULL,NULL),
	(977,'310','#','#',54,'$a freq saat ini',NULL,NULL,NULL,NULL),
	(978,'310','#','#',54,'$a freq sebelumnya',NULL,NULL,NULL,NULL),
	(979,'300','#','#',54,'$a jumlah halaman $b ket ilustrasi $c dimensi $e bahan sertaan',NULL,NULL,NULL,NULL),
	(980,'600','#','#',54,'$a subjek 1',NULL,NULL,NULL,NULL),
	(981,'600','#','#',54,'$a subjek 2',NULL,NULL,NULL,NULL),
	(982,'084','0','#',54,'$a No panggil',NULL,NULL,NULL,NULL),
	(983,'022','0','#',54,'$a issn',NULL,NULL,NULL,NULL),
	(984,'022','0','#',54,'$a issn 2',NULL,NULL,NULL,NULL),
	(985,'856','#','#',54,'$a lokasi 1',NULL,NULL,NULL,NULL),
	(986,'856','#','#',54,'$a lokasi 2',NULL,NULL,NULL,NULL),
	(987,'001',NULL,NULL,54,'$a INLIS000000000000052',NULL,NULL,NULL,NULL),
	(988,'005',NULL,NULL,54,'$a $a 20211006010226',NULL,NULL,NULL,NULL),
	(989,'008',NULL,NULL,55,'$a 211006###########################0######',NULL,NULL,NULL,NULL),
	(990,'245','#','#',55,'$i judul utama$i anak judul$i penanggung jawab',NULL,NULL,NULL,NULL),
	(991,'247','#','#',55,'$a judul sebelumnya',NULL,NULL,NULL,NULL),
	(992,'247','#','#',55,'$a judul sebelumnya',NULL,NULL,NULL,NULL),
	(993,'100','0','#',55,'$a pengarang utama',NULL,NULL,NULL,NULL),
	(994,'700','#','#',55,'$a pengarang tambahan $b pengarang tambahan 2 ',NULL,NULL,NULL,NULL),
	(995,'260','#','#',55,'$a tempat penerbit $b penerbit $c tahun',NULL,NULL,NULL,NULL),
	(996,'310','#','#',55,'$a frekuensi saat ini',NULL,NULL,NULL,NULL),
	(997,'310','#','#',55,'$a frekuensi sebelumnya',NULL,NULL,NULL,NULL),
	(998,'300','#','#',55,'$a jml halaman $b ket ilustrasi $c dimensi $e bahan sertaan',NULL,NULL,NULL,NULL),
	(999,'600','#','#',55,'$a subjek 1',NULL,NULL,NULL,NULL),
	(1000,'600','#','#',55,'$a subjek 2',NULL,NULL,NULL,NULL),
	(1001,'600','#','#',55,'$a subjek 3',NULL,NULL,NULL,NULL),
	(1002,'082',NULL,NULL,55,'$a Dewey No',NULL,NULL,NULL,NULL),
	(1003,'084','0','#',55,'$a no panggil 1',NULL,NULL,NULL,NULL),
	(1004,'084','0','#',55,'$a no panggil 2',NULL,NULL,NULL,NULL),
	(1005,'022','0','#',55,'$a issn ',NULL,NULL,NULL,NULL),
	(1006,'022','0','#',55,'$a issn 2',NULL,NULL,NULL,NULL),
	(1007,'520','#','#',55,'$a catatan 1',NULL,NULL,NULL,NULL),
	(1008,'520','#','#',55,'$a catatan 1',NULL,NULL,NULL,NULL),
	(1009,'856','#','#',55,'$a lokasi 1',NULL,NULL,NULL,NULL),
	(1010,'856','#','#',55,'$a lokasi 2',NULL,NULL,NULL,NULL),
	(1011,'001',NULL,NULL,55,'$a INLIS000000000000053',NULL,NULL,NULL,NULL),
	(1012,'005',NULL,NULL,55,'$a 20211006125250',NULL,NULL,NULL,NULL),
	(1013,'008',NULL,NULL,56,'$a 211006###########################0######',NULL,NULL,NULL,NULL),
	(1014,'245','#','#',56,'a judul utamab anak judulc penanggung jawab',NULL,NULL,NULL,NULL),
	(1015,'247','#','#',56,'$a judul sebelumnya',NULL,NULL,NULL,NULL),
	(1016,'247','#','#',56,'$a judul sebelumnya',NULL,NULL,NULL,NULL),
	(1017,'100','0','#',56,'$a pengarang utama',NULL,NULL,NULL,NULL),
	(1018,'700','#','#',56,'$a pengarang tambahan $b pengarang tambahan 2 ',NULL,NULL,NULL,NULL),
	(1019,'260','#','#',56,'$a tempat penerbit $b penerbit $c tahun',NULL,NULL,NULL,NULL),
	(1020,'310','#','#',56,'$a frekuensi saat ini',NULL,NULL,NULL,NULL),
	(1021,'310','#','#',56,'$a frekuensi sebelumnya',NULL,NULL,NULL,NULL),
	(1022,'300','#','#',56,'$a jml halaman $b ket ilustrasi $c dimensi $e bahan sertaan',NULL,NULL,NULL,NULL),
	(1023,'600','#','#',56,'$a subjek 1',NULL,NULL,NULL,NULL),
	(1024,'600','#','#',56,'$a subjek 2',NULL,NULL,NULL,NULL),
	(1025,'600','#','#',56,'$a subjek 3',NULL,NULL,NULL,NULL),
	(1026,'082',NULL,NULL,56,'$a Dewey No',NULL,NULL,NULL,NULL),
	(1027,'084','0','#',56,'$a no panggil 1',NULL,NULL,NULL,NULL),
	(1028,'084','0','#',56,'$a no panggil 2',NULL,NULL,NULL,NULL),
	(1029,'022','0','#',56,'$a issn ',NULL,NULL,NULL,NULL),
	(1030,'022','0','#',56,'$a issn 2',NULL,NULL,NULL,NULL),
	(1031,'520','#','#',56,'$a catatan 1',NULL,NULL,NULL,NULL),
	(1032,'520','#','#',56,'$a catatan 1',NULL,NULL,NULL,NULL),
	(1033,'856','#','#',56,'$a lokasi 1',NULL,NULL,NULL,NULL),
	(1034,'856','#','#',56,'$a lokasi 2',NULL,NULL,NULL,NULL),
	(1035,'001',NULL,NULL,56,'$a INLIS000000000000054',NULL,NULL,NULL,NULL),
	(1036,'005',NULL,NULL,56,'$a 20211006125543',NULL,NULL,NULL,NULL),
	(1037,'008',NULL,NULL,57,'$a 211006###########################0######',NULL,NULL,NULL,NULL),
	(1038,'245','#','#',57,'$a judul utama $b anak judul $c penanggung jawab ',NULL,NULL,NULL,NULL),
	(1039,'247','#','#',57,'$a judul sebelumnya',NULL,NULL,NULL,NULL),
	(1040,'247','#','#',57,'$a judul sebelumnya',NULL,NULL,NULL,NULL),
	(1041,'100','0','#',57,'$a pengarang utama',NULL,NULL,NULL,NULL),
	(1042,'700','#','#',57,'$a pengarang tambahan $b pengarang tambahan 2 ',NULL,NULL,NULL,NULL),
	(1043,'260','#','#',57,'$a tempat penerbit $b penerbit $c tahun',NULL,NULL,NULL,NULL),
	(1044,'310','#','#',57,'$a frekuensi saat ini',NULL,NULL,NULL,NULL),
	(1045,'310','#','#',57,'$a frekuensi sebelumnya',NULL,NULL,NULL,NULL),
	(1046,'300','#','#',57,'$a jml halaman $b ket ilustrasi $c dimensi $e bahan sertaan',NULL,NULL,NULL,NULL),
	(1047,'600','#','#',57,'$a subjek 1',NULL,NULL,NULL,NULL),
	(1048,'600','#','#',57,'$a subjek 2',NULL,NULL,NULL,NULL),
	(1049,'600','#','#',57,'$a subjek 3',NULL,NULL,NULL,NULL),
	(1050,'082',NULL,NULL,57,'$a Dewey No',NULL,NULL,NULL,NULL),
	(1051,'084','0','#',57,'$a no panggil 1',NULL,NULL,NULL,NULL),
	(1052,'084','0','#',57,'$a no panggil 2',NULL,NULL,NULL,NULL),
	(1053,'022','0','#',57,'$a issn ',NULL,NULL,NULL,NULL),
	(1054,'022','0','#',57,'$a issn 2',NULL,NULL,NULL,NULL),
	(1055,'520','#','#',57,'$a catatan 1',NULL,NULL,NULL,NULL),
	(1056,'520','#','#',57,'$a catatan 1',NULL,NULL,NULL,NULL),
	(1057,'856','#','#',57,'$a lokasi 1',NULL,NULL,NULL,NULL),
	(1058,'856','#','#',57,'$a lokasi 2',NULL,NULL,NULL,NULL),
	(1059,'001',NULL,NULL,57,'$a INLIS000000000000055',NULL,NULL,NULL,NULL),
	(1060,'005',NULL,NULL,57,'$a 20211006125655',NULL,NULL,NULL,NULL),
	(1061,'008',NULL,NULL,64,'$a 211006###########################0######',NULL,NULL,NULL,NULL),
	(1062,'245','#','#',64,'$a judul utama $b anak judul $c penanggung jawab ',NULL,NULL,NULL,NULL),
	(1063,'247','#','#',64,'$a judul sebelumnya',NULL,NULL,NULL,NULL),
	(1064,'247','#','#',64,'$a judul sebelumnya',NULL,NULL,NULL,NULL),
	(1065,'100','0','#',64,'$a pengarang utama',NULL,NULL,NULL,NULL),
	(1066,'700','#','#',64,'$a pengarang tambahan $b pengarang tambahan 2 ',NULL,NULL,NULL,NULL),
	(1067,'260','#','#',64,'$a tempat penerbit $b penerbit $c tahun',NULL,NULL,NULL,NULL),
	(1068,'310','#','#',64,'$a frekuensi saat ini',NULL,NULL,NULL,NULL),
	(1069,'310','#','#',64,'$a frekuensi sebelumnya',NULL,NULL,NULL,NULL),
	(1070,'300','#','#',64,'$a jml halaman $b ket ilustrasi $c dimensi $e bahan sertaan',NULL,NULL,NULL,NULL),
	(1071,'600','#','#',64,'$a subjek 1',NULL,NULL,NULL,NULL),
	(1072,'600','#','#',64,'$a subjek 2',NULL,NULL,NULL,NULL),
	(1073,'600','#','#',64,'$a subjek 3',NULL,NULL,NULL,NULL),
	(1074,'082',NULL,NULL,64,'$a Dewey No',NULL,NULL,NULL,NULL),
	(1075,'084','0','#',64,'$a no panggil 1',NULL,NULL,NULL,NULL),
	(1076,'084','0','#',64,'$a no panggil 2',NULL,NULL,NULL,NULL),
	(1077,'022','0','#',64,'$a issn ',NULL,NULL,NULL,NULL),
	(1078,'022','0','#',64,'$a issn 2',NULL,NULL,NULL,NULL),
	(1079,'520','#','#',64,'$a catatan 1',NULL,NULL,NULL,NULL),
	(1080,'520','#','#',64,'$a catatan 1',NULL,NULL,NULL,NULL),
	(1081,'856','#','#',64,'$a lokasi 1',NULL,NULL,NULL,NULL),
	(1082,'856','#','#',64,'$a lokasi 2',NULL,NULL,NULL,NULL),
	(1083,'001',NULL,NULL,64,'$a INLIS000000000000062',NULL,NULL,NULL,NULL),
	(1084,'035','#','#',64,'$a 0010-1021000038',NULL,NULL,NULL,NULL),
	(1085,'005',NULL,NULL,64,'$a 20211006130425',NULL,NULL,NULL,NULL),
	(1086,'008',NULL,NULL,66,'$a 211006###########################0######',NULL,NULL,NULL,NULL),
	(1087,'245','#','#',66,'$a judul utama $b anak judul $c penanggung jawab ',NULL,NULL,NULL,NULL),
	(1088,'247','#','#',66,'$a judul sebelumnya',NULL,NULL,NULL,NULL),
	(1089,'247','#','#',66,'$a judul sebelumnya',NULL,NULL,NULL,NULL),
	(1090,'100','0','#',66,'$a pengarang utama',NULL,NULL,NULL,NULL),
	(1091,'700','#','#',66,'$a pengarang tambahan $b pengarang tambahan 2 ',NULL,NULL,NULL,NULL),
	(1092,'260','#','#',66,'$a tempat penerbit $b penerbit $c tahun',NULL,NULL,NULL,NULL),
	(1093,'310','#','#',66,'$a frekuensi saat ini',NULL,NULL,NULL,NULL),
	(1094,'321','#','#',66,'$a frekuensi sebelumnya',NULL,NULL,NULL,NULL),
	(1095,'300','#','#',66,'$a jml halaman $b ket ilustrasi $c dimensi $e bahan sertaan',NULL,NULL,NULL,NULL),
	(1096,'600','#','#',66,'$a subjek 1',NULL,NULL,NULL,NULL),
	(1097,'600','#','#',66,'$a subjek 2',NULL,NULL,NULL,NULL),
	(1098,'600','#','#',66,'$a subjek 3',NULL,NULL,NULL,NULL),
	(1099,'082',NULL,NULL,66,'$a Dewey No',NULL,NULL,NULL,NULL),
	(1100,'084','0','#',66,'$a no panggil 1',NULL,NULL,NULL,NULL),
	(1101,'084','0','#',66,'$a no panggil 2',NULL,NULL,NULL,NULL),
	(1102,'022','0','#',66,'$a issn ',NULL,NULL,NULL,NULL),
	(1103,'022','0','#',66,'$a issn 2',NULL,NULL,NULL,NULL),
	(1104,'520','#','#',66,'$a catatan 1',NULL,NULL,NULL,NULL),
	(1105,'520','#','#',66,'$a catatan 1',NULL,NULL,NULL,NULL),
	(1106,'856','#','#',66,'$a lokasi 1',NULL,NULL,NULL,NULL),
	(1107,'856','#','#',66,'$a lokasi 2',NULL,NULL,NULL,NULL),
	(1108,'001',NULL,NULL,66,'$a INLIS000000000000064',NULL,NULL,NULL,NULL),
	(1109,'035','#','#',66,'$a 0010-1021000040',NULL,NULL,NULL,NULL),
	(1110,'005',NULL,NULL,66,'$a 20211006130921',NULL,NULL,NULL,NULL),
	(1111,'008',NULL,NULL,67,'$a 211006###########################0######',NULL,NULL,NULL,NULL),
	(1112,'245','#','#',67,'$a judul utama $b anak judul $c penanggung jawab ',NULL,NULL,NULL,NULL),
	(1113,'247','#','#',67,'$a judul sebelumnya',NULL,NULL,NULL,NULL),
	(1114,'247','#','#',67,'$a judul sebelumnya',NULL,NULL,NULL,NULL),
	(1115,'100','0','#',67,'$a pengarang utama',NULL,NULL,NULL,NULL),
	(1116,'700','#','#',67,'$a pengarang tambahan',NULL,NULL,NULL,NULL),
	(1117,'700','#','#',67,'$a pengarang tambahan 2',NULL,NULL,NULL,NULL),
	(1118,'260','#','#',67,'$a tempat penerbit $b penerbit $c tahun',NULL,NULL,NULL,NULL),
	(1119,'310','#','#',67,'$a frekuensi saat ini',NULL,NULL,NULL,NULL),
	(1120,'321','#','#',67,'$a frekuensi sebelumnya',NULL,NULL,NULL,NULL),
	(1121,'300','#','#',67,'$a jml halaman $b ket ilustrasi $c dimensi $e bahan sertaan',NULL,NULL,NULL,NULL),
	(1122,'600','#','#',67,'$a subjek 1',NULL,NULL,NULL,NULL),
	(1123,'600','#','#',67,'$a subjek 2',NULL,NULL,NULL,NULL),
	(1124,'600','#','#',67,'$a subjek 3',NULL,NULL,NULL,NULL),
	(1125,'082',NULL,NULL,67,'$a Dewey No',NULL,NULL,NULL,NULL),
	(1126,'084','0','#',67,'$a no panggil 1',NULL,NULL,NULL,NULL),
	(1127,'084','0','#',67,'$a no panggil 2',NULL,NULL,NULL,NULL),
	(1128,'022','0','#',67,'$a issn ',NULL,NULL,NULL,NULL),
	(1129,'022','0','#',67,'$a issn 2',NULL,NULL,NULL,NULL),
	(1130,'520','#','#',67,'$a catatan 1',NULL,NULL,NULL,NULL),
	(1131,'520','#','#',67,'$a catatan 1',NULL,NULL,NULL,NULL),
	(1132,'856','#','#',67,'$a lokasi 1',NULL,NULL,NULL,NULL),
	(1133,'856','#','#',67,'$a lokasi 2',NULL,NULL,NULL,NULL),
	(1134,'001',NULL,NULL,67,'$a INLIS000000000000065',NULL,NULL,NULL,NULL),
	(1135,'035','#','#',67,'$a 0010-1021000041',NULL,NULL,NULL,NULL),
	(1136,'005',NULL,NULL,67,'$a 20211006131722',NULL,NULL,NULL,NULL),
	(1137,'008',NULL,NULL,68,'$a 211006###########################0######',NULL,NULL,NULL,NULL),
	(1138,'245','#','#',68,'$a  $b  $c  ',NULL,NULL,NULL,NULL),
	(1139,'247','#','#',68,'$a ',NULL,NULL,NULL,NULL),
	(1140,'100','0','#',68,'$a ',NULL,NULL,NULL,NULL),
	(1141,'700','#','#',68,'$a ',NULL,NULL,NULL,NULL),
	(1142,'260','#','#',68,'$a  $b  $c',NULL,NULL,NULL,NULL),
	(1143,'310','#','#',68,'$a ',NULL,NULL,NULL,NULL),
	(1144,'321','#','#',68,'$a ',NULL,NULL,NULL,NULL),
	(1145,'300','#','#',68,'$a  $b  $c  $e',NULL,NULL,NULL,NULL),
	(1146,'600','#','#',68,'$a ',NULL,NULL,NULL,NULL),
	(1147,'082',NULL,NULL,68,'$a ',NULL,NULL,NULL,NULL),
	(1148,'084','0','#',68,'$a ',NULL,NULL,NULL,NULL),
	(1149,'022','0','#',68,'$a ',NULL,NULL,NULL,NULL),
	(1150,'520','#','#',68,'$a ',NULL,NULL,NULL,NULL),
	(1151,'856','#','#',68,'$a ',NULL,NULL,NULL,NULL),
	(1152,'001',NULL,NULL,68,'$a INLIS000000000000066',NULL,NULL,NULL,NULL),
	(1153,'035','#','#',68,'$a 0010-1021000042',NULL,NULL,NULL,NULL),
	(1154,'005',NULL,NULL,68,'$a 20211006170605',NULL,NULL,NULL,NULL),
	(1155,'008',NULL,NULL,69,'$a 211010###########################0######',NULL,NULL,NULL,NULL),
	(1156,'245','#','#',69,'$a  $b  $c  ',NULL,NULL,NULL,NULL),
	(1157,'247','#','#',69,'$a ',NULL,NULL,NULL,NULL),
	(1158,'100','0','#',69,'$a ',NULL,NULL,NULL,NULL),
	(1159,'700','#','#',69,'$a ',NULL,NULL,NULL,NULL),
	(1160,'260','#','#',69,'$a  $b  $c',NULL,NULL,NULL,NULL),
	(1161,'310','#','#',69,'$a ',NULL,NULL,NULL,NULL),
	(1162,'321','#','#',69,'$a ',NULL,NULL,NULL,NULL),
	(1163,'300','#','#',69,'$a  $b  $c  $e',NULL,NULL,NULL,NULL),
	(1164,'600','#','#',69,'$a ',NULL,NULL,NULL,NULL),
	(1165,'082',NULL,NULL,69,'$a ',NULL,NULL,NULL,NULL),
	(1166,'084','0','#',69,'$a ',NULL,NULL,NULL,NULL),
	(1167,'022','0','#',69,'$a ',NULL,NULL,NULL,NULL),
	(1168,'520','#','#',69,'$a 1',NULL,NULL,NULL,NULL),
	(1169,'856','#','#',69,'$a ',NULL,NULL,NULL,NULL),
	(1170,'001',NULL,NULL,69,'$a INLIS000000000000067',NULL,NULL,NULL,NULL),
	(1171,'035','#','#',69,'$a 0010-1021000043',NULL,NULL,NULL,NULL),
	(1172,'005',NULL,NULL,69,'$a 20211010025326',NULL,NULL,NULL,NULL),
	(1173,'008',NULL,NULL,70,'$a 211015###########################0######',NULL,NULL,NULL,NULL),
	(1174,'245','#','#',70,'$a sdf $b sf $c sdf ',NULL,NULL,NULL,NULL),
	(1175,'247','#','#',70,'$a sdf',NULL,NULL,NULL,NULL),
	(1176,'100','0','#',70,'$a ',NULL,NULL,NULL,NULL),
	(1177,'700','#','#',70,'$a ',NULL,NULL,NULL,NULL),
	(1178,'260','#','#',70,'$a  $b  $c',NULL,NULL,NULL,NULL),
	(1179,'310','#','#',70,'$a ',NULL,NULL,NULL,NULL),
	(1180,'321','#','#',70,'$a ',NULL,NULL,NULL,NULL),
	(1181,'300','#','#',70,'$a  $b  $c  $e',NULL,NULL,NULL,NULL),
	(1182,'600','#','#',70,'$a ',NULL,NULL,NULL,NULL),
	(1183,'082',NULL,NULL,70,'$a ',NULL,NULL,NULL,NULL),
	(1184,'084','0','#',70,'$a ',NULL,NULL,NULL,NULL),
	(1185,'022','0','#',70,'$a ',NULL,NULL,NULL,NULL),
	(1186,'520','#','#',70,'$a ',NULL,NULL,NULL,NULL),
	(1187,'856','#','#',70,'$a ',NULL,NULL,NULL,NULL),
	(1188,'001',NULL,NULL,70,'$a INLIS000000000000068',NULL,NULL,NULL,NULL),
	(1189,'035','#','#',70,'$a 0010-1021000044',NULL,NULL,NULL,NULL),
	(1190,'005',NULL,NULL,70,'$a 20211015174231',NULL,NULL,NULL,NULL),
	(1191,'008',NULL,NULL,71,'$a 211015###########################0######',NULL,NULL,NULL,NULL),
	(1192,'245','#','#',71,'$a Test 123 $b Test 123 $c Test 123 ',NULL,NULL,NULL,NULL),
	(1193,'247','#','#',71,'$a Test 123',NULL,NULL,NULL,NULL),
	(1194,'100','0','#',71,'$a Test 123',NULL,NULL,NULL,NULL),
	(1195,'700','#','#',71,'$a Test 123',NULL,NULL,NULL,NULL),
	(1196,'260','#','#',71,'$a Test 123 $b Test 123 $c Test 123',NULL,NULL,NULL,NULL),
	(1197,'310','#','#',71,'$a Test 123',NULL,NULL,NULL,NULL),
	(1198,'321','#','#',71,'$a Test 123',NULL,NULL,NULL,NULL),
	(1199,'300','#','#',71,'$a Test 123 $b Test 123 $c Test 123 $e Test 123',NULL,NULL,NULL,NULL),
	(1200,'600','#','#',71,'$a Test 123',NULL,NULL,NULL,NULL),
	(1201,'082',NULL,NULL,71,'$a Test 123',NULL,NULL,NULL,NULL),
	(1202,'084','0','#',71,'$a ',NULL,NULL,NULL,NULL),
	(1203,'022','0','#',71,'$a Test 123',NULL,NULL,NULL,NULL),
	(1204,'520','#','#',71,'$a Test 123',NULL,NULL,NULL,NULL),
	(1205,'856','#','#',71,'$a Test 123',NULL,NULL,NULL,NULL),
	(1206,'001',NULL,NULL,71,'$a INLIS000000000000069',NULL,NULL,NULL,NULL),
	(1207,'035','#','#',71,'$a 0010-1021000045',NULL,NULL,NULL,NULL),
	(1208,'005',NULL,NULL,71,'$a 20211015174419',NULL,NULL,NULL,NULL),
	(1209,'008',NULL,NULL,72,'$a 211020###########################0######',NULL,NULL,NULL,NULL),
	(1210,'245','#','#',72,'$a Testing $b sdf $c df ',NULL,NULL,NULL,NULL),
	(1211,'247','#','#',72,'$a sdf',NULL,NULL,NULL,NULL),
	(1212,'100','0','#',72,'$a ',NULL,NULL,NULL,NULL),
	(1213,'700','#','#',72,'$a ',NULL,NULL,NULL,NULL),
	(1214,'260','#','#',72,'$a  $b  $c',NULL,NULL,NULL,NULL),
	(1215,'310','#','#',72,'$a ',NULL,NULL,NULL,NULL),
	(1216,'321','#','#',72,'$a ',NULL,NULL,NULL,NULL),
	(1217,'300','#','#',72,'$a  $b  $c  $e',NULL,NULL,NULL,NULL),
	(1218,'600','#','#',72,'$a ',NULL,NULL,NULL,NULL),
	(1219,'082',NULL,NULL,72,'$a ',NULL,NULL,NULL,NULL),
	(1220,'084','0','#',72,'$a ',NULL,NULL,NULL,NULL),
	(1221,'022','0','#',72,'$a ',NULL,NULL,NULL,NULL),
	(1222,'520','#','#',72,'$a ',NULL,NULL,NULL,NULL),
	(1223,'856','#','#',72,'$a ',NULL,NULL,NULL,NULL),
	(1224,'001',NULL,NULL,72,'$a INLIS000000000000070',NULL,NULL,NULL,NULL),
	(1225,'035','#','#',72,'$a 0010-1021000046',NULL,NULL,NULL,NULL),
	(1226,'005',NULL,NULL,72,'$a 20211020073612',NULL,NULL,NULL,NULL),
	(1227,'008',NULL,NULL,73,'$a 211020###########################0######',NULL,NULL,NULL,NULL),
	(1228,'245','#','#',73,'$a  $b  $c  ',NULL,NULL,NULL,NULL),
	(1229,'247','#','#',73,'$a ',NULL,NULL,NULL,NULL),
	(1230,'100','0','#',73,'$a ',NULL,NULL,NULL,NULL),
	(1231,'700','#','#',73,'$a ',NULL,NULL,NULL,NULL),
	(1232,'260','#','#',73,'$a  $b  $c',NULL,NULL,NULL,NULL),
	(1233,'310','#','#',73,'$a ',NULL,NULL,NULL,NULL),
	(1234,'321','#','#',73,'$a ',NULL,NULL,NULL,NULL),
	(1235,'300','#','#',73,'$a  $b  $c  $e',NULL,NULL,NULL,NULL),
	(1236,'600','#','#',73,'$a ',NULL,NULL,NULL,NULL),
	(1237,'082',NULL,NULL,73,'$a ',NULL,NULL,NULL,NULL),
	(1238,'084','0','#',73,'$a ',NULL,NULL,NULL,NULL),
	(1239,'022','0','#',73,'$a ',NULL,NULL,NULL,NULL),
	(1240,'520','#','#',73,'$a ',NULL,NULL,NULL,NULL),
	(1241,'856','#','#',73,'$a ',NULL,NULL,NULL,NULL),
	(1242,'001',NULL,NULL,73,'$a INLIS000000000000071',NULL,NULL,NULL,NULL),
	(1243,'035','#','#',73,'$a 0010-1021000047',NULL,NULL,NULL,NULL),
	(1244,'005',NULL,NULL,73,'$a 20211020081320',NULL,NULL,NULL,NULL),
	(1245,'008',NULL,NULL,74,'$a 211020###########################0######',NULL,NULL,NULL,NULL),
	(1246,'245','#','#',74,'$a  $b  $c  ',NULL,NULL,NULL,NULL),
	(1247,'247','#','#',74,'$a ',NULL,NULL,NULL,NULL),
	(1248,'100','0','#',74,'$a ',NULL,NULL,NULL,NULL),
	(1249,'700','#','#',74,'$a ',NULL,NULL,NULL,NULL),
	(1250,'260','#','#',74,'$a  $b  $c',NULL,NULL,NULL,NULL),
	(1251,'310','#','#',74,'$a ',NULL,NULL,NULL,NULL),
	(1252,'321','#','#',74,'$a ',NULL,NULL,NULL,NULL),
	(1253,'300','#','#',74,'$a  $b  $c  $e',NULL,NULL,NULL,NULL),
	(1254,'600','#','#',74,'$a ',NULL,NULL,NULL,NULL),
	(1255,'082',NULL,NULL,74,'$a ',NULL,NULL,NULL,NULL),
	(1256,'084','0','#',74,'$a ',NULL,NULL,NULL,NULL),
	(1257,'022','0','#',74,'$a ',NULL,NULL,NULL,NULL),
	(1258,'520','#','#',74,'$a ',NULL,NULL,NULL,NULL),
	(1259,'856','#','#',74,'$a ',NULL,NULL,NULL,NULL),
	(1260,'001',NULL,NULL,74,'$a INLIS000000000000072',NULL,NULL,NULL,NULL),
	(1261,'035','#','#',74,'$a 0010-1021000048',NULL,NULL,NULL,NULL),
	(1262,'005',NULL,NULL,74,'$a 20211020081321',NULL,NULL,NULL,NULL),
	(1263,'008',NULL,NULL,75,'$a 211020###########################0######',NULL,NULL,NULL,NULL),
	(1264,'245','#','#',75,'$a  $b  $c  ',NULL,NULL,NULL,NULL),
	(1265,'247','#','#',75,'$a ',NULL,NULL,NULL,NULL),
	(1266,'100','0','#',75,'$a ',NULL,NULL,NULL,NULL),
	(1267,'700','#','#',75,'$a ',NULL,NULL,NULL,NULL),
	(1268,'260','#','#',75,'$a  $b  $c',NULL,NULL,NULL,NULL),
	(1269,'310','#','#',75,'$a ',NULL,NULL,NULL,NULL),
	(1270,'321','#','#',75,'$a ',NULL,NULL,NULL,NULL),
	(1271,'300','#','#',75,'$a  $b  $c  $e',NULL,NULL,NULL,NULL),
	(1272,'600','#','#',75,'$a ',NULL,NULL,NULL,NULL),
	(1273,'082',NULL,NULL,75,'$a ',NULL,NULL,NULL,NULL),
	(1274,'084','0','#',75,'$a ',NULL,NULL,NULL,NULL),
	(1275,'022','0','#',75,'$a ',NULL,NULL,NULL,NULL),
	(1276,'520','#','#',75,'$a ',NULL,NULL,NULL,NULL),
	(1277,'856','#','#',75,'$a ',NULL,NULL,NULL,NULL),
	(1278,'001',NULL,NULL,75,'$a INLIS000000000000073',NULL,NULL,NULL,NULL),
	(1279,'035','#','#',75,'$a 0010-1021000049',NULL,NULL,NULL,NULL),
	(1280,'005',NULL,NULL,75,'$a 20211020081322',NULL,NULL,NULL,NULL),
	(1281,'008',NULL,NULL,76,'$a 211020###########################0######',NULL,NULL,NULL,NULL),
	(1282,'245','#','#',76,'$a  $b  $c  ',NULL,NULL,NULL,NULL),
	(1283,'247','#','#',76,'$a ',NULL,NULL,NULL,NULL),
	(1284,'100','0','#',76,'$a ',NULL,NULL,NULL,NULL),
	(1285,'700','#','#',76,'$a ',NULL,NULL,NULL,NULL),
	(1286,'260','#','#',76,'$a  $b  $c',NULL,NULL,NULL,NULL),
	(1287,'310','#','#',76,'$a ',NULL,NULL,NULL,NULL),
	(1288,'321','#','#',76,'$a ',NULL,NULL,NULL,NULL),
	(1289,'300','#','#',76,'$a  $b  $c  $e',NULL,NULL,NULL,NULL),
	(1290,'600','#','#',76,'$a ',NULL,NULL,NULL,NULL),
	(1291,'082',NULL,NULL,76,'$a ',NULL,NULL,NULL,NULL),
	(1292,'084','0','#',76,'$a ',NULL,NULL,NULL,NULL),
	(1293,'022','0','#',76,'$a ',NULL,NULL,NULL,NULL),
	(1294,'520','#','#',76,'$a ',NULL,NULL,NULL,NULL),
	(1295,'856','#','#',76,'$a ',NULL,NULL,NULL,NULL),
	(1296,'001',NULL,NULL,76,'$a INLIS000000000000074',NULL,NULL,NULL,NULL),
	(1297,'035','#','#',76,'$a 0010-1021000050',NULL,NULL,NULL,NULL),
	(1298,'005',NULL,NULL,76,'$a 20211020081323',NULL,NULL,NULL,NULL);

/*!40000 ALTER TABLE `catalog_ruas` ENABLE KEYS */;
UNLOCK TABLES;


# Dump of table ci_sessions
# ------------------------------------------------------------

DROP TABLE IF EXISTS `ci_sessions`;

CREATE TABLE `ci_sessions` (
  `id` varchar(128) NOT NULL,
  `ip_address` varchar(45) NOT NULL,
  `timestamp` int(10) unsigned NOT NULL DEFAULT '0',
  `data` text NOT NULL,
  PRIMARY KEY (`id`),
  KEY `timestamp` (`timestamp`)
) ENGINE=InnoDB DEFAULT CHARSET=utf8;

LOCK TABLES `ci_sessions` WRITE;
/*!40000 ALTER TABLE `ci_sessions` DISABLE KEYS */;

INSERT INTO `ci_sessions` (`id`, `ip_address`, `timestamp`, `data`)
VALUES
	('008krqc8s0g4lrqf33qos95g71tvt6cd','::1',0,'__ci_last_regenerate|i:1629864863;_ci_previous_url|s:42:\"http://localhost:8080/index.php/tag/edit/1\";logged_in|s:1:\"1\";message|N;'),
	('025n2epasqbvcr2dk8i8eetk6vps52n0','::1',0,'__ci_last_regenerate|i:1631861808;_ci_previous_url|s:48:\"http://localhost:8080/index.php/keranjanganggota\";logged_in|s:1:\"1\";message|N;'),
	('04d53g8r7m4ehgg42va8m8da8n9fmvjr','::1',0,'__ci_last_regenerate|i:1633688518;_ci_previous_url|s:48:\"http://localhost:8080/index.php/eksemplar/create\";logged_in|s:1:\"1\";message|N;'),
	('04qvto114kkfm9tgpe0udvvrq0vgtacp','::1',0,'__ci_last_regenerate|i:1633075466;_ci_previous_url|s:37:\"http://localhost:8080/index.php/login\";redirect_url|s:32:\"http://localhost:8080/index.php/\";'),
	('05qlkecrbs29on6d2qk9896ljr719cn3','::1',0,'__ci_last_regenerate|i:1629886830;_ci_previous_url|s:42:\"http://localhost:8080/index.php/tag/edit/1\";logged_in|s:1:\"1\";message|N;'),
	('06h1cu3t4dl1n8jnujip7juuv23r25ve','::1',0,'__ci_last_regenerate|i:1628045759;_ci_previous_url|s:41:\"http://localhost:8080/index.php/reference\";logged_in|s:1:\"1\";message|N;'),
	('09lt00l5afkm98kls7bc3pqta2e893g4','::1',0,'__ci_last_regenerate|i:1632528791;redirect_url|s:41:\"http://localhost:8080/index.php/dashboard\";_ci_previous_url|s:102:\"http://localhost:8080/index.php/login?csrf_test_name=59f325a6b32a4d61b1233e0688f2128d&login=&password=\";'),
	('0bmnrb2jsdopartptk8hm3n4eakcd49q','::1',0,'__ci_last_regenerate|i:1631324981;redirect_url|s:32:\"http://localhost:8080/index.php/\";_ci_previous_url|s:37:\"http://localhost:8080/index.php/login\";'),
	('0hhmenpd7g621f44vrkf50o2utjv5dlh','::1',0,'__ci_last_regenerate|i:1634952997;_ci_previous_url|s:45:\"http://localhost:8888/index.php/catalog?rda=1\";logged_in|s:1:\"1\";message|N;'),
	('0j4pd2hppkgb098avkae1mb727m85sup','::1',0,'__ci_last_regenerate|i:1634294528;_ci_previous_url|s:51:\"http://localhost:8080/index.php/katalog-aacr/create\";logged_in|s:1:\"1\";message|N;'),
	('0mc69t2eq03v19nr2gn63ekktetbss65','::1',0,'__ci_last_regenerate|i:1629888057;_ci_previous_url|s:42:\"http://localhost:8080/index.php/tag/edit/2\";logged_in|s:1:\"1\";message|N;'),
	('0otm0pto06cle0scpqmvbejvebgeu11g','::1',0,'__ci_last_regenerate|i:1634283420;_ci_previous_url|s:38:\"http://localhost:8080/index.php/banner\";logged_in|s:1:\"1\";message|N;'),
	('0pm4neftj87js5mc6pojbsnad17f8tjn','::1',0,'__ci_last_regenerate|i:1634695490;_ci_previous_url|s:49:\"http://localhost:8888/index.php/katalogrda/create\";logged_in|s:1:\"1\";__ci_vars|a:1:{s:7:\"message\";s:3:\"new\";}message|s:233:\"<!-- DEBUG-VIEW START 1 SYSTEMPATH/Validation/Views/list.php -->\n	<div class=\"errors\" role=\"alert\">\n		<ul>\n					<li>The Nama field is required.</li>\n				</ul>\n	</div>\n\n<!-- DEBUG-VIEW ENDED 1 SYSTEMPATH/Validation/Views/list.php -->\n\";'),
	('0t2v8fhlsvotjj3klesun4fngclollom','::1',0,'__ci_last_regenerate|i:1629888402;_ci_previous_url|s:42:\"http://localhost:8080/index.php/tag/edit/2\";logged_in|s:1:\"1\";message|N;'),
	('107octna65vtjm2bunfvg3e0gi8irfuk','::1',0,'__ci_last_regenerate|i:1631869578;_ci_previous_url|s:50:\"http://localhost:8080/index.php/anggota/cetakKartu\";logged_in|s:1:\"1\";message|N;'),
	('111h7oc3u2lva4u3sdrc8kpgk9p08cto','::1',0,'__ci_last_regenerate|i:1633080077;_ci_previous_url|s:37:\"http://localhost:8080/index.php/login\";redirect_url|s:32:\"http://localhost:8080/index.php/\";'),
	('14t0uiau5o1uvtssf94q8mugvv0db699','::1',0,'__ci_last_regenerate|i:1631861165;redirect_url|s:32:\"http://localhost:8080/index.php/\";_ci_previous_url|s:37:\"http://localhost:8080/index.php/login\";'),
	('16f5fpfupa7giiftcbgnh53sduc4cjin','::1',0,'__ci_last_regenerate|i:1634863659;_ci_previous_url|s:49:\"http://localhost:8888/index.php/katalogrda/create\";logged_in|s:1:\"1\";message|s:233:\"<!-- DEBUG-VIEW START 1 SYSTEMPATH/Validation/Views/list.php -->\n	<div class=\"errors\" role=\"alert\">\n		<ul>\n					<li>The Nama field is required.</li>\n				</ul>\n	</div>\n\n<!-- DEBUG-VIEW ENDED 1 SYSTEMPATH/Validation/Views/list.php -->\n\";__ci_vars|a:1:{s:7:\"message\";s:3:\"new\";}'),
	('16h544c868neodrksn8pv2co39ihjtfd','::1',0,'__ci_last_regenerate|i:1635490402;_ci_previous_url|s:53:\"http://localhost:8888/index.php/reference?menu_id=117\";logged_in|s:1:\"1\";toastr_msg|s:27:\"Referensi berhasil ditambah\";__ci_vars|a:2:{s:10:\"toastr_msg\";s:3:\"new\";s:11:\"toastr_type\";s:3:\"new\";}toastr_type|s:7:\"success\";'),
	('19nfa4apftburb4ste3c1d09s3opeauh','::1',0,'__ci_last_regenerate|i:1631151543;redirect_url|s:32:\"http://localhost:8080/index.php/\";_ci_previous_url|s:37:\"http://localhost:8080/index.php/login\";'),
	('1b3lmb704nbl0di966crf3erq36jf6ut','::1',0,'__ci_last_regenerate|i:1634866938;_ci_previous_url|s:49:\"http://localhost:8888/index.php/katalogrda/create\";logged_in|s:1:\"1\";message|N;'),
	('1hjuu3jp1c6m0s5ml4dbdocp5ai5r8mj','::1',0,'__ci_last_regenerate|i:1633083961;_ci_previous_url|s:44:\"http://localhost:8080/index.php/anggota/json\";logged_in|s:1:\"1\";'),
	('1i4unbb2hacepl6a027jcjip2gujmon3','::1',0,'__ci_last_regenerate|i:1635668028;_ci_previous_url|s:98:\"http://localhost:8888/index.php/home/search?pDataItem=&pType=Title&pLembarkerja=11&page_katalogs=4\";'),
	('1o1qfbvivedk6gr48fvpnnk90itgh5ud','::1',0,'__ci_last_regenerate|i:1635658033;_ci_previous_url|s:81:\"http://localhost:8888/index.php/home/search?pDataItem=&pType=Title&pLembarkerja=0\";'),
	('1qffq7bl6oghui6qd1r48eea4m55duvp','::1',0,'__ci_last_regenerate|i:1634862213;_ci_previous_url|s:37:\"http://localhost:8888/index.php/login\";redirect_url|s:32:\"http://localhost:8888/index.php/\";'),
	('1tcd96fe38lbi3aka2dqbk7r54edlo6u','::1',0,'__ci_last_regenerate|i:1629855830;_ci_previous_url|s:49:\"http://localhost:8080/index.php/master-tag/create\";logged_in|s:1:\"1\";message|N;'),
	('1vgs37fnlpiivf7gfh7m4gi55d9sodor','::1',0,'__ci_last_regenerate|i:1629851096;redirect_url|s:32:\"http://localhost:8080/index.php/\";_ci_previous_url|s:37:\"http://localhost:8080/index.php/login\";'),
	('1vl6cup1r03ae1h2cehs55bd3v124u55','::1',0,'__ci_last_regenerate|i:1629859293;_ci_previous_url|s:49:\"http://localhost:8080/index.php/master-tag/create\";logged_in|s:1:\"1\";message|N;'),
	('1vuc9rdd8rrbpspf5ih7jquacrqv4iea','::1',0,'__ci_last_regenerate|i:1634889812;_ci_previous_url|s:46:\"http://localhost:8888/index.php/katalog/create\";logged_in|s:1:\"1\";message|N;'),
	('24bm69l17egc7fud7sdcsqfegfbe10u8','::1',0,'__ci_last_regenerate|i:1634690099;_ci_previous_url|s:37:\"http://localhost:8888/index.php/login\";redirect_url|s:32:\"http://localhost:8888/index.php/\";'),
	('278rc0u29jh0ei449cq0hd3v3gbjv3nf','::1',0,'__ci_last_regenerate|i:1634893721;_ci_previous_url|s:46:\"http://localhost:8888/index.php/catalog/create\";logged_in|s:1:\"1\";message|N;'),
	('27gbju81ccjqkfq9snmqmeesvvb4sr93','::1',0,'__ci_last_regenerate|i:1634943410;redirect_url|s:41:\"http://localhost:8888/index.php/dashboard\";_ci_previous_url|s:37:\"http://localhost:8888/index.php/login\";'),
	('2cjgv1vbgaemgblg7v9mrr7ocahlu3ba','::1',0,'__ci_last_regenerate|i:1635655712;_ci_previous_url|s:91:\"http://localhost:8888/index.php/home/search?pDataItem=Indonesia&pType=Title&pLembarkerja=12\";'),
	('2d3qql1qcdtbq56jc3ojkddeksihh7q9','::1',0,'__ci_last_regenerate|i:1633680668;_ci_previous_url|s:48:\"http://localhost:8080/index.php/eksemplar/create\";logged_in|s:1:\"1\";message|N;'),
	('2gjm066nc90i0cmaklurb52gj7epd5h8','::1',0,'__ci_last_regenerate|i:1635643976;_ci_previous_url|s:55:\"http://localhost:8888/index.php/home/search?search=test\";'),
	('2ik0nac76l6ra645ti9997o9kedgifl7','::1',0,'__ci_last_regenerate|i:1631508217;_ci_previous_url|s:46:\"http://localhost:8080/index.php/anggota/import\";logged_in|s:1:\"1\";message|N;'),
	('2m3ft7r8s1mur33mv4s5o0lj2gkmb15l','::1',0,'__ci_last_regenerate|i:1632469617;_ci_previous_url|s:41:\"http://localhost:8080/index.php/parameter\";logged_in|s:1:\"1\";toastr_msg|s:23:\"Param berhasil disimpan\";__ci_vars|a:2:{s:10:\"toastr_msg\";s:3:\"new\";s:11:\"toastr_type\";s:3:\"new\";}toastr_type|s:7:\"success\";'),
	('2m5aboindp9hifkmigm4vjbee3cs185d','::1',0,'__ci_last_regenerate|i:1635602372;_ci_previous_url|s:43:\"http://localhost:8888/index.php/home/search\";'),
	('2mgh3rp4cce3of3c81r1tv65qlgkcb03','::1',0,'__ci_last_regenerate|i:1628407331;_ci_previous_url|s:46:\"http://localhost:8080/index.php/anggota/create\";logged_in|s:1:\"1\";message|N;'),
	('2snj5tr6o1lckcl6rturloga3q7fhkd4','::1',0,'__ci_last_regenerate|i:1628045759;_ci_previous_url|s:41:\"http://localhost:8080/index.php/reference\";logged_in|s:1:\"1\";message|N;'),
	('2ti39f9gshlts03l8eieceo4smlrrnvp','::1',0,'__ci_last_regenerate|i:1629855514;_ci_previous_url|s:49:\"http://localhost:8080/index.php/master-tag/create\";logged_in|s:1:\"1\";message|N;'),
	('2tjrhpgjngo60ur7d2vbb9g1os50bav6','::1',0,'__ci_last_regenerate|i:1631867337;_ci_previous_url|s:46:\"http://localhost:8080/index.php/anggota/create\";logged_in|s:1:\"1\";message|N;'),
	('2tmesjs4fbbuk4lr11rm0u6aevgscuga','::1',0,'__ci_last_regenerate|i:1634692936;_ci_previous_url|s:49:\"http://localhost:8888/index.php/katalogrda/create\";logged_in|s:1:\"1\";__ci_vars|a:1:{s:7:\"message\";s:3:\"new\";}message|s:233:\"<!-- DEBUG-VIEW START 1 SYSTEMPATH/Validation/Views/list.php -->\n	<div class=\"errors\" role=\"alert\">\n		<ul>\n					<li>The Nama field is required.</li>\n				</ul>\n	</div>\n\n<!-- DEBUG-VIEW ENDED 1 SYSTEMPATH/Validation/Views/list.php -->\n\";'),
	('2tp4h7sskj0ptc16ic31mta6kak5spij','::1',0,'__ci_last_regenerate|i:1629865175;_ci_previous_url|s:42:\"http://localhost:8080/index.php/tag/edit/1\";logged_in|s:1:\"1\";message|N;'),
	('313k9gnapqdainm7mokj35u7ea9o5l8o','::1',0,'__ci_last_regenerate|i:1633958122;_ci_previous_url|s:37:\"http://localhost:8080/index.php/login\";redirect_url|s:32:\"http://localhost:8080/index.php/\";'),
	('33l2r79923cfrvg3tecuidmclajtmlg9','::1',0,'__ci_last_regenerate|i:1629859609;_ci_previous_url|s:49:\"http://localhost:8080/index.php/master-tag/create\";logged_in|s:1:\"1\";message|N;'),
	('34rbp92qgf8nd7m990fd3ahjr4nkdkg6','::1',0,'__ci_last_regenerate|i:1634691466;_ci_previous_url|s:49:\"http://localhost:8888/index.php/katalogrda/create\";logged_in|s:1:\"1\";message|N;'),
	('35b9u2c8l29h8jpgogj54gemn6tng4rk','::1',0,'__ci_last_regenerate|i:1635603138;_ci_previous_url|s:43:\"http://localhost:8888/index.php/home/search\";'),
	('35cdds4gir6eotkbvvvkis3ocqmnl04i','::1',0,'__ci_last_regenerate|i:1629857856;_ci_previous_url|s:49:\"http://localhost:8080/index.php/master-tag/create\";logged_in|s:1:\"1\";message|N;'),
	('35imi415s204u9153gnf002qbnsr4oiq','::1',0,'__ci_last_regenerate|i:1629884826;_ci_previous_url|s:42:\"http://localhost:8080/index.php/tag/create\";logged_in|s:1:\"1\";message|N;'),
	('3acdss8bl06dc50hhj5mokemg71750tf','::1',0,'__ci_last_regenerate|i:1633079175;_ci_previous_url|s:45:\"http://localhost:8080/index.php/user/detail/3\";logged_in|s:1:\"1\";'),
	('3bcva5prus4qel3l10dnvj8hidoefq0b','::1',0,'__ci_last_regenerate|i:1634692498;_ci_previous_url|s:49:\"http://localhost:8888/index.php/katalogrda/create\";logged_in|s:1:\"1\";__ci_vars|a:2:{s:10:\"toastr_msg\";s:3:\"new\";s:11:\"toastr_type\";s:3:\"new\";}toastr_msg|s:25:\"Katalog berhasil disimpan\";toastr_type|s:7:\"success\";'),
	('3f453vtuft11ia8tmvcurtmmsjtun0cu','::1',0,'__ci_last_regenerate|i:1633085544;_ci_previous_url|s:50:\"http://localhost:8080/index.php/anggota/index_json\";logged_in|s:1:\"1\";'),
	('3hrvg3utbhhva11l0cn80dg0dqv4g4e2','::1',0,'__ci_last_regenerate|i:1628402896;_ci_previous_url|s:40:\"http://localhost:8080/index.php/uigniter\";logged_in|s:1:\"1\";'),
	('3ntl5hfrh74ra6u0c14qmlolnebjrd5g','::1',0,'__ci_last_regenerate|i:1629885503;_ci_previous_url|s:42:\"http://localhost:8080/index.php/tag/create\";logged_in|s:1:\"1\";message|N;'),
	('3pbre1qrguso0i2ae54rkjdp52f2v066','::1',0,'__ci_last_regenerate|i:1633681486;_ci_previous_url|s:48:\"http://localhost:8080/index.php/eksemplar/create\";logged_in|s:1:\"1\";message|N;'),
	('3uv6uj3t2nvct281apstbdhf92p9v06t','::1',0,'__ci_last_regenerate|i:1633079504;_ci_previous_url|s:36:\"http://localhost:8080/index.php/home\";logged_in|s:1:\"1\";'),
	('44fcil7do49lj3jf6lg16f2kebb7m5o6','::1',0,'__ci_last_regenerate|i:1634901834;_ci_previous_url|s:39:\"http://localhost:8888/index.php/catalog\";logged_in|s:1:\"1\";message|N;'),
	('48b986alli770aheo3erko9691sqb830','::1',0,'__ci_last_regenerate|i:1632472111;redirect_url|s:41:\"http://localhost:8080/index.php/dashboard\";_ci_previous_url|s:37:\"http://localhost:8080/index.php/login\";'),
	('4b092hrrhvm1d286kasefshq0kqgaqc6','::1',0,'__ci_last_regenerate|i:1628042530;_ci_previous_url|s:46:\"http://localhost:8080/index.php/anggota/import\";logged_in|s:1:\"1\";message|N;'),
	('4g8i0bp2ee0kqmkkfasppf95lbg7o25v','::1',0,'__ci_last_regenerate|i:1634868132;_ci_previous_url|s:49:\"http://localhost:8888/index.php/katalogrda/create\";logged_in|s:1:\"1\";message|N;toastr_msg|s:25:\"Katalog berhasil disimpan\";__ci_vars|a:2:{s:10:\"toastr_msg\";s:3:\"old\";s:11:\"toastr_type\";s:3:\"old\";}toastr_type|s:7:\"success\";'),
	('4gknl998emvpbm5ul4hvrdu04gqurk7p','::1',0,'__ci_last_regenerate|i:1634483368;_ci_previous_url|s:46:\"http://localhost:8888/index.php/anggota/create\";logged_in|s:1:\"1\";message|N;'),
	('4ikottdrkol2giflvk02j8lghv92la85','::1',0,'__ci_last_regenerate|i:1628040863;_ci_previous_url|s:48:\"http://localhost:8080/index.php/sumbangan/create\";logged_in|s:1:\"1\";message|N;'),
	('4j5urp5drp25ub5gcb96vbr4q85bh6ro','::1',0,'__ci_last_regenerate|i:1631342747;_ci_previous_url|s:63:\"http://localhost:8080/index.php/anggota/edit/2?slug=keanggotaan\";logged_in|s:1:\"1\";'),
	('4l908gl0a5uavvrc5244etqjckntra3t','::1',0,'__ci_last_regenerate|i:1633676628;_ci_previous_url|s:36:\"http://localhost:8080/index.php/page\";logged_in|s:1:\"1\";message|N;'),
	('4n7rpoelvqibqlsvqv18lou6vqngm6bh','::1',0,'__ci_last_regenerate|i:1631338285;_ci_previous_url|s:46:\"http://localhost:8080/index.php/anggota/edit/2\";logged_in|s:1:\"1\";'),
	('4pv62bbdoqpsv8p1rgojbt8bm84pv6fv','::1',0,'__ci_last_regenerate|i:1635668338;_ci_previous_url|s:98:\"http://localhost:8888/index.php/home/search?pDataItem=&pType=Title&pLembarkerja=11&page_katalogs=4\";'),
	('4qal9ueosjf3nkvpl9t14mh0ctl43k0f','::1',0,'__ci_last_regenerate|i:1629864390;_ci_previous_url|s:42:\"http://localhost:8080/index.php/tag/edit/1\";logged_in|s:1:\"1\";message|N;'),
	('502ei6l9p72mie749bu43n5pi0299m1p','::1',0,'__ci_last_regenerate|i:1628042971;_ci_previous_url|s:46:\"http://localhost:8080/index.php/anggota/import\";logged_in|s:1:\"1\";message|N;'),
	('50rhjbpidqq25l1iij6sbo5vklaa55vl','::1',0,'__ci_last_regenerate|i:1631863376;_ci_previous_url|s:46:\"http://localhost:8080/index.php/anggota/import\";logged_in|s:1:\"1\";message|N;'),
	('51pekr4a7p97f1qgc1b5firmhj0n6s82','::1',0,'__ci_last_regenerate|i:1629860859;_ci_previous_url|s:49:\"http://localhost:8080/index.php/master-tag/create\";logged_in|s:1:\"1\";message|N;'),
	('52f31kmq8unobk9dplr03luvev10tgi7','::1',0,'__ci_last_regenerate|i:1628401276;redirect_url|s:32:\"http://localhost:8080/index.php/\";_ci_previous_url|s:37:\"http://localhost:8080/index.php/login\";'),
	('545ppnba8jfcc7hvo1h40a0ago94fui0','::1',0,'__ci_last_regenerate|i:1635500222;_ci_previous_url|s:43:\"http://localhost:8888/index.php/home/search\";logged_in|s:1:\"1\";'),
	('56tddj2t3fsofq5eu7niapb4amf91o26','::1',0,'__ci_last_regenerate|i:1632528473;redirect_url|s:41:\"http://localhost:8080/index.php/dashboard\";_ci_previous_url|s:102:\"http://localhost:8080/index.php/login?csrf_test_name=59f325a6b32a4d61b1233e0688f2128d&login=&password=\";'),
	('58o0crjurgg19fdfnd7tj4b92ir66o6c','::1',0,'__ci_last_regenerate|i:1634897590;_ci_previous_url|s:46:\"http://localhost:8888/index.php/catalog/create\";logged_in|s:1:\"1\";message|N;'),
	('5dukueg9e344398pjqm74fcv5e8aqpna','::1',0,'__ci_last_regenerate|i:1633682257;_ci_previous_url|s:37:\"http://localhost:8080/index.php/login\";redirect_url|s:32:\"http://localhost:8080/index.php/\";'),
	('5f93b4l4ca2h7dj336479ku613j1igtc','::1',0,'__ci_last_regenerate|i:1633679539;_ci_previous_url|s:55:\"http://localhost:8080/index.php/uigniter/forms/controls\";logged_in|s:1:\"1\";message|N;'),
	('5fbainne7ap1rrglou4j0taoo1if3rop','::1',0,'__ci_last_regenerate|i:1633959750;_ci_previous_url|s:46:\"http://localhost:8080/index.php/katalog/create\";logged_in|s:1:\"1\";message|N;'),
	('5g6rfto8fao122qnhqpnqmbnjd70mrk0','::1',0,'__ci_last_regenerate|i:1634693483;_ci_previous_url|s:49:\"http://localhost:8888/index.php/katalogrda/create\";logged_in|s:1:\"1\";__ci_vars|a:1:{s:7:\"message\";s:3:\"new\";}message|s:233:\"<!-- DEBUG-VIEW START 1 SYSTEMPATH/Validation/Views/list.php -->\n	<div class=\"errors\" role=\"alert\">\n		<ul>\n					<li>The Nama field is required.</li>\n				</ul>\n	</div>\n\n<!-- DEBUG-VIEW ENDED 1 SYSTEMPATH/Validation/Views/list.php -->\n\";'),
	('5mfvfi42d4qhq0bqsj9h8t6mveg3sj5e','::1',0,'__ci_last_regenerate|i:1635481133;_ci_previous_url|s:39:\"http://localhost:8888/index.php/catalog\";logged_in|s:1:\"1\";message|N;'),
	('5n6tbjraolnlb5v2va9jd5esnodet5ei','::1',0,'__ci_last_regenerate|i:1634870682;_ci_previous_url|s:42:\"http://localhost:8888/index.php/katalogrda\";logged_in|s:1:\"1\";message|N;toastr_msg|s:25:\"Katalog berhasil disimpan\";__ci_vars|a:2:{s:10:\"toastr_msg\";s:3:\"old\";s:11:\"toastr_type\";s:3:\"old\";}toastr_type|s:7:\"success\";'),
	('5ubsmk91hr5kdh70lhiopiem5e5hfs6f','::1',0,'__ci_last_regenerate|i:1628043651;_ci_previous_url|s:46:\"http://localhost:8080/index.php/anggota/import\";logged_in|s:1:\"1\";message|N;'),
	('60vloo1be8tn4rh7t9hpct02t9g57knc','::1',0,'__ci_last_regenerate|i:1632471133;redirect_url|s:41:\"http://localhost:8080/index.php/dashboard\";_ci_previous_url|s:37:\"http://localhost:8080/index.php/login\";'),
	('65hlu04ss0pic36gjubi9rktqmjja4k6','::1',0,'__ci_last_regenerate|i:1635670371;_ci_previous_url|s:39:\"http://localhost:8888/index.php/anggota\";logged_in|s:1:\"1\";'),
	('67s0phddslprioau1lgsb3n1nopvt2ss','::1',0,'__ci_last_regenerate|i:1629865585;_ci_previous_url|s:42:\"http://localhost:8080/index.php/tag/edit/1\";logged_in|s:1:\"1\";message|N;'),
	('6d3sk43l4oobie8gnpalkqobed3ef9gn','::1',0,'__ci_last_regenerate|i:1632479299;redirect_url|s:41:\"http://localhost:8080/index.php/dashboard\";_ci_previous_url|s:37:\"http://localhost:8080/index.php/login\";'),
	('6ea3vi4jvc5m137p38396g2vqe750joq','::1',0,'__ci_last_regenerate|i:1628402293;_ci_previous_url|s:41:\"http://localhost:8080/index.php/dashboard\";logged_in|s:1:\"1\";'),
	('6mh7h2s9thpe0japkjc53320r1u29b9j','::1',0,'__ci_last_regenerate|i:1631866871;_ci_previous_url|s:46:\"http://localhost:8080/index.php/anggota/create\";logged_in|s:1:\"1\";message|N;'),
	('6mti5dkl0vtq96k76t4e35tuescrg0fi','::1',0,'__ci_last_regenerate|i:1631341503;_ci_previous_url|s:63:\"http://localhost:8080/index.php/anggota/edit/2?slug=keanggotaan\";logged_in|s:1:\"1\";'),
	('6pb51mair0splbef817bejd1l1vnq7rs','::1',0,'__ci_last_regenerate|i:1634897894;_ci_previous_url|s:39:\"http://localhost:8888/index.php/catalog\";logged_in|s:1:\"1\";message|N;'),
	('6ra6nq3d8possmgkvk90tne5u3jhc9b7','::1',0,'__ci_last_regenerate|i:1631864632;_ci_previous_url|s:53:\"http://localhost:8080/index.php/reference?menu_id=102\";logged_in|s:1:\"1\";toastr_msg|s:25:\"Reference berhasil diubah\";__ci_vars|a:2:{s:10:\"toastr_msg\";s:3:\"new\";s:11:\"toastr_type\";s:3:\"new\";}toastr_type|s:7:\"success\";'),
	('6rtgqqng4s165tf0knfa3ad9gn1reo1b','::1',0,'__ci_last_regenerate|i:1634902690;_ci_previous_url|s:39:\"http://localhost:8888/index.php/catalog\";logged_in|s:1:\"1\";message|N;'),
	('6tkmi28fih3i8higclvjps466fqmg1sc','::1',0,'__ci_last_regenerate|i:1635603464;_ci_previous_url|s:43:\"http://localhost:8888/index.php/home/search\";'),
	('6tp3g51eul4isgfmluidguumjtojpfmc','::1',0,'__ci_last_regenerate|i:1635560504;_ci_previous_url|s:43:\"http://localhost:8888/index.php/home/search\";'),
	('76h9s88vfk2fm8huekopj6t0ollqvd00','::1',0,'__ci_last_regenerate|i:1628044797;_ci_previous_url|s:74:\"http://localhost:8080/index.php/menu/create?slug=backend-menu&parent_id=83\";logged_in|s:1:\"1\";message|N;'),
	('78sefj0ldq34kcqogk4ac249j22g9uni','::1',0,'__ci_last_regenerate|i:1634870378;_ci_previous_url|s:49:\"http://localhost:8888/index.php/katalogrda/create\";logged_in|s:1:\"1\";message|N;toastr_msg|s:25:\"Katalog berhasil disimpan\";__ci_vars|a:2:{s:10:\"toastr_msg\";s:3:\"old\";s:11:\"toastr_type\";s:3:\"old\";}toastr_type|s:7:\"success\";'),
	('79tuqn1k7moud02m5i7p1c2693f1e9oh','::1',0,'__ci_last_regenerate|i:1631866552;_ci_previous_url|s:46:\"http://localhost:8080/index.php/anggota/create\";logged_in|s:1:\"1\";message|N;'),
	('7atugsok2qv45ko9iqcgvh2r80b3c2kj','::1',0,'__ci_last_regenerate|i:1631871599;_ci_previous_url|s:50:\"http://localhost:8080/index.php/anggota/cetakKartu\";logged_in|s:1:\"1\";message|N;'),
	('7avpao9is7ab75d57ifv616eaf6hobui','::1',0,'__ci_last_regenerate|i:1635656021;_ci_previous_url|s:91:\"http://localhost:8888/index.php/home/search?pDataItem=Indonesia&pType=Title&pLembarkerja=12\";'),
	('7bkh2bp44hpc90c06re02chqk6sa5oo1','::1',0,'__ci_last_regenerate|i:1628401953;_ci_previous_url|s:37:\"http://localhost:8080/index.php/login\";redirect_url|s:32:\"http://localhost:8080/index.php/\";'),
	('7c366bp04khmj9o00guverit8bfm1937','::1',0,'__ci_last_regenerate|i:1631340097;_ci_previous_url|s:61:\"http://localhost:8080/index.php/anggota/edit/2?slug=sumbangan\";logged_in|s:1:\"1\";'),
	('7khq7393e908cvcpruh65skvo4o245aq','::1',0,'__ci_last_regenerate|i:1635653731;_ci_previous_url|s:89:\"http://localhost:8888/index.php/home/search?pDataItem=Soekarno&pType=Title&pLembarkerja=3\";'),
	('7mmm8uhec5cn1kos6248fv44qqcnk3am','::1',0,'__ci_last_regenerate|i:1632530029;redirect_url|s:41:\"http://localhost:8080/index.php/dashboard\";_ci_previous_url|s:102:\"http://localhost:8080/index.php/login?csrf_test_name=a2c022bad3800af29d1b59c83ca2b391&login=&password=\";'),
	('7o3hjln9npvcd58i1roo5958t9pjv2l8','::1',0,'__ci_last_regenerate|i:1635658338;_ci_previous_url|s:89:\"http://localhost:8888/index.php/home/search?pDataItem=Soekarno&pType=Title&pLembarkerja=0\";'),
	('7oc7dnpc675c3ngr75884l5pkl3tkfc3','::1',0,'__ci_last_regenerate|i:1629852498;_ci_previous_url|s:49:\"http://localhost:8080/index.php/master-tag/create\";logged_in|s:1:\"1\";message|N;'),
	('7ukajojlv6eertt32hfqde959igrinch','::1',0,'__ci_last_regenerate|i:1635656684;_ci_previous_url|s:81:\"http://localhost:8888/index.php/home/search?pDataItem=&pType=Title&pLembarkerja=0\";'),
	('84959gd69197oh9cdvgqg2gr3jcbq29b','::1',0,'__ci_last_regenerate|i:1634886886;_ci_previous_url|s:51:\"http://localhost:8888/index.php/katalogrda/edit/133\";logged_in|s:1:\"1\";message|N;'),
	('861qn5udatbmfces207jcjc4nru09j63','::1',0,'__ci_last_regenerate|i:1631337662;_ci_previous_url|s:39:\"http://localhost:8080/index.php/anggota\";logged_in|s:1:\"1\";'),
	('87cn0jd1i4ueqg9aeqpckmd1fjgeb2c8','::1',0,'__ci_last_regenerate|i:1634944923;_ci_previous_url|s:48:\"http://localhost:8888/index.php/catalog?slug=rda\";logged_in|s:1:\"1\";message|N;'),
	('87m2mq27absdg6odtaeem3gg88epr7q0','::1',0,'__ci_last_regenerate|i:1631863712;_ci_previous_url|s:46:\"http://localhost:8080/index.php/anggota/create\";logged_in|s:1:\"1\";message|N;'),
	('8892s39aj55t47i4lie5ai1hb29pqv08','::1',0,'__ci_last_regenerate|i:1635499904;_ci_previous_url|s:43:\"http://localhost:8888/index.php/home/search\";logged_in|s:1:\"1\";'),
	('8b1ubu6j0a8sshna1v1hacgkuc6vp5n6','::1',0,'__ci_last_regenerate|i:1631337296;_ci_previous_url|s:39:\"http://localhost:8080/index.php/anggota\";logged_in|s:1:\"1\";'),
	('8bii3d9fdmg43c8d2c9jb7muebch42bq','::1',0,'__ci_last_regenerate|i:1629886342;_ci_previous_url|s:42:\"http://localhost:8080/index.php/tag/edit/1\";logged_in|s:1:\"1\";message|N;'),
	('8etm1q8dlq2ggeguasi5ffnups476e8a','::1',0,'__ci_last_regenerate|i:1631329515;_ci_previous_url|s:46:\"http://localhost:8080/index.php/anggota/create\";logged_in|s:1:\"1\";message|N;'),
	('8ksnegg6mqhkm87i5d5fkmm9sh1nkevh','::1',0,'__ci_last_regenerate|i:1634949391;_ci_previous_url|s:45:\"http://localhost:8888/index.php/catalog?rda=1\";logged_in|s:1:\"1\";message|N;'),
	('8qo0s1ajmstb7jd4on3eqbqdrmq7vk59','::1',0,'__ci_last_regenerate|i:1634952666;_ci_previous_url|s:45:\"http://localhost:8888/index.php/catalog?rda=1\";logged_in|s:1:\"1\";message|N;'),
	('8ru0uklaa7ct3s2neo0rc2kh6s78ng8n','::1',0,'__ci_last_regenerate|i:1631328902;_ci_previous_url|s:39:\"http://localhost:8080/index.php/anggota\";logged_in|s:1:\"1\";message|N;toastr_msg|s:23:\"Import Anggota berhasil\";__ci_vars|a:2:{s:10:\"toastr_msg\";s:3:\"old\";s:11:\"toastr_type\";s:3:\"old\";}toastr_type|s:7:\"success\";'),
	('8unt07qpb0dtko9r868h5l5o2iufgnsi','::1',0,'__ci_last_regenerate|i:1634695490;_ci_previous_url|s:49:\"http://localhost:8888/index.php/katalogrda/create\";logged_in|s:1:\"1\";__ci_vars|a:1:{s:7:\"message\";s:3:\"new\";}message|s:233:\"<!-- DEBUG-VIEW START 1 SYSTEMPATH/Validation/Views/list.php -->\n	<div class=\"errors\" role=\"alert\">\n		<ul>\n					<li>The Nama field is required.</li>\n				</ul>\n	</div>\n\n<!-- DEBUG-VIEW ENDED 1 SYSTEMPATH/Validation/Views/list.php -->\n\";'),
	('91is7b80uedvbq250fp4ccqt777f7p0r','::1',0,'__ci_last_regenerate|i:1634947694;_ci_previous_url|s:45:\"http://localhost:8888/index.php/catalog?rda=1\";logged_in|s:1:\"1\";message|N;'),
	('9650haqlpgq14tci6u77f30m9cnltnmj','::1',0,'__ci_last_regenerate|i:1632526875;redirect_url|s:41:\"http://localhost:8080/index.php/dashboard\";_ci_previous_url|s:37:\"http://localhost:8080/index.php/login\";'),
	('9721djtn2oqokdu77nnqsmbt4ln7rc3p','::1',0,'__ci_last_regenerate|i:1628040233;redirect_url|s:41:\"http://localhost:8080/index.php/dashboard\";_ci_previous_url|s:37:\"http://localhost:8080/index.php/login\";'),
	('97e6md3df4169as3jnkpb77e4t0qj33t','::1',0,'__ci_last_regenerate|i:1635656998;_ci_previous_url|s:81:\"http://localhost:8888/index.php/home/search?pDataItem=&pType=Title&pLembarkerja=0\";'),
	('9e78se7ag9940mpi7tiu9223sl2a4neg','::1',0,'__ci_last_regenerate|i:1632470306;_ci_previous_url|s:41:\"http://localhost:8080/index.php/parameter\";logged_in|s:1:\"1\";'),
	('9esakb613eruent0pdbrbgvl2721q6e3','::1',0,'__ci_last_regenerate|i:1634294528;_ci_previous_url|s:51:\"http://localhost:8080/index.php/katalog-aacr/create\";logged_in|s:1:\"1\";message|N;toastr_msg|s:25:\"Katalog berhasil disimpan\";__ci_vars|a:2:{s:10:\"toastr_msg\";s:3:\"new\";s:11:\"toastr_type\";s:3:\"new\";}toastr_type|s:7:\"success\";'),
	('9j4v70qgvlt1oqnog1q2quuo5n8qskla','::1',0,'__ci_last_regenerate|i:1633685521;_ci_previous_url|s:48:\"http://localhost:8080/index.php/eksemplar/create\";logged_in|s:1:\"1\";message|N;'),
	('9nu4ctd54vpgq4tci8rj6hp0r35v6m6t','::1',0,'__ci_last_regenerate|i:1634485927;_ci_previous_url|s:46:\"http://localhost:8888/index.php/anggota/create\";logged_in|s:1:\"1\";message|N;'),
	('9te3g9bea3cous2mkan97rv02c9l23co','::1',0,'__ci_last_regenerate|i:1633084579;_ci_previous_url|s:50:\"http://localhost:8080/index.php/anggota/index_json\";logged_in|s:1:\"1\";'),
	('a7r146fqadikvp8pjbkbag76t518a1u4','::1',0,'__ci_last_regenerate|i:1635490096;redirect_url|s:41:\"http://localhost:8888/index.php/dashboard\";_ci_previous_url|s:37:\"http://localhost:8888/index.php/login\";'),
	('a81i3jds50roratoe1734k0vbv9tnjdc','::1',0,'__ci_last_regenerate|i:1635645766;_ci_previous_url|s:89:\"http://localhost:8888/index.php/home/search?pDataItem=Soekarno&pType=Title&pLembarkerja=3\";'),
	('a8v6t7l20q9dn1bg5ahlderjtovgj339','::1',0,'__ci_last_regenerate|i:1629856444;_ci_previous_url|s:49:\"http://localhost:8080/index.php/master-tag/create\";logged_in|s:1:\"1\";message|N;'),
	('a91kkuhgege0le34i6ngc2mok5bbb4p4','::1',0,'__ci_last_regenerate|i:1634690431;_ci_previous_url|s:51:\"http://localhost:8888/index.php/katalog-aacr/create\";logged_in|s:1:\"1\";message|N;toastr_msg|s:25:\"Katalog berhasil disimpan\";__ci_vars|a:2:{s:10:\"toastr_msg\";s:3:\"old\";s:11:\"toastr_type\";s:3:\"old\";}toastr_type|s:7:\"success\";'),
	('a9bob56ahs5veui24e6dn1o10cjqh3l4','::1',0,'__ci_last_regenerate|i:1632469316;_ci_previous_url|s:32:\"http://localhost:8080/index.php/\";logged_in|s:1:\"1\";message|s:13:\"Welcome back!\";__ci_vars|a:1:{s:7:\"message\";s:3:\"old\";}'),
	('a9t0v1gpkrm1pkfubssu1se0tdm6jeuf','::1',0,'__ci_last_regenerate|i:1635504173;_ci_previous_url|s:52:\"http://localhost:8888/index.php/catalog/create?rda=1\";logged_in|s:1:\"1\";message|N;'),
	('aenpcoa1jvm0agbbfes3fl0bqoc8b06l','::1',0,'__ci_last_regenerate|i:1634900862;_ci_previous_url|s:46:\"http://localhost:8888/index.php/catalog/create\";logged_in|s:1:\"1\";message|N;'),
	('afd81hvki374tb3df7jipmkn0flo4im2','::1',0,'__ci_last_regenerate|i:1634294146;_ci_previous_url|s:51:\"http://localhost:8080/index.php/katalog-aacr/create\";logged_in|s:1:\"1\";message|N;'),
	('afmbk8grld41jiap7qv8tmj5bpdvahq9','::1',0,'__ci_last_regenerate|i:1634695172;_ci_previous_url|s:49:\"http://localhost:8888/index.php/katalogrda/create\";logged_in|s:1:\"1\";__ci_vars|a:1:{s:7:\"message\";s:3:\"new\";}message|s:233:\"<!-- DEBUG-VIEW START 1 SYSTEMPATH/Validation/Views/list.php -->\n	<div class=\"errors\" role=\"alert\">\n		<ul>\n					<li>The Nama field is required.</li>\n				</ul>\n	</div>\n\n<!-- DEBUG-VIEW ENDED 1 SYSTEMPATH/Validation/Views/list.php -->\n\";'),
	('agt2sdnehcb5111oo9nn5mlfrb1nlgug','::1',0,'__ci_last_regenerate|i:1634884647;redirect_url|s:41:\"http://localhost:8888/index.php/dashboard\";_ci_previous_url|s:37:\"http://localhost:8888/index.php/login\";'),
	('ahm1smbvvualnsc03utlm46mumlo4o63','::1',0,'__ci_last_regenerate|i:1635561938;_ci_previous_url|s:43:\"http://localhost:8888/index.php/home/search\";'),
	('ak1l8l0fcsrj43t7kbkn6am9h1hl5thv','::1',0,'__ci_last_regenerate|i:1631341156;_ci_previous_url|s:63:\"http://localhost:8080/index.php/anggota/edit/2?slug=keanggotaan\";logged_in|s:1:\"1\";'),
	('apav8eqpsbede2jbnmk8901p453936o3','::1',0,'__ci_last_regenerate|i:1631869272;_ci_previous_url|s:46:\"http://localhost:8080/index.php/anggota/create\";logged_in|s:1:\"1\";message|N;'),
	('aq8d9iursp3q5v2kkvgve375v37hrpu4','::1',0,'__ci_last_regenerate|i:1634944617;_ci_previous_url|s:48:\"http://localhost:8888/index.php/catalog?slug=rda\";logged_in|s:1:\"1\";message|N;'),
	('asl0jrjtuac12bfusn0ei0blmoc9spnv','::1',0,'__ci_last_regenerate|i:1628407331;_ci_previous_url|s:46:\"http://localhost:8080/index.php/anggota/create\";logged_in|s:1:\"1\";message|N;'),
	('b0ip3ng10lf5o0qo9mgcbpjh2la6bam0','::1',0,'__ci_last_regenerate|i:1634694517;_ci_previous_url|s:49:\"http://localhost:8888/index.php/katalogrda/create\";logged_in|s:1:\"1\";__ci_vars|a:1:{s:7:\"message\";s:3:\"new\";}message|s:233:\"<!-- DEBUG-VIEW START 1 SYSTEMPATH/Validation/Views/list.php -->\n	<div class=\"errors\" role=\"alert\">\n		<ul>\n					<li>The Nama field is required.</li>\n				</ul>\n	</div>\n\n<!-- DEBUG-VIEW ENDED 1 SYSTEMPATH/Validation/Views/list.php -->\n\";'),
	('b0lrfjh8uhuen9v1ueru57b8uft20b0p','::1',0,'__ci_last_regenerate|i:1629858242;_ci_previous_url|s:49:\"http://localhost:8080/index.php/master-tag/create\";logged_in|s:1:\"1\";message|N;'),
	('b18hd6qm56q67i4kvhfurhhrph72jsjk','::1',0,'__ci_last_regenerate|i:1634868927;_ci_previous_url|s:49:\"http://localhost:8888/index.php/katalogrda/create\";logged_in|s:1:\"1\";message|N;'),
	('b1gfd9ei7d3iqsn7o9g20pfss87nv8b9','::1',0,'__ci_last_regenerate|i:1635670371;_ci_previous_url|s:39:\"http://localhost:8888/index.php/anggota\";logged_in|s:1:\"1\";'),
	('b1ri6p1vp1a5iiittgksancc1uv6mmdf','::1',0,'__ci_last_regenerate|i:1635497956;_ci_previous_url|s:37:\"http://localhost:8888/index.php/login\";redirect_url|s:41:\"http://localhost:8888/index.php/dashboard\";'),
	('b23k9r3n9fqiut7b9f5amtm5i5dq71go','::1',0,'__ci_last_regenerate|i:1631865318;_ci_previous_url|s:53:\"http://localhost:8080/index.php/reference?menu_id=108\";logged_in|s:1:\"1\";'),
	('b5a61g1sepl5i939ju9ui38jj8b93mq1','::1',0,'__ci_last_regenerate|i:1629888402;_ci_previous_url|s:42:\"http://localhost:8080/index.php/tag/edit/2\";logged_in|s:1:\"1\";message|N;'),
	('b5j9l40beqhhelal8dhot355e04otmf4','::1',0,'__ci_last_regenerate|i:1628044082;_ci_previous_url|s:46:\"http://localhost:8080/index.php/anggota/import\";logged_in|s:1:\"1\";message|N;'),
	('bdm0mmvootrkbngi3idldrf7hglfnh5r','::1',0,'__ci_last_regenerate|i:1634946736;_ci_previous_url|s:45:\"http://localhost:8888/index.php/catalog?rda=1\";logged_in|s:1:\"1\";message|N;'),
	('bghj57tg6e5vcnooi82qrt2t9tsgtj6g','::1',0,'__ci_last_regenerate|i:1631870793;_ci_previous_url|s:50:\"http://localhost:8080/index.php/anggota/cetakKartu\";logged_in|s:1:\"1\";message|N;'),
	('bla7ieul6qgscvlq1pn4dc8r4i8oojki','::1',0,'__ci_last_regenerate|i:1629885155;_ci_previous_url|s:42:\"http://localhost:8080/index.php/tag/create\";logged_in|s:1:\"1\";message|N;'),
	('bln2s93mqq19uk5ac2rfdrj9o9gu3tim','::1',0,'__ci_last_regenerate|i:1635611104;_ci_previous_url|s:43:\"http://localhost:8888/index.php/home/search\";'),
	('blpcog03ko7pqeu8518khi1mo4ig5omp','::1',0,'__ci_last_regenerate|i:1629860227;_ci_previous_url|s:49:\"http://localhost:8080/index.php/master-tag/create\";logged_in|s:1:\"1\";message|N;'),
	('bmjpsp24um5ag676ovj4svrpqugic1mt','::1',0,'__ci_last_regenerate|i:1634869556;_ci_previous_url|s:49:\"http://localhost:8888/index.php/katalogrda/create\";logged_in|s:1:\"1\";message|N;toastr_msg|s:25:\"Katalog berhasil disimpan\";__ci_vars|a:2:{s:10:\"toastr_msg\";s:3:\"old\";s:11:\"toastr_type\";s:3:\"old\";}toastr_type|s:7:\"success\";'),
	('bn90f88jk1gov8krp7qoqpj7uadt778n','::1',0,'__ci_last_regenerate|i:1635654776;_ci_previous_url|s:90:\"http://localhost:8888/index.php/home/search?pDataItem=Soekarno&pType=Title&pLembarkerja=-1\";'),
	('bniifjejhhker9h0f7logcb95o5kcpgg','::1',0,'__ci_last_regenerate|i:1635611896;_ci_previous_url|s:43:\"http://localhost:8888/index.php/home/search\";'),
	('bo4gpe10tvjm7fn1p9a1qp8brig51ssj','::1',0,'__ci_last_regenerate|i:1635646881;_ci_previous_url|s:89:\"http://localhost:8888/index.php/home/search?pDataItem=Soekarno&pType=Title&pLembarkerja=3\";'),
	('boq6eu1q03ptfa5n2mio76jfksvd2p55','::1',0,'__ci_last_regenerate|i:1633687414;_ci_previous_url|s:48:\"http://localhost:8080/index.php/eksemplar/create\";logged_in|s:1:\"1\";message|N;'),
	('bp4sm0i399lms13fl074soet35orbqlt','::1',0,'__ci_last_regenerate|i:1631334070;_ci_previous_url|s:51:\"http://localhost:8080/index.php/anggota/D_sumbangan\";logged_in|s:1:\"1\";message|N;'),
	('bpas06sl1bj8ui26au5pni8h08m17i97','::1',0,'__ci_last_regenerate|i:1631344140;_ci_previous_url|s:46:\"http://localhost:8080/index.php/anggota/import\";logged_in|s:1:\"1\";message|N;'),
	('bslk6kspv8tup4216vudblu3pv7l7s3i','::1',0,'__ci_last_regenerate|i:1631339005;_ci_previous_url|s:46:\"http://localhost:8080/index.php/anggota/edit/2\";logged_in|s:1:\"1\";'),
	('bsv3praas0hn0m7nt7mg683vqsnl2r4f','::1',0,'__ci_last_regenerate|i:1632528147;redirect_url|s:41:\"http://localhost:8080/index.php/dashboard\";_ci_previous_url|s:37:\"http://localhost:8080/index.php/login\";'),
	('c6l0ftqef7r0nbfl5qdm11pk4i2hgemd','::1',0,'__ci_last_regenerate|i:1631328594;_ci_previous_url|s:46:\"http://localhost:8080/index.php/anggota/import\";logged_in|s:1:\"1\";message|N;'),
	('c7s9efe1lestpvtop6p68a8208j5hu03','::1',0,'__ci_last_regenerate|i:1631507892;_ci_previous_url|s:46:\"http://localhost:8080/index.php/anggota/import\";logged_in|s:1:\"1\";message|N;'),
	('c8rbv2d7avvdbctp7kfrrkatc3b9t88i','::1',0,'__ci_last_regenerate|i:1631861473;_ci_previous_url|s:62:\"http://localhost:8080/index.php/menu/edit/77?slug=backend-menu\";logged_in|s:1:\"1\";message|N;'),
	('ce1vpv31v7o5u15rk8s043ig7otb4rna','::1',0,'__ci_last_regenerate|i:1629852099;_ci_previous_url|s:76:\"http://localhost:8080/index.php/menu/create?slug=reference-menu&parent_id=97\";logged_in|s:1:\"1\";message|N;'),
	('cfarvhkk5gvs5i2ga1278vs59036r25h','::1',0,'__ci_last_regenerate|i:1632526565;redirect_url|s:41:\"http://localhost:8080/index.php/dashboard\";_ci_previous_url|s:37:\"http://localhost:8080/index.php/login\";'),
	('cmbi1au9e2e1nunng8sq50439skjgv65','::1',0,'__ci_last_regenerate|i:1628041526;_ci_previous_url|s:48:\"http://localhost:8080/index.php/sumbangan/create\";logged_in|s:1:\"1\";message|N;'),
	('cmhi67ei8in4hmkda7qkkvr8f8fi11mi','::1',0,'__ci_last_regenerate|i:1631343814;_ci_previous_url|s:63:\"http://localhost:8080/index.php/anggota/edit/2?slug=keanggotaan\";logged_in|s:1:\"1\";'),
	('cmucef62o8ddkt2g138botflknlaa23o','::1',0,'__ci_last_regenerate|i:1633676327;_ci_previous_url|s:36:\"http://localhost:8080/index.php/page\";logged_in|s:1:\"1\";message|N;'),
	('cod6d6glcn96auis1ofb1ll6g6hk5svv','::1',0,'__ci_last_regenerate|i:1634896328;_ci_previous_url|s:46:\"http://localhost:8888/index.php/catalog/create\";logged_in|s:1:\"1\";message|N;'),
	('cpi3j9j3cbvlc35heuarso901pbna0to','::1',0,'__ci_last_regenerate|i:1629883546;redirect_url|s:32:\"http://localhost:8080/index.php/\";_ci_previous_url|s:37:\"http://localhost:8080/index.php/login\";'),
	('cshbap6q8dg5tuh6lo5ntnn0fne2t09m','::1',0,'__ci_last_regenerate|i:1628041165;_ci_previous_url|s:48:\"http://localhost:8080/index.php/sumbangan/create\";logged_in|s:1:\"1\";message|N;'),
	('cul4njfa66jla21ud7fitjlnoul6hh02','::1',0,'__ci_last_regenerate|i:1629851786;_ci_previous_url|s:49:\"http://localhost:8080/index.php/master-tag/create\";logged_in|s:1:\"1\";message|N;'),
	('d1tpvm6fu24lm9pd8ljh2lsdbh3p9r3h','::1',0,'__ci_last_regenerate|i:1628043276;_ci_previous_url|s:46:\"http://localhost:8080/index.php/anggota/import\";logged_in|s:1:\"1\";message|s:233:\"<!-- DEBUG-VIEW START 1 SYSTEMPATH/Validation/Views/list.php -->\n	<div class=\"errors\" role=\"alert\">\n		<ul>\n					<li>The Nama field is required.</li>\n				</ul>\n	</div>\n\n<!-- DEBUG-VIEW ENDED 1 SYSTEMPATH/Validation/Views/list.php -->\n\";__ci_vars|a:1:{s:7:\"message\";s:3:\"old\";}'),
	('d5sv8afnmsqaf797h7vma583up4ea776','::1',0,'__ci_last_regenerate|i:1634894853;_ci_previous_url|s:41:\"http://localhost:8888/index.php/parameter\";logged_in|s:1:\"1\";message|N;'),
	('d7an1h095a0lmm3r38r75jbtjq75t517','::1',0,'__ci_last_regenerate|i:1635504173;_ci_previous_url|s:36:\"http://localhost:8888/index.php/home\";logged_in|s:1:\"1\";'),
	('dbd803hnibnd6q4gf7fremb96e2c4b5d','::1',0,'__ci_last_regenerate|i:1634945570;_ci_previous_url|s:45:\"http://localhost:8888/index.php/catalog?rda=1\";logged_in|s:1:\"1\";message|N;'),
	('dc5k3iht9s3kl3c0pfm7b38u49gnkcd6','::1',0,'__ci_last_regenerate|i:1629861909;_ci_previous_url|s:49:\"http://localhost:8080/index.php/master-tag/create\";logged_in|s:1:\"1\";message|N;'),
	('dd897foi5rkt891ndopfddbotb8aep1d','::1',0,'__ci_last_regenerate|i:1633684492;_ci_previous_url|s:48:\"http://localhost:8080/index.php/eksemplar/create\";logged_in|s:1:\"1\";message|N;'),
	('ddr7lgcnt48tc7f4koivl509u9a01ocs','::1',0,'__ci_last_regenerate|i:1633667752;_ci_previous_url|s:45:\"http://localhost:8080/index.php/user/detail/2\";logged_in|s:1:\"1\";'),
	('de63gdivaembcs86l8rl7qrugn1c74bb','::1',0,'__ci_last_regenerate|i:1633689205;_ci_previous_url|s:59:\"http://localhost:8080/index.php/sirkulasi?slug=pengembalian\";logged_in|s:1:\"1\";message|N;'),
	('dfc99kpaueeb1v2mfsnm1g72nvtu7dpd','::1',0,'__ci_last_regenerate|i:1633681788;_ci_previous_url|s:36:\"http://localhost:8080/index.php/menu\";logged_in|s:1:\"1\";message|N;'),
	('difimdh1hovs62jsss4k3dnlsl0hu13f','::1',0,'__ci_last_regenerate|i:1629863451;_ci_previous_url|s:49:\"http://localhost:8080/index.php/master-tag/create\";logged_in|s:1:\"1\";message|N;'),
	('djsthor2dstmfivcmnado8oet3o3mmc8','::1',0,'__ci_last_regenerate|i:1634484788;_ci_previous_url|s:46:\"http://localhost:8888/index.php/anggota/create\";logged_in|s:1:\"1\";message|N;'),
	('do26i6vm16k2jodmpsbjfg9i4bn4j0a1','::1',0,'__ci_last_regenerate|i:1633685155;_ci_previous_url|s:48:\"http://localhost:8080/index.php/eksemplar/create\";logged_in|s:1:\"1\";message|N;'),
	('dp5gcf9t06rj1qcm0d92a5sknk2326ge','::1',0,'__ci_last_regenerate|i:1635496812;_ci_previous_url|s:43:\"http://localhost:8888/index.php/home/search\";logged_in|s:1:\"1\";'),
	('dr91edrehn6pbtn6f78a3uo8140f1p3i','::1',0,'__ci_last_regenerate|i:1635667697;_ci_previous_url|s:82:\"http://localhost:8888/index.php/home/search?pDataItem=&pType=Title&pLembarkerja=11\";'),
	('dum5pu7b6428fg4u0gqu259oc4dbhc7i','::1',0,'__ci_last_regenerate|i:1633683839;_ci_previous_url|s:48:\"http://localhost:8080/index.php/eksemplar/create\";logged_in|s:1:\"1\";message|N;'),
	('e0ubariss6bhde3uu65prndanifkd13o','::1',0,'__ci_last_regenerate|i:1629859917;_ci_previous_url|s:49:\"http://localhost:8080/index.php/master-tag/create\";logged_in|s:1:\"1\";message|N;'),
	('e10b5ro4fjtek956dpn8m18nmc6qcvc9','::1',0,'__ci_last_regenerate|i:1633084909;_ci_previous_url|s:44:\"http://localhost:8080/index.php/anggota/json\";logged_in|s:1:\"1\";'),
	('e15im2joqtftn5e3je8923ttqmasqef4','::1',0,'__ci_last_regenerate|i:1635480105;_ci_previous_url|s:37:\"http://localhost:8888/index.php/login\";redirect_url|s:32:\"http://localhost:8888/index.php/\";'),
	('e4k0bfeg8prbdkicoojcmen50330ou2v','::1',0,'__ci_last_regenerate|i:1635657696;_ci_previous_url|s:81:\"http://localhost:8888/index.php/home/search?pDataItem=&pType=Title&pLembarkerja=0\";'),
	('e68j354l7svkfd0nrn71g6e7gu92dh82','::1',0,'__ci_last_regenerate|i:1635644447;_ci_previous_url|s:55:\"http://localhost:8888/index.php/home/search?search=test\";'),
	('e7ssr9hhvesbt2uk1vmv0i856jtubcd5','::1',0,'__ci_last_regenerate|i:1633665980;_ci_previous_url|s:37:\"http://localhost:8080/index.php/login\";redirect_url|s:32:\"http://localhost:8080/index.php/\";'),
	('e8mggrj3lkqt8ln0es3kqul6654devmb','::1',0,'__ci_last_regenerate|i:1634287959;_ci_previous_url|s:51:\"http://localhost:8080/index.php/katalog-aacr/create\";logged_in|s:1:\"1\";message|N;'),
	('e9imrdqjdcch0v59e0t7vr1000hip4sj','::1',0,'__ci_last_regenerate|i:1635480817;_ci_previous_url|s:45:\"http://localhost:8888/index.php/catalog?rda=1\";logged_in|s:1:\"1\";message|N;toastr_msg|s:25:\"Catalog berhasil disimpan\";__ci_vars|a:2:{s:10:\"toastr_msg\";s:3:\"new\";s:11:\"toastr_type\";s:3:\"new\";}toastr_type|s:7:\"success\";'),
	('ebqss0b98klishpo0dvt3cg507tuc4al','::1',0,'__ci_last_regenerate|i:1635482209;_ci_previous_url|s:52:\"http://localhost:8888/index.php/catalog/create?rda=1\";logged_in|s:1:\"1\";message|N;'),
	('edm9s1rpjelckc8mguqdkauujofeh8rc','::1',0,'__ci_last_regenerate|i:1629864061;_ci_previous_url|s:42:\"http://localhost:8080/index.php/tag/create\";logged_in|s:1:\"1\";message|N;'),
	('eeir83ulul07hbmhophdndj4oq9qbtj6','::1',0,'__ci_last_regenerate|i:1633687782;_ci_previous_url|s:48:\"http://localhost:8080/index.php/eksemplar/create\";logged_in|s:1:\"1\";message|N;'),
	('efmqfmq7qn5ol0uuornof30sbe1768qk','::1',0,'__ci_last_regenerate|i:1634900554;_ci_previous_url|s:46:\"http://localhost:8888/index.php/catalog/create\";logged_in|s:1:\"1\";message|N;'),
	('egqobhprpv72umeu38dakp24h2nc0fkn','::1',0,'__ci_last_regenerate|i:1631333219;_ci_previous_url|s:66:\"http://localhost:8080/index.php/anggota?slug=sumbangan&member_id=2\";logged_in|s:1:\"1\";message|N;'),
	('ei7hpdkvbkudqb5u71ps7h391h7lrvhb','::1',0,'__ci_last_regenerate|i:1634952997;_ci_previous_url|s:45:\"http://localhost:8888/index.php/catalog?rda=1\";logged_in|s:1:\"1\";message|N;'),
	('ek4gp2eg35uq57qt0eb5bqpgeb3ar6ha','::1',0,'__ci_last_regenerate|i:1628045101;_ci_previous_url|s:54:\"http://localhost:8080/index.php/menu?slug=backend-menu\";logged_in|s:1:\"1\";message|N;toastr_msg|s:22:\"Menu berhasil disimpan\";__ci_vars|a:2:{s:10:\"toastr_msg\";s:3:\"old\";s:11:\"toastr_type\";s:3:\"old\";}toastr_type|s:7:\"success\";'),
	('em61qdqbf6f2pi2vbkrp2g1d2q4h3or9','::1',0,'__ci_last_regenerate|i:1631862990;_ci_previous_url|s:46:\"http://localhost:8080/index.php/anggota/create\";logged_in|s:1:\"1\";message|N;'),
	('em6esomjim4nbstmhmgnh0ms64fvs5sd','::1',0,'__ci_last_regenerate|i:1635499565;_ci_previous_url|s:43:\"http://localhost:8888/index.php/home/search\";logged_in|s:1:\"1\";'),
	('emoe0oadji0turrq68l036v2f0csabh1','::1',0,'__ci_last_regenerate|i:1632479605;redirect_url|s:41:\"http://localhost:8080/index.php/dashboard\";_ci_previous_url|s:37:\"http://localhost:8080/index.php/login\";'),
	('enrmuktaj2uptkon3jqb1vm1gufcrs5f','::1',0,'__ci_last_regenerate|i:1634867426;_ci_previous_url|s:49:\"http://localhost:8888/index.php/katalogrda/create\";logged_in|s:1:\"1\";message|N;'),
	('eo258d9cb5k81hkq8dtqoi0sjr470ppj','::1',0,'__ci_last_regenerate|i:1631327951;_ci_previous_url|s:41:\"http://localhost:8080/index.php/dashboard\";logged_in|s:1:\"1\";message|N;'),
	('esht8m6tp3o0v89lnvmokkv8ldc1hogt','::1',0,'__ci_last_regenerate|i:1632470306;_ci_previous_url|s:54:\"http://localhost:8080/index.php/uigniter/forms/layouts\";logged_in|s:1:\"1\";'),
	('f2bq1kvhpaeva2s6nmiu58r0413csnqu','::1',0,'__ci_last_regenerate|i:1631336455;redirect_url|s:32:\"http://localhost:8080/index.php/\";_ci_previous_url|s:37:\"http://localhost:8080/index.php/login\";'),
	('f7opgenpu5g5k4pil1s8vhvpgrr7suoi','::1',0,'__ci_last_regenerate|i:1634946266;_ci_previous_url|s:45:\"http://localhost:8888/index.php/catalog?rda=1\";logged_in|s:1:\"1\";message|N;'),
	('f85itvd2hauna63giptbvd3ii4ia4h0h','::1',0,'__ci_last_regenerate|i:1635616655;_ci_previous_url|s:43:\"http://localhost:8888/index.php/home/search\";'),
	('f8ggdeqn3c855qhcjjffnhvru3nfbsh4','::1',0,'__ci_last_regenerate|i:1634887224;_ci_previous_url|s:46:\"http://localhost:8888/index.php/katalog/create\";logged_in|s:1:\"1\";message|N;'),
	('f8siiok1o1jmpno2b35b958a0s4kn99l','::1',0,'__ci_last_regenerate|i:1631864318;_ci_previous_url|s:76:\"http://localhost:8080/index.php/menu/create?slug=reference-menu&parent_id=93\";logged_in|s:1:\"1\";'),
	('ff77a9apra46st536qmhll5mrdj0gmlr','::1',0,'__ci_last_regenerate|i:1631332098;_ci_previous_url|s:62:\"http://localhost:8080/index.php/anggota/D_sumbangan?MemberID=2\";logged_in|s:1:\"1\";message|N;'),
	('ffcq5icu2pl8r5mvhbgdus3aj4k7i43e','::1',0,'__ci_last_regenerate|i:1633685907;_ci_previous_url|s:48:\"http://localhost:8080/index.php/eksemplar/create\";logged_in|s:1:\"1\";message|N;'),
	('ffgbpm5cpocogc6rabq7bdd9bntuh03s','::1',0,'__ci_last_regenerate|i:1632479649;redirect_url|s:41:\"http://localhost:8080/index.php/dashboard\";_ci_previous_url|s:37:\"http://localhost:8080/index.php/login\";'),
	('fhcds28u4h310hchbs0g9mlm7tnoem9a','::1',0,'__ci_last_regenerate|i:1634889506;_ci_previous_url|s:39:\"http://localhost:8888/index.php/katalog\";logged_in|s:1:\"1\";message|N;'),
	('ft598q2ncnneibfi230bmur5jhd3c8t7','::1',0,'__ci_last_regenerate|i:1635603768;_ci_previous_url|s:43:\"http://localhost:8888/index.php/home/search\";'),
	('ftmkcusgqal8g12hvv5knfs1lr0pes0q','::1',0,'__ci_last_regenerate|i:1634887887;_ci_previous_url|s:39:\"http://localhost:8888/index.php/katalog\";logged_in|s:1:\"1\";message|N;toastr_msg|s:25:\"Katalog berhasil disimpan\";__ci_vars|a:2:{s:10:\"toastr_msg\";s:3:\"old\";s:11:\"toastr_type\";s:3:\"old\";}toastr_type|s:7:\"success\";'),
	('fvoo3lohoq31ig8sc37equqdbm9hfvk5','::1',0,'__ci_last_regenerate|i:1634902690;_ci_previous_url|s:46:\"http://localhost:8888/index.php/catalog/create\";logged_in|s:1:\"1\";message|N;'),
	('fvpaj454ja4cl63e8hbkre9jrp5o59ke','::1',0,'__ci_last_regenerate|i:1631332646;_ci_previous_url|s:66:\"http://localhost:8080/index.php/anggota?slug=sumbangan&member_id=2\";logged_in|s:1:\"1\";message|N;'),
	('g053ddi9crefh0ikimtrlp257prne6j6','::1',0,'__ci_last_regenerate|i:1634693845;_ci_previous_url|s:49:\"http://localhost:8888/index.php/katalogrda/create\";logged_in|s:1:\"1\";__ci_vars|a:1:{s:7:\"message\";s:3:\"new\";}message|s:233:\"<!-- DEBUG-VIEW START 1 SYSTEMPATH/Validation/Views/list.php -->\n	<div class=\"errors\" role=\"alert\">\n		<ul>\n					<li>The Nama field is required.</li>\n				</ul>\n	</div>\n\n<!-- DEBUG-VIEW ENDED 1 SYSTEMPATH/Validation/Views/list.php -->\n\";'),
	('g0ja1mmsnt4h20ev1aosg479p1o7cpfh','::1',0,'__ci_last_regenerate|i:1633959750;_ci_previous_url|s:51:\"http://localhost:8080/index.php/katalog-aacr/create\";logged_in|s:1:\"1\";message|N;'),
	('g9g7sstk9621hnpea57jqavebs90kvhq','::1',0,'__ci_last_regenerate|i:1631330278;redirect_url|s:41:\"http://localhost:8080/index.php/dashboard\";_ci_previous_url|s:37:\"http://localhost:8080/index.php/login\";'),
	('gcadt5rjg10mdnp7oa0dfsqtg0n4uchk','::1',0,'__ci_last_regenerate|i:1633683246;_ci_previous_url|s:48:\"http://localhost:8080/index.php/eksemplar/create\";logged_in|s:1:\"1\";message|N;'),
	('gcqv03sr0bjgqe866uok42t7f6huikln','::1',0,'__ci_last_regenerate|i:1629884201;_ci_previous_url|s:42:\"http://localhost:8080/index.php/tag/create\";logged_in|s:1:\"1\";message|N;'),
	('gfhkfm7guk8rpoimho2mp9rgp6i7ud9l','::1',0,'__ci_last_regenerate|i:1634950001;_ci_previous_url|s:45:\"http://localhost:8888/index.php/catalog?rda=1\";logged_in|s:1:\"1\";message|N;'),
	('gfs9cmtfbe70kolm5v6v9q1k17m792pc','::1',0,'__ci_last_regenerate|i:1633083636;_ci_previous_url|s:39:\"http://localhost:8080/index.php/anggota\";logged_in|s:1:\"1\";'),
	('gjsb6qntallhcbaog7o6b1cv59kqp7s0','::1',0,'__ci_last_regenerate|i:1635617401;_ci_previous_url|s:43:\"http://localhost:8888/index.php/home/search\";'),
	('gmbosfufh2e0fhr38km8d5623un97v71','::1',0,'__ci_last_regenerate|i:1635656381;_ci_previous_url|s:81:\"http://localhost:8888/index.php/home/search?pDataItem=&pType=Title&pLembarkerja=0\";'),
	('gobdo09hbbmsoa2s52krrhfalnkrd297','::1',0,'__ci_last_regenerate|i:1634863334;_ci_previous_url|s:49:\"http://localhost:8888/index.php/katalogrda/create\";logged_in|s:1:\"1\";message|N;'),
	('gs5bsfmj81ql2vfr3qunk9lfit87sjcf','::1',0,'__ci_last_regenerate|i:1631508217;_ci_previous_url|s:46:\"http://localhost:8080/index.php/anggota/import\";logged_in|s:1:\"1\";message|N;'),
	('h1jdvpesa51f07jie6lntsc00mcslgie','::1',0,'__ci_last_regenerate|i:1631151543;_ci_previous_url|s:32:\"http://localhost:8080/index.php/\";logged_in|s:1:\"1\";message|s:13:\"Welcome back!\";__ci_vars|a:1:{s:7:\"message\";s:3:\"old\";}'),
	('h6kcpcl0vjjvaana4ei7ettm57hismq0','::1',0,'__ci_last_regenerate|i:1632470828;redirect_url|s:41:\"http://localhost:8080/index.php/dashboard\";_ci_previous_url|s:37:\"http://localhost:8080/index.php/login\";'),
	('h8u5ddmvsql5g5c8phc85tbbbkc546e9','::1',0,'__ci_last_regenerate|i:1633958739;_ci_previous_url|s:50:\"http://localhost:8080/index.php/katalog-rda/create\";logged_in|s:1:\"1\";message|N;'),
	('h923knj4hgi3pbhq8cnu7vtpq0r9q0kd','::1',0,'__ci_last_regenerate|i:1631334070;_ci_previous_url|s:46:\"http://localhost:8080/index.php/anggota/import\";logged_in|s:1:\"1\";message|N;'),
	('h9n65ii3lb8lhdc9ui421eh7chsq5f2u','::1',0,'__ci_last_regenerate|i:1631507707;redirect_url|s:32:\"http://localhost:8080/index.php/\";_ci_previous_url|s:37:\"http://localhost:8080/index.php/login\";'),
	('hf53o2oji4dalhcm35ps2p919k7svh2k','::1',0,'__ci_last_regenerate|i:1635500538;_ci_previous_url|s:36:\"http://localhost:8888/index.php/home\";logged_in|s:1:\"1\";'),
	('hfun5c88et0cvjv9dml7aoth6upgro3u','::1',0,'__ci_last_regenerate|i:1634277993;_ci_previous_url|s:51:\"http://localhost:8080/index.php/api/banner/detail/1\";logged_in|s:1:\"1\";'),
	('hjii9nc1fnuhvog8rkmltfi57g3a3etr','::1',0,'__ci_last_regenerate|i:1629856753;_ci_previous_url|s:49:\"http://localhost:8080/index.php/master-tag/create\";logged_in|s:1:\"1\";message|N;'),
	('hk5dnkj5sn100hk8g5gqckkbrl2sl11p','::1',0,'__ci_last_regenerate|i:1628401226;redirect_url|s:32:\"http://localhost:8080/index.php/\";_ci_previous_url|s:37:\"http://localhost:8080/index.php/login\";'),
	('hn8mkgtvqekaltif0331nim2v3t3pl6s','::1',0,'__ci_last_regenerate|i:1634485234;_ci_previous_url|s:46:\"http://localhost:8888/index.php/anggota/create\";logged_in|s:1:\"1\";message|N;'),
	('hod1t8nmf5m85rlthq35eqdqae2qnn16','::1',0,'__ci_last_regenerate|i:1634691133;_ci_previous_url|s:42:\"http://localhost:8888/index.php/katalogrda\";logged_in|s:1:\"1\";message|N;'),
	('hvc4tfdu0g0q6b1s9rb39hloijtr32ol','::1',0,'__ci_last_regenerate|i:1635645087;_ci_previous_url|s:74:\"http://localhost:8888/index.php/home/search?pDataItem=&pPilih=Judul&pType=\";'),
	('hvndr4rio2fi1pbe86210s02kqengm2u','::1',0,'__ci_last_regenerate|i:1634952345;_ci_previous_url|s:45:\"http://localhost:8888/index.php/catalog?rda=1\";logged_in|s:1:\"1\";message|N;'),
	('i2o1kcga6h5t6b94hh1osf3347savrpp','::1',0,'__ci_last_regenerate|i:1634888333;_ci_previous_url|s:53:\"http://localhost:8888/index.php/reference?menu_id=101\";logged_in|s:1:\"1\";message|N;'),
	('i5e2g5bi8mtsticvc6d4sfgo4u7gdrtq','::1',0,'__ci_last_regenerate|i:1635658338;_ci_previous_url|s:89:\"http://localhost:8888/index.php/home/search?pDataItem=Soekarno&pType=Title&pLembarkerja=0\";'),
	('i6g9vffjvq6tl2vmag82gegafh6sg3bq','::1',0,'__ci_last_regenerate|i:1633968719;redirect_url|s:41:\"http://localhost:8080/index.php/dashboard\";_ci_previous_url|s:37:\"http://localhost:8080/index.php/login\";'),
	('i8uskqlpef19sjr4sv3dl42uoleuvb4e','::1',0,'__ci_last_regenerate|i:1634896008;_ci_previous_url|s:46:\"http://localhost:8888/index.php/anggota/create\";logged_in|s:1:\"1\";message|N;'),
	('ic20co34ptpau3bn6oi10bur5rbs3dqg','::1',0,'__ci_last_regenerate|i:1634483729;_ci_previous_url|s:52:\"http://localhost:8888/index.php/api/anggota/cities/2\";logged_in|s:1:\"1\";message|N;'),
	('if6vd27hdi6pkqge7kds8idm143nlhk1','::1',0,'__ci_last_regenerate|i:1628040539;_ci_previous_url|s:48:\"http://localhost:8080/index.php/sumbangan/create\";logged_in|s:1:\"1\";message|N;'),
	('ig36mip55k35kovrc8t0gl7oaq6n9h8l','::1',0,'__ci_last_regenerate|i:1634867783;_ci_previous_url|s:49:\"http://localhost:8888/index.php/katalogrda/create\";logged_in|s:1:\"1\";message|N;toastr_msg|s:25:\"Katalog berhasil disimpan\";__ci_vars|a:2:{s:10:\"toastr_msg\";s:3:\"old\";s:11:\"toastr_type\";s:3:\"old\";}toastr_type|s:7:\"success\";'),
	('ig74oq134dbb9p8f1lktoqr4fu3mb7lb','::1',0,'__ci_last_regenerate|i:1635653408;_ci_previous_url|s:89:\"http://localhost:8888/index.php/home/search?pDataItem=Soekarno&pType=Title&pLembarkerja=3\";'),
	('in6h44l0n495ni04sj5i54mlogpf3157','::1',0,'__ci_last_regenerate|i:1629853307;_ci_previous_url|s:49:\"http://localhost:8080/index.php/master-tag/create\";logged_in|s:1:\"1\";message|N;'),
	('iouiibrt9r39lu3rjsa5u2ml0lppodiv','::1',0,'__ci_last_regenerate|i:1633678800;_ci_previous_url|s:41:\"http://localhost:8080/index.php/dashboard\";logged_in|s:1:\"1\";message|N;'),
	('ir8m3bfllum1pnhlleu3vcdrmuifvose','::1',0,'__ci_last_regenerate|i:1634272714;_ci_previous_url|s:42:\"http://localhost:8080/index.php/api/banner\";logged_in|s:1:\"1\";'),
	('ivbb13dhi44ojgdkrrajrvrtq0hmf0ea','::1',0,'__ci_last_regenerate|i:1631342423;_ci_previous_url|s:63:\"http://localhost:8080/index.php/anggota/edit/2?slug=keanggotaan\";logged_in|s:1:\"1\";'),
	('j1916334jviul56tg1tttemotmhq1ar1','::1',0,'__ci_last_regenerate|i:1635668837;_ci_previous_url|s:98:\"http://localhost:8888/index.php/home/search?pDataItem=&pType=Title&pLembarkerja=11&page_katalogs=5\";'),
	('j23eci1e214ndac4me9usd657cpnpoqq','::1',0,'__ci_last_regenerate|i:1631864015;_ci_previous_url|s:46:\"http://localhost:8080/index.php/anggota/create\";logged_in|s:1:\"1\";message|N;'),
	('j49b1251s941bvb6e7g3mrblbaqdnr9b','::1',0,'__ci_last_regenerate|i:1631344769;_ci_previous_url|s:46:\"http://localhost:8080/index.php/anggota/import\";logged_in|s:1:\"1\";message|N;'),
	('j7npidcet87hvrsrkuejhss1h9729nrp','::1',0,'__ci_last_regenerate|i:1631329843;_ci_previous_url|s:46:\"http://localhost:8080/index.php/anggota/create\";logged_in|s:1:\"1\";message|N;'),
	('j9f2npj8nbtrcgu9gasq7kin37t3chq1','::1',0,'__ci_last_regenerate|i:1629851455;_ci_previous_url|s:36:\"http://localhost:8080/index.php/menu\";logged_in|s:1:\"1\";'),
	('jd01f45m1nlrs62b167v8joikguku2od','::1',0,'__ci_last_regenerate|i:1634278655;_ci_previous_url|s:46:\"http://localhost:8080/index.php/anggota/create\";logged_in|s:1:\"1\";message|N;'),
	('jjp3egdqabfk8g7kilmblsg3fg3l5j1j','::1',0,'__ci_last_regenerate|i:1632530029;redirect_url|s:41:\"http://localhost:8080/index.php/dashboard\";_ci_previous_url|s:102:\"http://localhost:8080/index.php/login?csrf_test_name=a2c022bad3800af29d1b59c83ca2b391&login=&password=\";'),
	('k4vutaridj5ij9i5sc8k4o5seaph7vkr','::1',0,'__ci_last_regenerate|i:1633670787;_ci_previous_url|s:38:\"http://localhost:8080/index.php/banner\";logged_in|s:1:\"1\";'),
	('k5uu1g3qp6vfv1kmgpbf1bld138kk8qd','::1',0,'__ci_last_regenerate|i:1635617750;_ci_previous_url|s:43:\"http://localhost:8888/index.php/home/search\";'),
	('k8fg18fttq4gjfhqfkgo8if7808a4qts','::1',0,'__ci_last_regenerate|i:1631325984;_ci_previous_url|s:41:\"http://localhost:8080/index.php/dashboard\";logged_in|s:1:\"1\";message|N;'),
	('kba2cmc8e1q5li957dk2b4n31lh3gmnm','::1',0,'__ci_last_regenerate|i:1635582722;_ci_previous_url|s:43:\"http://localhost:8888/index.php/home/search\";'),
	('kcfanvckdke613vutikmvaf3rfcdk825','::1',0,'__ci_last_regenerate|i:1634482601;_ci_previous_url|s:37:\"http://localhost:8888/index.php/login\";redirect_url|s:32:\"http://localhost:8888/index.php/\";'),
	('kdb1eefqpks07b28607c9324dc6qa4mr','::1',0,'__ci_last_regenerate|i:1631862659;_ci_previous_url|s:46:\"http://localhost:8080/index.php/anggota/create\";logged_in|s:1:\"1\";message|N;'),
	('ke4qhgbhb9jgaftmngloi3mikmciqm75','::1',0,'__ci_last_regenerate|i:1633684185;_ci_previous_url|s:48:\"http://localhost:8080/index.php/eksemplar/create\";logged_in|s:1:\"1\";message|N;'),
	('kgqoharmab815kt08lnetmq49dsbp57o','::1',0,'__ci_last_regenerate|i:1633688183;_ci_previous_url|s:48:\"http://localhost:8080/index.php/eksemplar/create\";logged_in|s:1:\"1\";message|N;'),
	('kin2m81bd5irl1odj26d3qneipqrkcfu','::1',0,'__ci_last_regenerate|i:1632472748;redirect_url|s:41:\"http://localhost:8080/index.php/dashboard\";_ci_previous_url|s:37:\"http://localhost:8080/index.php/login\";'),
	('kmjk24paggt69tr3vrt6vcqpkuj12l9r','::1',0,'__ci_last_regenerate|i:1635499180;_ci_previous_url|s:43:\"http://localhost:8888/index.php/home/search\";logged_in|s:1:\"1\";'),
	('ko7m08g2c96ennjn2m2rimjqe0phh2qa','::1',0,'__ci_last_regenerate|i:1634869922;_ci_previous_url|s:49:\"http://localhost:8888/index.php/katalogrda/create\";logged_in|s:1:\"1\";message|N;'),
	('kp3lq0fjfgjhv0dqbvc5ob3m0k10hiiu','::1',0,'__ci_last_regenerate|i:1634949693;_ci_previous_url|s:45:\"http://localhost:8888/index.php/catalog?rda=1\";logged_in|s:1:\"1\";message|N;'),
	('kv0mojpmvi7a5vn4hsl3765fn6bn0ba7','::1',0,'__ci_last_regenerate|i:1633679185;_ci_previous_url|s:48:\"http://localhost:8080/index.php/eksemplar/create\";logged_in|s:1:\"1\";message|N;'),
	('l44jo3vnqq07t6073789k16ggcofur6m','::1',0,'__ci_last_regenerate|i:1635561938;_ci_previous_url|s:43:\"http://localhost:8888/index.php/home/search\";'),
	('l75ca74s5cvodo32vv9t6ibkehgl47hh','::1',0,'__ci_last_regenerate|i:1635493409;_ci_previous_url|s:32:\"http://localhost:8888/index.php/\";logged_in|s:1:\"1\";'),
	('l7rh3d98a8vspndi5va1ulautrahm8ld','::1',0,'__ci_last_regenerate|i:1635670047;_ci_previous_url|s:94:\"http://localhost:8888/index.php/home/search?pDataItem=indonesia&pType=Title&pLembarkerja=title\";'),
	('l93o0k6c123aadsm27nppbmnhqkifak9','::1',0,'__ci_last_regenerate|i:1628401455;_ci_previous_url|s:37:\"http://localhost:8080/index.php/login\";redirect_url|s:32:\"http://localhost:8080/index.php/\";'),
	('l9kgnicocrr0riqleo8m44hdjjsh8n84','::1',0,'__ci_last_regenerate|i:1628042197;_ci_previous_url|s:46:\"http://localhost:8080/index.php/anggota/import\";logged_in|s:1:\"1\";message|N;'),
	('laf8qfdcfscck720fqvrbf85b3arttq2','::1',0,'__ci_last_regenerate|i:1631344465;_ci_previous_url|s:46:\"http://localhost:8080/index.php/anggota/import\";logged_in|s:1:\"1\";message|N;'),
	('lc5khs0l1ab3ndfk813pl06sgqa58mld','::1',0,'__ci_last_regenerate|i:1635646504;_ci_previous_url|s:89:\"http://localhost:8888/index.php/home/search?pDataItem=Soekarno&pType=Title&pLembarkerja=3\";'),
	('lk7sqoup6apmmok9pcrs3ekg1nl4r5vt','::1',0,'__ci_last_regenerate|i:1633688832;_ci_previous_url|s:48:\"http://localhost:8080/index.php/eksemplar/create\";logged_in|s:1:\"1\";message|N;'),
	('m1g4fut8drfg3d2c7cmeg4ftnigdsk51','::1',0,'__ci_last_regenerate|i:1634900107;_ci_previous_url|s:39:\"http://localhost:8888/index.php/catalog\";logged_in|s:1:\"1\";message|N;'),
	('m3e7val6t5fa5gpaqr23r1jddelfm3f4','::1',0,'__ci_last_regenerate|i:1631344769;_ci_previous_url|s:46:\"http://localhost:8080/index.php/anggota/import\";logged_in|s:1:\"1\";message|N;'),
	('m62hjl4dtv4718g5ab8rrk572jhr0an0','::1',0,'__ci_last_regenerate|i:1635482588;_ci_previous_url|s:52:\"http://localhost:8888/index.php/reference?menu_id=95\";logged_in|s:1:\"1\";message|N;'),
	('m73j8bttocmiee97uqimar6beggkeloq','::1',0,'__ci_last_regenerate|i:1628044474;_ci_previous_url|s:51:\"http://localhost:8080/index.php/eksemplar/karantina\";logged_in|s:1:\"1\";message|N;'),
	('m9e2s09gfabfjbkgv2dc4l6bm2m527hm','::1',0,'__ci_last_regenerate|i:1629884525;_ci_previous_url|s:42:\"http://localhost:8080/index.php/tag/create\";logged_in|s:1:\"1\";message|N;'),
	('mblqfore2ikbp58n48acdnqs1c44q3b2','::1',0,'__ci_last_regenerate|i:1631865625;_ci_previous_url|s:48:\"http://localhost:8080/index.php/anggota/detail/2\";logged_in|s:1:\"1\";message|N;'),
	('md2laooilhfbn7ba7s0mb2sq9ka4oro6','::1',0,'__ci_last_regenerate|i:1635612204;_ci_previous_url|s:43:\"http://localhost:8888/index.php/home/search\";'),
	('mehfs2fgnh252k8cqjvrfjvemndc6ppk','::1',0,'__ci_last_regenerate|i:1634868474;_ci_previous_url|s:49:\"http://localhost:8888/index.php/katalogrda/create\";logged_in|s:1:\"1\";message|N;toastr_msg|s:25:\"Katalog berhasil disimpan\";__ci_vars|a:2:{s:10:\"toastr_msg\";s:3:\"old\";s:11:\"toastr_type\";s:3:\"old\";}toastr_type|s:7:\"success\";'),
	('miiobq9g6g40oc4hdea5j66nidfedaoi','::1',0,'__ci_last_regenerate|i:1634945228;_ci_previous_url|s:48:\"http://localhost:8888/index.php/catalog?slug=rda\";logged_in|s:1:\"1\";message|N;'),
	('mivd7urvmg9v07282abt1tprqv2otaom','::1',0,'__ci_last_regenerate|i:1635602824;_ci_previous_url|s:43:\"http://localhost:8888/index.php/home/search\";'),
	('ml86079t1tsl85r7rjpdtp0bbtdeeuvg','::1',0,'__ci_last_regenerate|i:1635669144;_ci_previous_url|s:93:\"http://localhost:8888/index.php/home/search?pDataItem=soekarno&pType=Title&pLembarkerja=title\";'),
	('mltdfepdb1af3v3ce2khqgkqotc1jfr5','::1',0,'__ci_last_regenerate|i:1632468833;redirect_url|s:32:\"http://localhost:8080/index.php/\";_ci_previous_url|s:37:\"http://localhost:8080/index.php/login\";'),
	('mmms4luglbdlhpb9bslqisppfnfb19st','::1',0,'__ci_last_regenerate|i:1632529116;redirect_url|s:41:\"http://localhost:8080/index.php/dashboard\";_ci_previous_url|s:102:\"http://localhost:8080/index.php/login?csrf_test_name=59f325a6b32a4d61b1233e0688f2128d&login=&password=\";'),
	('mnsodabqjjpadudb6q8fuogth6nbgeq4','::1',0,'__ci_last_regenerate|i:1635657359;_ci_previous_url|s:81:\"http://localhost:8888/index.php/home/search?pDataItem=&pType=Title&pLembarkerja=0\";'),
	('mprgiokibvs1ainu9ekn7kd6ivqiph1b','::1',0,'__ci_last_regenerate|i:1635618278;_ci_previous_url|s:43:\"http://localhost:8888/index.php/home/search\";'),
	('mq8qjejedcd6krg9rbcrggh0g3haevai','::1',0,'__ci_last_regenerate|i:1634862189;_ci_previous_url|s:32:\"http://localhost:8888/index.php/\";'),
	('mqd7ditt48vqeaubm6l8b989hv92gagt','::1',0,'__ci_last_regenerate|i:1633687110;_ci_previous_url|s:41:\"http://localhost:8080/index.php/eksemplar\";logged_in|s:1:\"1\";message|N;toastr_msg|s:27:\"Eksemplar berhasil disimpan\";__ci_vars|a:2:{s:10:\"toastr_msg\";s:3:\"old\";s:11:\"toastr_type\";s:3:\"old\";}toastr_type|s:7:\"success\";'),
	('mrpdjqk2qqn31mgdrute7ag1jbe1aops','::1',0,'__ci_last_regenerate|i:1634292603;_ci_previous_url|s:51:\"http://localhost:8080/index.php/katalog-aacr/create\";logged_in|s:1:\"1\";message|N;'),
	('msh1ad3vhtgkniu495fnn57oq2ch9p9i','::1',0,'__ci_last_regenerate|i:1629861168;_ci_previous_url|s:49:\"http://localhost:8080/index.php/master-tag/create\";logged_in|s:1:\"1\";message|N;'),
	('mtcr9h4gs28t735gk737v8707bfkpncd','::1',0,'__ci_last_regenerate|i:1635482588;_ci_previous_url|s:52:\"http://localhost:8888/index.php/catalog/create?rda=1\";logged_in|s:1:\"1\";message|N;'),
	('n061dgto22kelgqodbnd8iuisupecs0h','::1',0,'__ci_last_regenerate|i:1634278351;_ci_previous_url|s:39:\"http://localhost:8080/index.php/anggota\";logged_in|s:1:\"1\";'),
	('n0d6d9fl3t5thsbhiuit2s9ijltqraad','::1',0,'__ci_last_regenerate|i:1631331783;_ci_previous_url|s:62:\"http://localhost:8080/index.php/anggota/D_sumbangan?MemberID=2\";logged_in|s:1:\"1\";message|N;'),
	('n4kpv41pke923et07m69th4nsmsfl7s3','::1',0,'__ci_last_regenerate|i:1635643585;_ci_previous_url|s:55:\"http://localhost:8888/index.php/home/search?search=test\";'),
	('n7q796hlkr5m1jk3lv39umngqog58qdg','::1',0,'__ci_last_regenerate|i:1633682782;_ci_previous_url|s:44:\"http://localhost:8080/index.php/user/profile\";logged_in|s:1:\"1\";'),
	('nfaac8sj8ebb3fbfdetcmihkto0l7a06','::1',0,'__ci_last_regenerate|i:1633074645;redirect_url|s:32:\"http://localhost:8080/index.php/\";_ci_previous_url|s:115:\"http://localhost:8080/index.php/login?csrf_test_name=80fe6ae4d6068fc747bd76f37bd161e5&login=admin&password=password\";'),
	('nfevch399ips5mbjpe31dj6r2fee556a','::1',0,'__ci_last_regenerate|i:1631329843;_ci_previous_url|s:32:\"http://localhost:8080/index.php/\";logged_in|s:1:\"1\";message|N;'),
	('nj5l95bs4o6b3h08gfuuved8v6ktamc1','::1',0,'__ci_last_regenerate|i:1635646084;_ci_previous_url|s:89:\"http://localhost:8888/index.php/home/search?pDataItem=Soekarno&pType=Title&pLembarkerja=3\";'),
	('ntkkbgtovmr6364blk77ce3redil1kch','::1',0,'__ci_last_regenerate|i:1633075466;_ci_previous_url|s:37:\"http://localhost:8080/index.php/login\";redirect_url|s:32:\"http://localhost:8080/index.php/\";'),
	('o1nqi10v8srmfsv3cc7ogp70m4p21ovi','::1',0,'__ci_last_regenerate|i:1631870376;_ci_previous_url|s:50:\"http://localhost:8080/index.php/anggota/cetakKartu\";logged_in|s:1:\"1\";message|N;'),
	('o3h79vo3h2983omff1qbsnotuvg43tr6','::1',0,'__ci_last_regenerate|i:1634901225;_ci_previous_url|s:46:\"http://localhost:8888/index.php/catalog/create\";logged_in|s:1:\"1\";message|N;'),
	('o3uve6j8ll9vr6tc82sdfr6ak48hm8tt','::1',0,'__ci_last_regenerate|i:1634893165;_ci_previous_url|s:39:\"http://localhost:8888/index.php/katalog\";logged_in|s:1:\"1\";message|N;toastr_msg|s:25:\"Katalog berhasil disimpan\";__ci_vars|a:2:{s:10:\"toastr_msg\";s:3:\"old\";s:11:\"toastr_type\";s:3:\"old\";}toastr_type|s:7:\"success\";'),
	('o4sq6e1comjqcf6hfgadk15lip6s8r2r','::1',0,'__ci_last_regenerate|i:1631338596;_ci_previous_url|s:56:\"http://localhost:8080/index.php/uigniter/components/tabs\";logged_in|s:1:\"1\";'),
	('o60j2ctpkuksu4geig2njl43c3ar487p','::1',0,'__ci_last_regenerate|i:1635610485;_ci_previous_url|s:43:\"http://localhost:8888/index.php/home/search\";'),
	('o86s566fgqdkhqu6p0rp90nt4hm3pdaa','::1',0,'__ci_last_regenerate|i:1629857367;_ci_previous_url|s:49:\"http://localhost:8080/index.php/master-tag/create\";logged_in|s:1:\"1\";message|N;'),
	('oddlfqpou1k80ggsiviutkati9v2d3f4','::1',0,'__ci_last_regenerate|i:1634890468;_ci_previous_url|s:46:\"http://localhost:8888/index.php/katalog/create\";logged_in|s:1:\"1\";message|N;'),
	('of2a5ucqheaui8r5ui7998t7cpnrve4g','::1',0,'__ci_last_regenerate|i:1631343119;_ci_previous_url|s:63:\"http://localhost:8080/index.php/anggota/edit/2?slug=keanggotaan\";logged_in|s:1:\"1\";'),
	('oi5cin5uqdmovepohao9oa5i0a44p5tt','::1',0,'__ci_last_regenerate|i:1631866144;_ci_previous_url|s:39:\"http://localhost:8080/index.php/anggota\";logged_in|s:1:\"1\";message|N;'),
	('oq00vam47fdllfsufm5dsrtjcmc68g6r','::1',0,'__ci_last_regenerate|i:1633084275;_ci_previous_url|s:50:\"http://localhost:8080/index.php/anggota/index_json\";logged_in|s:1:\"1\";'),
	('oqtk0plfooqh0ec57l5cths32qoma3ec','::1',0,'__ci_last_regenerate|i:1634894242;_ci_previous_url|s:46:\"http://localhost:8888/index.php/anggota/create\";logged_in|s:1:\"1\";message|N;'),
	('osf8q1vdth1g3vd222rg3i3bq8crq3j5','::1',0,'__ci_last_regenerate|i:1633679909;_ci_previous_url|s:48:\"http://localhost:8080/index.php/eksemplar/create\";logged_in|s:1:\"1\";message|N;'),
	('osseq41rimcug2inpcjdnt6l4ov9i1uc','::1',0,'__ci_last_regenerate|i:1635611434;_ci_previous_url|s:43:\"http://localhost:8888/index.php/home/search\";'),
	('p2hc0o6se6v9rel9ovu4o4g5s6b1mm27','::1',0,'__ci_last_regenerate|i:1635497858;_ci_previous_url|s:59:\"http://localhost:8888/index.php/home/search?search=soekarno\";logged_in|s:1:\"1\";'),
	('p3lug3o6i7f2k43ril17bpa2ol16t985','::1',0,'__ci_last_regenerate|i:1632478864;redirect_url|s:41:\"http://localhost:8080/index.php/dashboard\";_ci_previous_url|s:37:\"http://localhost:8080/index.php/login\";'),
	('p3mphbfr72vipo9vppdrd8pe8lh782hj','::1',0,'__ci_last_regenerate|i:1635644782;_ci_previous_url|s:71:\"http://localhost:8888/index.php/home/search?keyword=soekarno&post_type=\";'),
	('p59urgkv076ohft2batutscdav2l3851','::1',0,'__ci_last_regenerate|i:1631328293;_ci_previous_url|s:46:\"http://localhost:8080/index.php/anggota/import\";logged_in|s:1:\"1\";message|N;'),
	('p7q2nstn89lekttp03urr29uaqbiqvpo','::1',0,'__ci_last_regenerate|i:1635561497;_ci_previous_url|s:43:\"http://localhost:8888/index.php/home/search\";'),
	('papc28nt52psf0ja3is8hpplcnn3hv86','::1',0,'__ci_last_regenerate|i:1629853000;_ci_previous_url|s:49:\"http://localhost:8080/index.php/master-tag/create\";logged_in|s:1:\"1\";message|N;'),
	('pauqcc0eeehse2uvi9d24b310bphv3sk','::1',0,'__ci_last_regenerate|i:1628041850;_ci_previous_url|s:39:\"http://localhost:8080/index.php/anggota\";logged_in|s:1:\"1\";message|N;'),
	('pej6bjr7eq0d2k7te38ns0ga2gj152ee','::1',0,'__ci_last_regenerate|i:1633677629;_ci_previous_url|s:36:\"http://localhost:8080/index.php/page\";logged_in|s:1:\"1\";message|N;'),
	('phvtu77l86nghep489ncogblquogl4kj','::1',0,'__ci_last_regenerate|i:1633675972;_ci_previous_url|s:45:\"http://localhost:8080/index.php/banner/create\";logged_in|s:1:\"1\";message|N;'),
	('pllfugop5nap1l1n5i2p4g7ub5im2m2j','::1',0,'__ci_last_regenerate|i:1629865585;_ci_previous_url|s:42:\"http://localhost:8080/index.php/tag/edit/1\";logged_in|s:1:\"1\";message|N;'),
	('pp3nl9m0b057aa8483f0abms7lq2nb2a','::1',0,'__ci_last_regenerate|i:1635670051;_ci_previous_url|s:37:\"http://localhost:8888/index.php/login\";redirect_url|s:94:\"http://localhost:8888/index.php/home/search?pDataItem=indonesia&pType=Title&pLembarkerja=title\";'),
	('ppfkfr528fjpo2elb9v7rh1v11rukft3','::1',0,'__ci_last_regenerate|i:1629857054;_ci_previous_url|s:49:\"http://localhost:8080/index.php/master-tag/create\";logged_in|s:1:\"1\";message|N;'),
	('pq3836okqua21u4knmctmv6mnc2a83qt','::1',0,'__ci_last_regenerate|i:1635481472;_ci_previous_url|s:52:\"http://localhost:8888/index.php/catalog/create?rda=1\";logged_in|s:1:\"1\";message|N;'),
	('pq3neuko86n50di220gvv0nffrqasml0','::1',0,'__ci_last_regenerate|i:1631871913;_ci_previous_url|s:50:\"http://localhost:8080/index.php/anggota/cetakKartu\";logged_in|s:1:\"1\";message|N;'),
	('pqiqn1qr6moh2jkrml7lhq4tqm5bfgtq','::1',0,'__ci_last_regenerate|i:1634694822;_ci_previous_url|s:49:\"http://localhost:8888/index.php/katalogrda/create\";logged_in|s:1:\"1\";__ci_vars|a:1:{s:7:\"message\";s:3:\"new\";}message|s:233:\"<!-- DEBUG-VIEW START 1 SYSTEMPATH/Validation/Views/list.php -->\n	<div class=\"errors\" role=\"alert\">\n		<ul>\n					<li>The Nama field is required.</li>\n				</ul>\n	</div>\n\n<!-- DEBUG-VIEW ENDED 1 SYSTEMPATH/Validation/Views/list.php -->\n\";'),
	('pqmujnos6p6uqs1b7q50m8b2pl4p9ulk','::1',0,'__ci_last_regenerate|i:1634947072;_ci_previous_url|s:45:\"http://localhost:8888/index.php/catalog?rda=1\";logged_in|s:1:\"1\";message|N;'),
	('pt3kelv9nip2mn73t64pf9t43h4edsl5','::1',0,'__ci_last_regenerate|i:1633680356;_ci_previous_url|s:48:\"http://localhost:8080/index.php/eksemplar/create\";logged_in|s:1:\"1\";message|N;'),
	('q07tcvon8i6pajo44nt0cqvvn29kv7tn','::1',0,'__ci_last_regenerate|i:1631339690;_ci_previous_url|s:46:\"http://localhost:8080/index.php/anggota/edit/2\";logged_in|s:1:\"1\";'),
	('q52em0c7an530rn43q4pg0bpbstq6ami','::1',0,'__ci_last_regenerate|i:1634897241;_ci_previous_url|s:46:\"http://localhost:8888/index.php/catalog/create\";logged_in|s:1:\"1\";message|N;'),
	('qbi86t7h9bjbfqibdvobetih1h6c95h8','::1',0,'__ci_last_regenerate|i:1631325296;_ci_previous_url|s:46:\"http://localhost:8080/index.php/anggota/Import\";logged_in|s:1:\"1\";message|N;'),
	('qdmsfifomlq0s4jlhsmjaoimgk7ndi3m','::1',0,'__ci_last_regenerate|i:1634870682;_ci_previous_url|s:49:\"http://localhost:8888/index.php/katalogrda/create\";logged_in|s:1:\"1\";message|N;'),
	('qe6uufj59qj5s3hmieq7pecmkg4hka9r','::1',0,'__ci_last_regenerate|i:1631871913;_ci_previous_url|s:50:\"http://localhost:8080/index.php/anggota/cetakKartu\";logged_in|s:1:\"1\";message|N;'),
	('qj3e0g78alg4niiodklchoqq1hqcbomk','::1',0,'__ci_last_regenerate|i:1634865343;_ci_previous_url|s:49:\"http://localhost:8888/index.php/katalogrda/create\";logged_in|s:1:\"1\";message|N;'),
	('qjdvoc4goindol33eulffacf8ossod8k','::1',0,'__ci_last_regenerate|i:1633689205;_ci_previous_url|s:48:\"http://localhost:8080/index.php/sirkulasi/create\";logged_in|s:1:\"1\";message|N;'),
	('qohl5ta0u2du1gj17eif8uqd3uasff1g','::1',0,'__ci_last_regenerate|i:1635498325;_ci_previous_url|s:43:\"http://localhost:8888/index.php/home/search\";logged_in|s:1:\"1\";'),
	('qr32evclr95efgepkku8fqst5cken9ae','::1',0,'__ci_last_regenerate|i:1633082987;_ci_previous_url|s:37:\"http://localhost:8080/index.php/login\";redirect_url|s:32:\"http://localhost:8080/index.php/\";'),
	('qtdukgckqrhesbvusdar1futcmjs38it','::1',0,'__ci_last_regenerate|i:1631330943;_ci_previous_url|s:41:\"http://localhost:8080/index.php/sumbangan\";logged_in|s:1:\"1\";message|N;toastr_msg|s:27:\"Sumbangan berhasil disimpan\";__ci_vars|a:2:{s:10:\"toastr_msg\";s:3:\"old\";s:11:\"toastr_type\";s:3:\"old\";}toastr_type|s:7:\"success\";'),
	('qv714p9t63fpkejg89c96dvmjtk4dm3t','::1',0,'__ci_last_regenerate|i:1634945872;_ci_previous_url|s:45:\"http://localhost:8888/index.php/catalog?rda=1\";logged_in|s:1:\"1\";message|N;'),
	('qv99ud4enpsp7m1ql44qfaorn4443kh6','::1',0,'__ci_last_regenerate|i:1629887283;_ci_previous_url|s:42:\"http://localhost:8080/index.php/tag/edit/1\";logged_in|s:1:\"1\";message|N;'),
	('r1gkjn014adb5mds76tahqs92b99obi2','::1',0,'__ci_last_regenerate|i:1635654427;_ci_previous_url|s:89:\"http://localhost:8888/index.php/home/search?pDataItem=Soekarno&pType=Title&pLembarkerja=0\";'),
	('r1ili8mrg8qapd6gmt8j9k8ap5pcj51o','::1',0,'__ci_last_regenerate|i:1634272338;_ci_previous_url|s:37:\"http://localhost:8080/index.php/login\";redirect_url|s:32:\"http://localhost:8080/index.php/\";'),
	('r2gicn6in98sqvfk6o6ailj4fk4ue96b','::1',0,'__ci_last_regenerate|i:1634891033;_ci_previous_url|s:39:\"http://localhost:8888/index.php/katalog\";logged_in|s:1:\"1\";message|N;'),
	('r3nivntfonfsqoih4v5cftggprcd284m','::1',0,'__ci_last_regenerate|i:1631325647;_ci_previous_url|s:41:\"http://localhost:8080/index.php/dashboard\";logged_in|s:1:\"1\";message|N;'),
	('r4qsu495eagn64cihocbgitt6038q3lh','::1',0,'__ci_last_regenerate|i:1633082980;_ci_previous_url|s:32:\"http://localhost:8080/index.php/\";'),
	('r5oo1fqb0nd3u286h6jglqalv4m34334','::1',0,'__ci_last_regenerate|i:1629885817;_ci_previous_url|s:42:\"http://localhost:8080/index.php/tag/edit/1\";logged_in|s:1:\"1\";message|N;'),
	('r8bsv18f99ug0u2e7jipbhed663nfim1','::1',0,'__ci_last_regenerate|i:1632479653;_ci_previous_url|s:37:\"http://localhost:8080/index.php/login\";redirect_url|s:32:\"http://localhost:8080/index.php/\";'),
	('rb0soolvv136h7v8o3j3vaqfs5hpor55','::1',0,'__ci_last_regenerate|i:1634869245;_ci_previous_url|s:49:\"http://localhost:8888/index.php/katalogrda/create\";logged_in|s:1:\"1\";message|N;'),
	('rb6lsonldct3mr42ah2plslc6ebppbmo','::1',0,'__ci_last_regenerate|i:1634944296;_ci_previous_url|s:47:\"http://localhost:8888/index.php/catalog?isrda=1\";logged_in|s:1:\"1\";message|N;'),
	('reb7eq2gcqf6d41rpdm2snc3c8mifl5a','::1',0,'__ci_last_regenerate|i:1634952039;_ci_previous_url|s:45:\"http://localhost:8888/index.php/catalog?rda=1\";logged_in|s:1:\"1\";message|N;'),
	('retrn9i3kcojds2tf9o8vbccpuci6b8q','::1',0,'__ci_last_regenerate|i:1631871203;_ci_previous_url|s:50:\"http://localhost:8080/index.php/anggota/cetakKartu\";logged_in|s:1:\"1\";message|N;'),
	('rgandcv575ct4t0agnt6tg5ap5fi0vit','::1',0,'__ci_last_regenerate|i:1631864961;_ci_previous_url|s:53:\"http://localhost:8080/index.php/reference?menu_id=108\";logged_in|s:1:\"1\";toastr_msg|s:27:\"Referensi berhasil ditambah\";__ci_vars|a:2:{s:10:\"toastr_msg\";s:3:\"new\";s:11:\"toastr_type\";s:3:\"new\";}toastr_type|s:7:\"success\";'),
	('rmm6g1jm65nct83t8k9ujl5me2sl6nvm','::1',0,'__ci_last_regenerate|i:1631342119;_ci_previous_url|s:63:\"http://localhost:8080/index.php/anggota/edit/2?slug=keanggotaan\";logged_in|s:1:\"1\";'),
	('rnoccdgn0j00vh81lbhv9jao1ibsbhr9','::1',0,'__ci_last_regenerate|i:1634692144;_ci_previous_url|s:49:\"http://localhost:8888/index.php/katalogrda/create\";logged_in|s:1:\"1\";message|N;'),
	('rnqidm89rlgnumn0vtrj1b2kigbi0u3h','::1',0,'__ci_last_regenerate|i:1633085230;_ci_previous_url|s:50:\"http://localhost:8080/index.php/anggota/index_json\";logged_in|s:1:\"1\";'),
	('roaubul8ilihobsrr3rirc3t1nuqtdfq','::1',0,'__ci_last_regenerate|i:1629863019;_ci_previous_url|s:49:\"http://localhost:8080/index.php/master-tag/edit/1\";logged_in|s:1:\"1\";message|N;'),
	('rqjpqeddf1q3rlrcsin7g9n8uee1ifj8','::1',0,'__ci_last_regenerate|i:1631337970;_ci_previous_url|s:39:\"http://localhost:8080/index.php/anggota\";logged_in|s:1:\"1\";'),
	('rqtrbf7kngk0jr8fo2rm9srst6n81eef','::1',0,'__ci_last_regenerate|i:1635493769;_ci_previous_url|s:43:\"http://localhost:8888/index.php/home/search\";logged_in|s:1:\"1\";'),
	('rth5sn0vo51bvia2l60q0pdpsb0ejis6','::1',0,'__ci_last_regenerate|i:1629883849;_ci_previous_url|s:42:\"http://localhost:8080/index.php/tag/edit/1\";logged_in|s:1:\"1\";message|N;'),
	('rtrjqvi9if9ia3pou6tflip3badhln6t','::1',0,'__ci_last_regenerate|i:1632470439;redirect_url|s:41:\"http://localhost:8080/index.php/dashboard\";_ci_previous_url|s:37:\"http://localhost:8080/index.php/login\";'),
	('s13barr5ehcg8n256l4ld1htu41gq749','::1',0,'__ci_last_regenerate|i:1632471437;redirect_url|s:41:\"http://localhost:8080/index.php/dashboard\";_ci_previous_url|s:37:\"http://localhost:8080/index.php/login\";'),
	('s6lv9f060v3spapop93eoea42iiks0uh','::1',0,'__ci_last_regenerate|i:1628408755;_ci_previous_url|s:62:\"http://localhost:8080/index.php/uigniter/components/accordions\";logged_in|s:1:\"1\";message|N;'),
	('s7qa587kgocf5athuno2e1h5pk440f92','::1',0,'__ci_last_regenerate|i:1633959387;_ci_previous_url|s:50:\"http://localhost:8080/index.php/katalog-aacr/index\";logged_in|s:1:\"1\";message|N;'),
	('sbsrc8sa1q72tfb5apt19jgunh0n9ujl','::1',0,'__ci_last_regenerate|i:1632472414;redirect_url|s:41:\"http://localhost:8080/index.php/dashboard\";_ci_previous_url|s:37:\"http://localhost:8080/index.php/login\";'),
	('sda4vsn405qvf0km41srk7rgoctujr9k','::1',0,'__ci_last_regenerate|i:1628408755;redirect_url|s:32:\"http://localhost:8080/index.php/\";_ci_previous_url|s:37:\"http://localhost:8080/index.php/login\";'),
	('shnjbgrl9f20f5s7fdtt05h1urfeit03','::1',0,'__ci_last_regenerate|i:1632471794;redirect_url|s:41:\"http://localhost:8080/index.php/dashboard\";_ci_previous_url|s:37:\"http://localhost:8080/index.php/login\";'),
	('sjrrao140r5m1vrfn6p581pnl6nt3irb','::1',0,'__ci_last_regenerate|i:1635610791;_ci_previous_url|s:43:\"http://localhost:8888/index.php/home/search\";'),
	('soa15viodrhldbu4t05ro0eftdsaqcn4','::1',0,'__ci_last_regenerate|i:1634285915;_ci_previous_url|s:54:\"http://localhost:8080/index.php/menu?slug=backend-menu\";logged_in|s:1:\"1\";message|N;'),
	('sop2phsoo5bu9v26rsqu41ts8hcv80aa','::1',0,'__ci_last_regenerate|i:1633079835;_ci_previous_url|s:36:\"http://localhost:8080/index.php/home\";logged_in|s:1:\"1\";'),
	('st6p0eaar0olnju9uum839reku92qpvm','::1',0,'__ci_last_regenerate|i:1635560836;_ci_previous_url|s:43:\"http://localhost:8888/index.php/home/search\";'),
	('t1s75cpfa3jq7rrs7f2hs7vfgevsbgrr','::1',0,'__ci_last_regenerate|i:1635616959;_ci_previous_url|s:43:\"http://localhost:8888/index.php/home/search\";'),
	('t2daa2e332uhlfo84cvpchdeapusfa73','::1',0,'__ci_last_regenerate|i:1635652892;_ci_previous_url|s:89:\"http://localhost:8888/index.php/home/search?pDataItem=Soekarno&pType=Title&pLembarkerja=3\";'),
	('t7o308c3ldjc12bqoq4amh8uiugovpnh','::1',0,'__ci_last_regenerate|i:1631869894;_ci_previous_url|s:50:\"http://localhost:8080/index.php/anggota/cetakKartu\";logged_in|s:1:\"1\";message|N;'),
	('te8nd3j3sdfuhid9kvn5qn1jaqnodrk6','::1',0,'__ci_last_regenerate|i:1634691773;_ci_previous_url|s:49:\"http://localhost:8888/index.php/katalogrda/create\";logged_in|s:1:\"1\";message|N;'),
	('tf0qmt3d0mp4cs7tu9tqjs7n8grbdi6h','::1',0,'__ci_last_regenerate|i:1635654109;_ci_previous_url|s:89:\"http://localhost:8888/index.php/home/search?pDataItem=Soekarno&pType=Title&pLembarkerja=5\";'),
	('th1kq7lnrdn91eeamdp130osgf0isttp','::1',0,'__ci_last_regenerate|i:1634690824;_ci_previous_url|s:51:\"http://localhost:8888/index.php/katalog-aacr/create\";logged_in|s:1:\"1\";message|N;'),
	('tkjk32o0h7c46q7sf06oasgmhp5ic069','::1',0,'__ci_last_regenerate|i:1631507892;redirect_url|s:41:\"http://localhost:8080/index.php/dashboard\";_ci_previous_url|s:37:\"http://localhost:8080/index.php/login\";'),
	('tn33soue8kahlppjnjt88d1pj0ksfhau','::1',0,'__ci_last_regenerate|i:1629887599;_ci_previous_url|s:42:\"http://localhost:8080/index.php/tag/edit/2\";logged_in|s:1:\"1\";message|N;'),
	('togmm3al5ft085ll8sec967hngl7m91h','::1',0,'__ci_last_regenerate|i:1634288291;_ci_previous_url|s:51:\"http://localhost:8080/index.php/katalog-aacr/create\";logged_in|s:1:\"1\";message|N;'),
	('tpasoou186d1i5f4rimk0losn691gdau','::1',0,'__ci_last_regenerate|i:1634484076;_ci_previous_url|s:46:\"http://localhost:8888/index.php/anggota/create\";logged_in|s:1:\"1\";message|N;'),
	('ttqrju3rmfmpi91jp5cbg3bqgf4imheg','::1',0,'__ci_last_regenerate|i:1633074649;redirect_url|s:32:\"http://localhost:8080/index.php/\";_ci_previous_url|s:115:\"http://localhost:8080/index.php/login?csrf_test_name=80fe6ae4d6068fc747bd76f37bd161e5&login=admin&password=password\";'),
	('u2eqha9usacgsbvg2ht47cmpjggrqna5','::1',0,'__ci_last_regenerate|i:1634949067;_ci_previous_url|s:45:\"http://localhost:8888/index.php/catalog?rda=1\";logged_in|s:1:\"1\";message|N;'),
	('u6plvpn4jt671g32vv6qleg7bh8v3fav','::1',0,'__ci_last_regenerate|i:1634286302;_ci_previous_url|s:51:\"http://localhost:8080/index.php/katalog-aacr/create\";logged_in|s:1:\"1\";message|N;'),
	('u852dl1ramnebmpdimj61qg8dt6cm598','::1',0,'__ci_last_regenerate|i:1632470120;redirect_url|s:41:\"http://localhost:8080/index.php/dashboard\";_ci_previous_url|s:37:\"http://localhost:8080/index.php/login\";'),
	('udmmdjtnopthe53o71i666bnvdl4shfq','::1',0,'__ci_last_regenerate|i:1634485927;_ci_previous_url|s:46:\"http://localhost:8888/index.php/anggota/create\";logged_in|s:1:\"1\";message|N;'),
	('ul3di01pranh1ntgr1g4onna2cpkcpuk','::1',0,'__ci_last_regenerate|i:1635618278;_ci_previous_url|s:55:\"http://localhost:8888/index.php/home/search?search=test\";'),
	('uoc6jan2vhjcge8r2hima5kecpq8a9ff','::1',0,'__ci_last_regenerate|i:1631341816;_ci_previous_url|s:63:\"http://localhost:8080/index.php/anggota/edit/2?slug=keanggotaan\";logged_in|s:1:\"1\";'),
	('uqtao8d6snhl22pgp60e7oa1cr0j0i5r','::1',0,'__ci_last_regenerate|i:1631339324;_ci_previous_url|s:46:\"http://localhost:8080/index.php/anggota/edit/2\";logged_in|s:1:\"1\";'),
	('uvre2s3v5i2r79efe657klptek79ib4o','::1',0,'__ci_last_regenerate|i:1634943842;_ci_previous_url|s:48:\"http://localhost:8888/index.php/catalog?slug=rda\";logged_in|s:1:\"1\";'),
	('v4l4qeabh11kj6ajeh5j2heg95qbvjlr','::1',0,'__ci_last_regenerate|i:1631330641;_ci_previous_url|s:46:\"http://localhost:8080/index.php/anggota/edit/1\";logged_in|s:1:\"1\";message|N;'),
	('v7ppj1jesg95lntu4lraa4inal5atrr6','::1',0,'__ci_last_regenerate|i:1632529711;redirect_url|s:41:\"http://localhost:8080/index.php/dashboard\";_ci_previous_url|s:102:\"http://localhost:8080/index.php/login?csrf_test_name=59f325a6b32a4d61b1233e0688f2128d&login=&password=\";'),
	('v8nt7utse3r2ocagnd3pgjokfugs3pjf','::1',0,'__ci_last_regenerate|i:1633684803;_ci_previous_url|s:48:\"http://localhost:8080/index.php/eksemplar/create\";logged_in|s:1:\"1\";message|s:234:\"<!-- DEBUG-VIEW START 1 SYSTEMPATH/Validation/Views/list.php -->\n	<div class=\"errors\" role=\"alert\">\n		<ul>\n					<li>The Judul field is required.</li>\n				</ul>\n	</div>\n\n<!-- DEBUG-VIEW ENDED 1 SYSTEMPATH/Validation/Views/list.php -->\n\";__ci_vars|a:1:{s:7:\"message\";s:3:\"new\";}'),
	('va5e9r3d6ppibi22lmjcqsh26mrce91b','::1',0,'__ci_last_regenerate|i:1628403965;_ci_previous_url|s:32:\"http://localhost:8080/index.php/\";logged_in|s:1:\"1\";'),
	('vbr2mpena48feaqdorqhfgg03fi75ip7','::1',0,'__ci_last_regenerate|i:1628045418;_ci_previous_url|s:52:\"http://localhost:8080/index.php/reference?menu_id=94\";logged_in|s:1:\"1\";message|N;toastr_msg|s:27:\"Referensi berhasil ditambah\";__ci_vars|a:2:{s:10:\"toastr_msg\";s:3:\"new\";s:11:\"toastr_type\";s:3:\"new\";}toastr_type|s:7:\"success\";'),
	('vcphhhphvhl8u18auej0jpggmv6eplub','::1',0,'__ci_last_regenerate|i:1634866542;_ci_previous_url|s:49:\"http://localhost:8888/index.php/katalogrda/create\";logged_in|s:1:\"1\";message|N;toastr_msg|s:25:\"Katalog berhasil disimpan\";__ci_vars|a:2:{s:10:\"toastr_msg\";s:3:\"old\";s:11:\"toastr_type\";s:3:\"old\";}toastr_type|s:7:\"success\";'),
	('ven1ht3j4gvfp1ftq3gs69rtob0c2uh2','::1',0,'__ci_last_regenerate|i:1631340740;_ci_previous_url|s:63:\"http://localhost:8080/index.php/anggota/edit/2?slug=keanggotaan\";logged_in|s:1:\"1\";'),
	('vhnggev7aehg0q3vlmmtjc6g63g03fl9','::1',0,'__ci_last_regenerate|i:1635481847;_ci_previous_url|s:52:\"http://localhost:8888/index.php/catalog/create?rda=0\";logged_in|s:1:\"1\";message|N;'),
	('viqp1ngm6pouvp9ru7ge7bhur1kachal','::1',0,'__ci_last_regenerate|i:1633085544;_ci_previous_url|s:50:\"http://localhost:8080/index.php/anggota/index_json\";logged_in|s:1:\"1\";'),
	('vnijk1p61i9vc0b71q8a0phqin8hvm5v','::1',0,'__ci_last_regenerate|i:1633958432;_ci_previous_url|s:45:\"http://localhost:8080/index.php/katalog/index\";logged_in|s:1:\"1\";message|N;'),
	('voou36oaeh8oi0nf36l1rl4mhq1uk755','::1',0,'__ci_last_regenerate|i:1635645454;_ci_previous_url|s:89:\"http://localhost:8888/index.php/home/search?pDataItem=Soekarno&pType=Title&pLembarkerja=3\";'),
	('vrjcgbhtrccoelffe5m481d8pu0b416j','::1',0,'__ci_last_regenerate|i:1634289472;_ci_previous_url|s:51:\"http://localhost:8080/index.php/katalog-aacr/create\";logged_in|s:1:\"1\";message|N;'),
	('vs33esb6eqjmc5d468o1rt4vtj4bpsvd','::1',0,'__ci_last_regenerate|i:1633674499;_ci_previous_url|s:38:\"http://localhost:8080/index.php/banner\";logged_in|s:1:\"1\";'),
	('vs6sq9mkhkod1mlnl17cp20fhe2ol1le','::1',0,'__ci_last_regenerate|i:1631340437;_ci_previous_url|s:63:\"http://localhost:8080/index.php/anggota/edit/2?slug=keanggotaan\";logged_in|s:1:\"1\";');

/*!40000 ALTER TABLE `ci_sessions` ENABLE KEYS */;
UNLOCK TABLES;


# Dump of table m_field
# ------------------------------------------------------------

DROP TABLE IF EXISTS `m_field`;

CREATE TABLE `m_field` (
  `id` mediumint(11) unsigned NOT NULL AUTO_INCREMENT,
  `tag` varchar(3) DEFAULT NULL,
  `name` varchar(150) DEFAULT NULL,
  `slug` varchar(150) DEFAULT NULL,
  `fixed` tinyint(1) DEFAULT NULL,
  `enabled` tinyint(1) DEFAULT NULL,
  `length` int(11) DEFAULT NULL,
  `repeatable` tinyint(1) DEFAULT NULL,
  `mandatory` tinyint(1) DEFAULT NULL,
  `customable` tinyint(1) DEFAULT NULL,
  `ref_format` int(11) DEFAULT NULL,
  `ref_group` int(11) DEFAULT NULL,
  `defaultsubtag` tinyint(1) DEFAULT NULL,
  `issubserial` tinyint(1) DEFAULT NULL,
  `description` varchar(255) DEFAULT NULL,
  `active` tinyint(1) unsigned NOT NULL DEFAULT '1',
  `created_by` int(11) DEFAULT NULL,
  `updated_by` int(11) DEFAULT NULL,
  `created_at` datetime DEFAULT NULL,
  `created_terminal` varchar(100) DEFAULT NULL,
  `updated_at` datetime DEFAULT NULL,
  `updated_terminal` varchar(100) DEFAULT NULL,
  `deleted_at` datetime DEFAULT NULL,
  PRIMARY KEY (`id`)
) ENGINE=InnoDB DEFAULT CHARSET=utf8;

LOCK TABLES `m_field` WRITE;
/*!40000 ALTER TABLE `m_field` DISABLE KEYS */;

INSERT INTO `m_field` (`id`, `tag`, `name`, `slug`, `fixed`, `enabled`, `length`, `repeatable`, `mandatory`, `customable`, `ref_format`, `ref_group`, `defaultsubtag`, `issubserial`, `description`, `active`, `created_by`, `updated_by`, `created_at`, `created_terminal`, `updated_at`, `updated_terminal`, `deleted_at`)
VALUES
	(1,'Tag','Nama 1','nama-1',1,0,1,1,1,0,16,14,NULL,NULL,'Keterangan 1',1,1,1,'2021-08-25 16:58:23','::1','2021-08-25 17:28:03','::1',NULL),
	(2,'Tag','Nama 2','nama-2',1,0,1,1,0,1,16,14,NULL,NULL,'Keterangan',1,1,1,'2021-08-25 17:30:34','::1','2021-08-25 17:48:27','::1',NULL);

/*!40000 ALTER TABLE `m_field` ENABLE KEYS */;
UNLOCK TABLES;


# Dump of table m_field_data
# ------------------------------------------------------------

DROP TABLE IF EXISTS `m_field_data`;

CREATE TABLE `m_field_data` (
  `id` int(10) unsigned NOT NULL AUTO_INCREMENT,
  `field_id` int(11) DEFAULT NULL,
  `code` varchar(10) DEFAULT NULL,
  `name` varchar(255) DEFAULT NULL,
  `delimiter` varchar(5) DEFAULT NULL,
  `sortno` int(11) DEFAULT NULL,
  `repeatable` tinyint(1) DEFAULT NULL,
  `isshow` tinyint(1) DEFAULT NULL,
  `slug` varchar(150) DEFAULT NULL,
  `active` tinyint(1) unsigned NOT NULL DEFAULT '1',
  `created_by` int(11) DEFAULT NULL,
  `updated_by` int(11) DEFAULT NULL,
  `created_at` datetime DEFAULT NULL,
  `created_terminal` varchar(100) DEFAULT NULL,
  `updated_at` datetime(1) NOT NULL,
  `updated_terminal` varchar(100) DEFAULT NULL,
  `deleted_at` datetime DEFAULT NULL,
  PRIMARY KEY (`id`)
) ENGINE=InnoDB DEFAULT CHARSET=utf8;

LOCK TABLES `m_field_data` WRITE;
/*!40000 ALTER TABLE `m_field_data` DISABLE KEYS */;

INSERT INTO `m_field_data` (`id`, `field_id`, `code`, `name`, `delimiter`, `sortno`, `repeatable`, `isshow`, `slug`, `active`, `created_by`, `updated_by`, `created_at`, `created_terminal`, `updated_at`, `updated_terminal`, `deleted_at`)
VALUES
	(1,1,'ab 123','ab',',',0,0,0,NULL,1,1,1,'2021-08-25 16:58:23','::1','2021-08-25 17:28:03.0','::1',NULL),
	(2,1,'bc 123','bc',',',1,0,0,NULL,1,1,1,'2021-08-25 16:58:23','::1','2021-08-25 17:28:03.0','::1',NULL),
	(3,1,'new a 123','new a',',',0,0,0,NULL,1,1,1,'2021-08-25 17:12:22','::1','2021-08-25 17:28:03.0','::1',NULL),
	(4,1,'new b','new b 123',',',0,0,0,NULL,1,1,1,'2021-08-25 17:12:22','::1','2021-08-25 17:28:03.0','::1',NULL),
	(5,1,'sadsad','asdas 123',',',0,0,0,NULL,1,1,1,'2021-08-25 17:13:09','::1','2021-08-25 17:28:03.0','::1',NULL),
	(6,1,'','',',',0,0,0,NULL,1,1,NULL,'2021-08-25 17:28:03','::1','2021-08-25 17:28:03.0',NULL,NULL),
	(7,1,'','',',',0,0,0,NULL,1,1,NULL,'2021-08-25 17:28:03','::1','2021-08-25 17:28:03.0',NULL,NULL),
	(10,2,'fsdf','sdf',',',0,0,0,NULL,1,1,NULL,'2021-08-25 17:48:27','::1','2021-08-25 17:48:27.0',NULL,NULL),
	(11,2,'sdf','sdf',',',0,0,0,NULL,1,1,NULL,'2021-08-25 17:48:27','::1','2021-08-25 17:48:27.0',NULL,NULL);

/*!40000 ALTER TABLE `m_field_data` ENABLE KEYS */;
UNLOCK TABLES;


# Dump of table m_field_indicator1
# ------------------------------------------------------------

DROP TABLE IF EXISTS `m_field_indicator1`;

CREATE TABLE `m_field_indicator1` (
  `id` int(10) unsigned NOT NULL AUTO_INCREMENT,
  `field_id` int(11) DEFAULT NULL,
  `code` varchar(10) DEFAULT NULL,
  `name` varchar(255) DEFAULT NULL,
  `created_by` int(11) DEFAULT NULL,
  `updated_by` int(11) DEFAULT NULL,
  `created_at` datetime DEFAULT NULL,
  `created_terminal` varchar(100) DEFAULT NULL,
  `updated_at` datetime(1) NOT NULL,
  `updated_terminal` varchar(100) DEFAULT NULL,
  `deleted_at` datetime DEFAULT NULL,
  PRIMARY KEY (`id`)
) ENGINE=InnoDB DEFAULT CHARSET=utf8;

LOCK TABLES `m_field_indicator1` WRITE;
/*!40000 ALTER TABLE `m_field_indicator1` DISABLE KEYS */;

INSERT INTO `m_field_indicator1` (`id`, `field_id`, `code`, `name`, `created_by`, `updated_by`, `created_at`, `created_terminal`, `updated_at`, `updated_terminal`, `deleted_at`)
VALUES
	(1,1,'cd 1234','cd',1,1,'2021-08-25 16:58:23','::1','2021-08-25 17:28:03.0','::1',NULL),
	(2,1,'ef 1234','ef',1,1,'2021-08-25 16:58:23','::1','2021-08-25 17:28:03.0','::1',NULL),
	(3,1,'asds','asd',1,1,'2021-08-25 17:21:04','::1','2021-08-25 17:28:03.0','::1',NULL),
	(4,1,'sad','asd',1,1,'2021-08-25 17:21:04','::1','2021-08-25 17:28:03.0','::1',NULL),
	(6,2,'sdfs','sdf',1,NULL,'2021-08-25 17:48:27','::1','2021-08-25 17:48:27.0',NULL,NULL);

/*!40000 ALTER TABLE `m_field_indicator1` ENABLE KEYS */;
UNLOCK TABLES;


# Dump of table m_field_indicator2
# ------------------------------------------------------------

DROP TABLE IF EXISTS `m_field_indicator2`;

CREATE TABLE `m_field_indicator2` (
  `id` int(10) unsigned NOT NULL AUTO_INCREMENT,
  `field_id` int(11) DEFAULT NULL,
  `code` varchar(10) DEFAULT NULL,
  `name` varchar(255) DEFAULT NULL,
  `created_by` int(11) DEFAULT NULL,
  `updated_by` int(11) DEFAULT NULL,
  `created_at` datetime DEFAULT NULL,
  `created_terminal` varchar(100) DEFAULT NULL,
  `updated_at` datetime(1) NOT NULL,
  `updated_terminal` varchar(100) DEFAULT NULL,
  `deleted_at` datetime DEFAULT NULL,
  PRIMARY KEY (`id`)
) ENGINE=InnoDB DEFAULT CHARSET=utf8;

LOCK TABLES `m_field_indicator2` WRITE;
/*!40000 ALTER TABLE `m_field_indicator2` DISABLE KEYS */;

INSERT INTO `m_field_indicator2` (`id`, `field_id`, `code`, `name`, `created_by`, `updated_by`, `created_at`, `created_terminal`, `updated_at`, `updated_terminal`, `deleted_at`)
VALUES
	(1,1,'Hamka','50',1,1,'2021-08-25 16:58:23','::1','2021-08-25 17:28:03.0','::1',NULL),
	(2,1,'Ilyas','30',1,1,'2021-08-25 16:58:23','::1','2021-08-25 17:28:03.0','::1',NULL),
	(3,1,'Didik','20',1,1,'2021-08-25 17:21:04','::1','2021-08-25 17:28:03.0','::1',NULL),
	(5,2,'sdf','sdf',1,NULL,'2021-08-25 17:48:27','::1','2021-08-25 17:48:27.0',NULL,NULL);

/*!40000 ALTER TABLE `m_field_indicator2` ENABLE KEYS */;
UNLOCK TABLES;


# Dump of table m_kota
# ------------------------------------------------------------

DROP TABLE IF EXISTS `m_kota`;

CREATE TABLE `m_kota` (
  `id` mediumint(11) unsigned NOT NULL AUTO_INCREMENT,
  `name` varchar(150) DEFAULT NULL,
  `slug` varchar(150) DEFAULT NULL,
  `sort` mediumint(8) DEFAULT NULL,
  `description` varchar(255) DEFAULT NULL,
  `active` tinyint(1) DEFAULT '1',
  `propinsi_id` int(11) DEFAULT NULL,
  `created_by` int(11) DEFAULT NULL,
  `updated_by` int(11) DEFAULT NULL,
  `created_at` datetime DEFAULT NULL,
  `updated_at` datetime DEFAULT NULL,
  `deleted_at` datetime DEFAULT NULL,
  PRIMARY KEY (`id`)
) ENGINE=InnoDB DEFAULT CHARSET=utf8;

LOCK TABLES `m_kota` WRITE;
/*!40000 ALTER TABLE `m_kota` DISABLE KEYS */;

INSERT INTO `m_kota` (`id`, `name`, `slug`, `sort`, `description`, `active`, `propinsi_id`, `created_by`, `updated_by`, `created_at`, `updated_at`, `deleted_at`)
VALUES
	(1,'Kabupaten Aceh Barat',NULL,NULL,NULL,1,1,NULL,NULL,NULL,NULL,NULL),
	(2,'Kabupaten Aceh Barat Daya',NULL,NULL,NULL,1,1,NULL,NULL,NULL,NULL,NULL),
	(3,'Kabupaten Aceh Besar',NULL,NULL,NULL,1,1,NULL,NULL,NULL,NULL,NULL),
	(4,'Kabupaten Aceh Jaya',NULL,NULL,NULL,1,1,NULL,NULL,NULL,NULL,NULL),
	(5,'Kabupaten Aceh Selatan',NULL,NULL,NULL,1,1,NULL,NULL,NULL,NULL,NULL),
	(6,'Kabupaten Aceh Singkil',NULL,NULL,NULL,1,1,NULL,NULL,NULL,NULL,NULL),
	(7,'Kabupaten Aceh Tamiang',NULL,NULL,NULL,1,1,NULL,NULL,NULL,NULL,NULL),
	(8,'Kabupaten Aceh Tengah',NULL,NULL,NULL,1,1,NULL,NULL,NULL,NULL,NULL),
	(9,'Kabupaten Aceh Tenggara',NULL,NULL,NULL,1,1,NULL,NULL,NULL,NULL,NULL),
	(10,'Kabupaten Aceh Timur',NULL,NULL,NULL,1,1,NULL,NULL,NULL,NULL,NULL),
	(11,'Kabupaten Aceh Utara',NULL,NULL,NULL,1,1,NULL,NULL,NULL,NULL,NULL),
	(12,'Kabupaten Bener Meriah',NULL,NULL,NULL,1,1,NULL,NULL,NULL,NULL,NULL),
	(13,'Kabupaten Bireuen',NULL,NULL,NULL,1,1,NULL,NULL,NULL,NULL,NULL),
	(14,'Kabupaten Gayo Lues',NULL,NULL,NULL,1,1,NULL,NULL,NULL,NULL,NULL),
	(15,'Kabupaten Nagan Raya',NULL,NULL,NULL,1,1,NULL,NULL,NULL,NULL,NULL),
	(16,'Kabupaten Pidie',NULL,NULL,NULL,1,1,NULL,NULL,NULL,NULL,NULL),
	(17,'Kabupaten Pidie Jaya',NULL,NULL,NULL,1,1,NULL,NULL,NULL,NULL,NULL),
	(18,'Kabupaten Simeulue',NULL,NULL,NULL,1,1,NULL,NULL,NULL,NULL,NULL),
	(19,'Kota Banda Aceh',NULL,NULL,NULL,1,1,NULL,NULL,NULL,NULL,NULL),
	(20,'Kota Langsa',NULL,NULL,NULL,1,1,NULL,NULL,NULL,NULL,NULL),
	(21,'Kota Lhokseumawe',NULL,NULL,NULL,1,1,NULL,NULL,NULL,NULL,NULL),
	(22,'Kota Sabang',NULL,NULL,NULL,1,1,NULL,NULL,NULL,NULL,NULL),
	(23,'Kota Subulussalam',NULL,NULL,NULL,1,1,NULL,NULL,NULL,NULL,NULL),
	(24,'Kabupaten Asahan',NULL,NULL,NULL,1,2,NULL,NULL,NULL,NULL,NULL),
	(25,'Kabupaten Batu Bara',NULL,NULL,NULL,1,2,NULL,NULL,NULL,NULL,NULL),
	(26,'Kabupaten Dairi',NULL,NULL,NULL,1,2,NULL,NULL,NULL,NULL,NULL),
	(27,'Kabupaten Deli Serdang',NULL,NULL,NULL,1,2,NULL,NULL,NULL,NULL,NULL),
	(28,'Kabupaten Humbang Hasundutan',NULL,NULL,NULL,1,2,NULL,NULL,NULL,NULL,NULL),
	(29,'Kabupaten Karo',NULL,NULL,NULL,1,2,NULL,NULL,NULL,NULL,NULL),
	(30,'Kabupaten Labuhanbatu',NULL,NULL,NULL,1,2,NULL,NULL,NULL,NULL,NULL),
	(31,'Kabupaten Labuhanbatu Selatan',NULL,NULL,NULL,1,2,NULL,NULL,NULL,NULL,NULL),
	(32,'Kabupaten Labuhanbatu Utara',NULL,NULL,NULL,1,2,NULL,NULL,NULL,NULL,NULL),
	(33,'Kabupaten Langkat',NULL,NULL,NULL,1,2,NULL,NULL,NULL,NULL,NULL),
	(34,'Kabupaten Mandailing Natal',NULL,NULL,NULL,1,2,NULL,NULL,NULL,NULL,NULL),
	(35,'Kabupaten Nias',NULL,NULL,NULL,1,2,NULL,NULL,NULL,NULL,NULL),
	(36,'Kabupaten Nias Barat',NULL,NULL,NULL,1,2,NULL,NULL,NULL,NULL,NULL),
	(37,'Kabupaten Nias Selatan',NULL,NULL,NULL,1,2,NULL,NULL,NULL,NULL,NULL),
	(38,'Kabupaten Nias Utara',NULL,NULL,NULL,1,2,NULL,NULL,NULL,NULL,NULL),
	(39,'Kabupaten Padang Lawas',NULL,NULL,NULL,1,2,NULL,NULL,NULL,NULL,NULL),
	(40,'Kabupaten Padang Lawas Utara',NULL,NULL,NULL,1,2,NULL,NULL,NULL,NULL,NULL),
	(41,'Kabupaten Pakpak Bharat',NULL,NULL,NULL,1,2,NULL,NULL,NULL,NULL,NULL),
	(42,'Kabupaten Samosir',NULL,NULL,NULL,1,2,NULL,NULL,NULL,NULL,NULL),
	(43,'Kabupaten Serdang Bedagai',NULL,NULL,NULL,1,2,NULL,NULL,NULL,NULL,NULL),
	(44,'Kabupaten Simalungun',NULL,NULL,NULL,1,2,NULL,NULL,NULL,NULL,NULL),
	(45,'Kabupaten Tapanuli Selatan',NULL,NULL,NULL,1,2,NULL,NULL,NULL,NULL,NULL),
	(46,'Kabupaten Tapanuli Tengah',NULL,NULL,NULL,1,2,NULL,NULL,NULL,NULL,NULL),
	(47,'Kabupaten Tapanuli Utara',NULL,NULL,NULL,1,2,NULL,NULL,NULL,NULL,NULL),
	(48,'Kabupaten Toba Samosir',NULL,NULL,NULL,1,2,NULL,NULL,NULL,NULL,NULL),
	(49,'Kota Binjai',NULL,NULL,NULL,1,2,NULL,NULL,NULL,NULL,NULL),
	(50,'Kota Gunung Sitoli',NULL,NULL,NULL,1,2,NULL,NULL,NULL,NULL,NULL),
	(51,'Kota Medan',NULL,NULL,NULL,1,2,NULL,NULL,NULL,NULL,NULL),
	(52,'Kota Padang Sidempuan',NULL,NULL,NULL,1,2,NULL,NULL,NULL,NULL,NULL),
	(53,'Kota Pematangsiantar',NULL,NULL,NULL,1,2,NULL,NULL,NULL,NULL,NULL),
	(54,'Kota Sibolga',NULL,NULL,NULL,1,2,NULL,NULL,NULL,NULL,NULL),
	(55,'Kota Tanjung Balai',NULL,NULL,NULL,1,2,NULL,NULL,NULL,NULL,NULL),
	(56,'Kota Tebing Tinggi',NULL,NULL,NULL,1,2,NULL,NULL,NULL,NULL,NULL),
	(57,'Kabupaten Bengkulu Selatan',NULL,NULL,NULL,1,3,NULL,NULL,NULL,NULL,NULL),
	(58,'Kabupaten Bengkulu Tengah',NULL,NULL,NULL,1,3,NULL,NULL,NULL,NULL,NULL),
	(59,'Kabupaten Bengkulu Utara',NULL,NULL,NULL,1,3,NULL,NULL,NULL,NULL,NULL),
	(60,'Kabupaten Benteng',NULL,NULL,NULL,1,3,NULL,NULL,NULL,NULL,NULL),
	(61,'Kabupaten Kaur',NULL,NULL,NULL,1,3,NULL,NULL,NULL,NULL,NULL),
	(62,'Kabupaten Kepahiang',NULL,NULL,NULL,1,3,NULL,NULL,NULL,NULL,NULL),
	(63,'Kabupaten Lebong',NULL,NULL,NULL,1,3,NULL,NULL,NULL,NULL,NULL),
	(64,'Kabupaten Mukomuko',NULL,NULL,NULL,1,3,NULL,NULL,NULL,NULL,NULL),
	(65,'Kabupaten Rejang Lebong',NULL,NULL,NULL,1,3,NULL,NULL,NULL,NULL,NULL),
	(66,'Kabupaten Seluma',NULL,NULL,NULL,1,3,NULL,NULL,NULL,NULL,NULL),
	(67,'Kota Bengkulu',NULL,NULL,NULL,1,3,NULL,NULL,NULL,NULL,NULL),
	(68,'Kabupaten Batang Hari',NULL,NULL,NULL,1,4,NULL,NULL,NULL,NULL,NULL),
	(69,'Kabupaten Bungo',NULL,NULL,NULL,1,4,NULL,NULL,NULL,NULL,NULL),
	(70,'Kabupaten Kerinci',NULL,NULL,NULL,1,4,NULL,NULL,NULL,NULL,NULL),
	(71,'Kabupaten Merangin',NULL,NULL,NULL,1,4,NULL,NULL,NULL,NULL,NULL),
	(72,'Kabupaten Muaro Jambi',NULL,NULL,NULL,1,4,NULL,NULL,NULL,NULL,NULL),
	(73,'Kabupaten Sarolangun',NULL,NULL,NULL,1,4,NULL,NULL,NULL,NULL,NULL),
	(74,'Kabupaten Tanjung Jabung Barat',NULL,NULL,NULL,1,4,NULL,NULL,NULL,NULL,NULL),
	(75,'Kabupaten Tanjung Jabung Timur',NULL,NULL,NULL,1,4,NULL,NULL,NULL,NULL,NULL),
	(76,'Kabupaten Tebo',NULL,NULL,NULL,1,4,NULL,NULL,NULL,NULL,NULL),
	(77,'Kota Jambi',NULL,NULL,NULL,1,4,NULL,NULL,NULL,NULL,NULL),
	(78,'Kota Sungai Penuh',NULL,NULL,NULL,1,4,NULL,NULL,NULL,NULL,NULL),
	(79,'Kabupaten Bengkalis',NULL,NULL,NULL,1,5,NULL,NULL,NULL,NULL,NULL),
	(80,'Kabupaten Indragiri Hilir',NULL,NULL,NULL,1,5,NULL,NULL,NULL,NULL,NULL),
	(81,'Kabupaten Indragiri Hulu',NULL,NULL,NULL,1,5,NULL,NULL,NULL,NULL,NULL),
	(82,'Kabupaten Kampar',NULL,NULL,NULL,1,5,NULL,NULL,NULL,NULL,NULL),
	(83,'Kabupaten Kuantan Singingi',NULL,NULL,NULL,1,5,NULL,NULL,NULL,NULL,NULL),
	(84,'Kabupaten Pelalawan',NULL,NULL,NULL,1,5,NULL,NULL,NULL,NULL,NULL),
	(85,'Kabupaten Rokan Hilir',NULL,NULL,NULL,1,5,NULL,NULL,NULL,NULL,NULL),
	(86,'Kabupaten Rokan Hulu',NULL,NULL,NULL,1,5,NULL,NULL,NULL,NULL,NULL),
	(87,'Kabupaten Siak',NULL,NULL,NULL,1,5,NULL,NULL,NULL,NULL,NULL),
	(88,'Kota Pekanbaru',NULL,NULL,NULL,1,5,NULL,NULL,NULL,NULL,NULL),
	(89,'Kota Dumai',NULL,NULL,NULL,1,5,NULL,NULL,NULL,NULL,NULL),
	(90,'Kabupaten Kepulauan Meranti',NULL,NULL,NULL,1,5,NULL,NULL,NULL,NULL,NULL),
	(91,'Kabupaten Agam',NULL,NULL,NULL,1,6,NULL,NULL,NULL,NULL,NULL),
	(92,'Kabupaten Dharmasraya',NULL,NULL,NULL,1,6,NULL,NULL,NULL,NULL,NULL),
	(93,'Kabupaten Kepulauan Mentawai',NULL,NULL,NULL,1,6,NULL,NULL,NULL,NULL,NULL),
	(94,'Kabupaten Lima Puluh Kota',NULL,NULL,NULL,1,6,NULL,NULL,NULL,NULL,NULL),
	(95,'Kabupaten Padang Pariaman',NULL,NULL,NULL,1,6,NULL,NULL,NULL,NULL,NULL),
	(96,'Kabupaten Pasaman',NULL,NULL,NULL,1,6,NULL,NULL,NULL,NULL,NULL),
	(97,'Kabupaten Pasaman Barat',NULL,NULL,NULL,1,6,NULL,NULL,NULL,NULL,NULL),
	(98,'Kabupaten Pesisir Selatan',NULL,NULL,NULL,1,6,NULL,NULL,NULL,NULL,NULL),
	(99,'Kabupaten Sijunjung',NULL,NULL,NULL,1,6,NULL,NULL,NULL,NULL,NULL),
	(100,'Kabupaten Solok',NULL,NULL,NULL,1,6,NULL,NULL,NULL,NULL,NULL),
	(101,'Kabupaten Solok Selatan',NULL,NULL,NULL,1,6,NULL,NULL,NULL,NULL,NULL),
	(102,'Kabupaten Tanah Datar',NULL,NULL,NULL,1,6,NULL,NULL,NULL,NULL,NULL),
	(103,'Kota Bukittinggi',NULL,NULL,NULL,1,6,NULL,NULL,NULL,NULL,NULL),
	(104,'Kota Padang',NULL,NULL,NULL,1,6,NULL,NULL,NULL,NULL,NULL),
	(105,'Kota Padangpanjang',NULL,NULL,NULL,1,6,NULL,NULL,NULL,NULL,NULL),
	(106,'Kota Pariaman',NULL,NULL,NULL,1,6,NULL,NULL,NULL,NULL,NULL),
	(107,'Kota Payakumbuh',NULL,NULL,NULL,1,6,NULL,NULL,NULL,NULL,NULL),
	(108,'Kota Sawahlunto',NULL,NULL,NULL,1,6,NULL,NULL,NULL,NULL,NULL),
	(109,'Kota Solok',NULL,NULL,NULL,1,6,NULL,NULL,NULL,NULL,NULL),
	(110,'Kabupaten Banyuasin',NULL,NULL,NULL,1,7,NULL,NULL,NULL,NULL,NULL),
	(111,'Kabupaten Empat Lawang',NULL,NULL,NULL,1,7,NULL,NULL,NULL,NULL,NULL),
	(112,'Kabupaten Lahat',NULL,NULL,NULL,1,7,NULL,NULL,NULL,NULL,NULL),
	(113,'Kabupaten Muara Enim',NULL,NULL,NULL,1,7,NULL,NULL,NULL,NULL,NULL),
	(114,'Kabupaten Musi Banyuasin',NULL,NULL,NULL,1,7,NULL,NULL,NULL,NULL,NULL),
	(115,'Kabupaten Musi Rawas',NULL,NULL,NULL,1,7,NULL,NULL,NULL,NULL,NULL),
	(116,'Kabupaten Ogan Ilir',NULL,NULL,NULL,1,7,NULL,NULL,NULL,NULL,NULL),
	(117,'Kabupaten Ogan Komering Ilir',NULL,NULL,NULL,1,7,NULL,NULL,NULL,NULL,NULL),
	(118,'Kabupaten Ogan Komering Ulu',NULL,NULL,NULL,1,7,NULL,NULL,NULL,NULL,NULL),
	(119,'Kabupaten Ogan Komering Ulu Selatan',NULL,NULL,NULL,1,7,NULL,NULL,NULL,NULL,NULL),
	(120,'Kabupaten Ogan Komering Ulu Timur',NULL,NULL,NULL,1,7,NULL,NULL,NULL,NULL,NULL),
	(121,'Kota Lubuklinggau',NULL,NULL,NULL,1,7,NULL,NULL,NULL,NULL,NULL),
	(122,'Kota Pagar Alam',NULL,NULL,NULL,1,7,NULL,NULL,NULL,NULL,NULL),
	(123,'Kota Palembang',NULL,NULL,NULL,1,7,NULL,NULL,NULL,NULL,NULL),
	(124,'Kota Prabumulih',NULL,NULL,NULL,1,7,NULL,NULL,NULL,NULL,NULL),
	(125,'Kabupaten Lampung Barat',NULL,NULL,NULL,1,8,NULL,NULL,NULL,NULL,NULL),
	(126,'Kabupaten Lampung Selatan',NULL,NULL,NULL,1,8,NULL,NULL,NULL,NULL,NULL),
	(127,'Kabupaten Lampung Tengah',NULL,NULL,NULL,1,8,NULL,NULL,NULL,NULL,NULL),
	(128,'Kabupaten Lampung Timur',NULL,NULL,NULL,1,8,NULL,NULL,NULL,NULL,NULL),
	(129,'Kabupaten Lampung Utara',NULL,NULL,NULL,1,8,NULL,NULL,NULL,NULL,NULL),
	(130,'Kabupaten Mesuji',NULL,NULL,NULL,1,8,NULL,NULL,NULL,NULL,NULL),
	(131,'Kabupaten Pesawaran',NULL,NULL,NULL,1,8,NULL,NULL,NULL,NULL,NULL),
	(132,'Kabupaten Pringsewu',NULL,NULL,NULL,1,8,NULL,NULL,NULL,NULL,NULL),
	(133,'Kabupaten Tanggamus',NULL,NULL,NULL,1,8,NULL,NULL,NULL,NULL,NULL),
	(134,'Kabupaten Tulang Bawang',NULL,NULL,NULL,1,8,NULL,NULL,NULL,NULL,NULL),
	(135,'Kabupaten Tulang Bawang Barat',NULL,NULL,NULL,1,8,NULL,NULL,NULL,NULL,NULL),
	(136,'Kabupaten Way Kanan',NULL,NULL,NULL,1,8,NULL,NULL,NULL,NULL,NULL),
	(137,'Kota Bandar Lampung',NULL,NULL,NULL,1,8,NULL,NULL,NULL,NULL,NULL),
	(138,'Kota Metro',NULL,NULL,NULL,1,8,NULL,NULL,NULL,NULL,NULL),
	(139,'Kabupaten Bangka',NULL,NULL,NULL,1,9,NULL,NULL,NULL,NULL,NULL),
	(140,'Kabupaten Bangka Barat',NULL,NULL,NULL,1,9,NULL,NULL,NULL,NULL,NULL),
	(141,'Kabupaten Bangka Selatan',NULL,NULL,NULL,1,9,NULL,NULL,NULL,NULL,NULL),
	(142,'Kabupaten Bangka Tengah',NULL,NULL,NULL,1,9,NULL,NULL,NULL,NULL,NULL),
	(143,'Kabupaten Belitung',NULL,NULL,NULL,1,9,NULL,NULL,NULL,NULL,NULL),
	(144,'Kabupaten Belitung Timur',NULL,NULL,NULL,1,9,NULL,NULL,NULL,NULL,NULL),
	(145,'Kota Pangkal Pinang',NULL,NULL,NULL,1,9,NULL,NULL,NULL,NULL,NULL),
	(146,'Kabupaten Bintan',NULL,NULL,NULL,1,10,NULL,NULL,NULL,NULL,NULL),
	(147,'Kabupaten Karimun',NULL,NULL,NULL,1,10,NULL,NULL,NULL,NULL,NULL),
	(148,'Kabupaten Kepulauan Anambas',NULL,NULL,NULL,1,10,NULL,NULL,NULL,NULL,NULL),
	(149,'Kabupaten Lingga',NULL,NULL,NULL,1,10,NULL,NULL,NULL,NULL,NULL),
	(150,'Kabupaten Natuna',NULL,NULL,NULL,1,10,NULL,NULL,NULL,NULL,NULL),
	(151,'Kota Batam',NULL,NULL,NULL,1,10,NULL,NULL,NULL,NULL,NULL),
	(152,'Kota Tanjung Pinang',NULL,NULL,NULL,1,10,NULL,NULL,NULL,NULL,NULL),
	(153,'Kabupaten Lebak',NULL,NULL,NULL,1,11,NULL,NULL,NULL,NULL,NULL),
	(154,'Kabupaten Pandeglang',NULL,NULL,NULL,1,11,NULL,NULL,NULL,NULL,NULL),
	(155,'Kabupaten Serang',NULL,NULL,NULL,1,11,NULL,NULL,NULL,NULL,NULL),
	(156,'Kabupaten Tangerang',NULL,NULL,NULL,1,11,NULL,NULL,NULL,NULL,NULL),
	(157,'Kota Cilegon',NULL,NULL,NULL,1,11,NULL,NULL,NULL,NULL,NULL),
	(158,'Kota Serang',NULL,NULL,NULL,1,11,NULL,NULL,NULL,NULL,NULL),
	(159,'Kota Tangerang',NULL,NULL,NULL,1,11,NULL,NULL,NULL,NULL,NULL),
	(160,'Kota Tangerang Selatan',NULL,NULL,NULL,1,11,NULL,NULL,NULL,NULL,NULL),
	(161,'Kabupaten Bandung',NULL,NULL,NULL,1,12,NULL,NULL,NULL,NULL,NULL),
	(162,'Kabupaten Bandung Barat',NULL,NULL,NULL,1,12,NULL,NULL,NULL,NULL,NULL),
	(163,'Kabupaten Bekasi',NULL,NULL,NULL,1,12,NULL,NULL,NULL,NULL,NULL),
	(164,'Kabupaten Bogor',NULL,NULL,NULL,1,12,NULL,NULL,NULL,NULL,NULL),
	(165,'Kabupaten Ciamis',NULL,NULL,NULL,1,12,NULL,NULL,NULL,NULL,NULL),
	(166,'Kabupaten Cianjur',NULL,NULL,NULL,1,12,NULL,NULL,NULL,NULL,NULL),
	(167,'Kabupaten Cirebon',NULL,NULL,NULL,1,12,NULL,NULL,NULL,NULL,NULL),
	(168,'Kabupaten Garut',NULL,NULL,NULL,1,12,NULL,NULL,NULL,NULL,NULL),
	(169,'Kabupaten Indramayu',NULL,NULL,NULL,1,12,NULL,NULL,NULL,NULL,NULL),
	(170,'Kabupaten Karawang',NULL,NULL,NULL,1,12,NULL,NULL,NULL,NULL,NULL),
	(171,'Kabupaten Kuningan',NULL,NULL,NULL,1,12,NULL,NULL,NULL,NULL,NULL),
	(172,'Kabupaten Majalengka',NULL,NULL,NULL,1,12,NULL,NULL,NULL,NULL,NULL),
	(173,'Kabupaten Purwakarta',NULL,NULL,NULL,1,12,NULL,NULL,NULL,NULL,NULL),
	(174,'Kabupaten Subang',NULL,NULL,NULL,1,12,NULL,NULL,NULL,NULL,NULL),
	(175,'Kabupaten Sukabumi',NULL,NULL,NULL,1,12,NULL,NULL,NULL,NULL,NULL),
	(176,'Kabupaten Sumedang',NULL,NULL,NULL,1,12,NULL,NULL,NULL,NULL,NULL),
	(177,'Kabupaten Tasikmalaya',NULL,NULL,NULL,1,12,NULL,NULL,NULL,NULL,NULL),
	(178,'Kota Bandung',NULL,NULL,NULL,1,12,NULL,NULL,NULL,NULL,NULL),
	(179,'Kota Banjar',NULL,NULL,NULL,1,12,NULL,NULL,NULL,NULL,NULL),
	(180,'Kota Bekasi',NULL,NULL,NULL,1,12,NULL,NULL,NULL,NULL,NULL),
	(181,'Kota Bogor',NULL,NULL,NULL,1,12,NULL,NULL,NULL,NULL,NULL),
	(182,'Kota Cimahi',NULL,NULL,NULL,1,12,NULL,NULL,NULL,NULL,NULL),
	(183,'Kota Cirebon',NULL,NULL,NULL,1,12,NULL,NULL,NULL,NULL,NULL),
	(184,'Kota Depok',NULL,NULL,NULL,1,12,NULL,NULL,NULL,NULL,NULL),
	(185,'Kota Sukabumi',NULL,NULL,NULL,1,12,NULL,NULL,NULL,NULL,NULL),
	(186,'Kota Tasikmalaya',NULL,NULL,NULL,1,12,NULL,NULL,NULL,NULL,NULL),
	(187,'Kabupaten Administrasi Kepulauan Seribu',NULL,NULL,NULL,1,13,NULL,NULL,NULL,NULL,NULL),
	(188,'Kota Jakarta Barat',NULL,NULL,NULL,1,13,NULL,NULL,NULL,NULL,NULL),
	(189,'Kota Jakarta Pusat',NULL,NULL,NULL,1,13,NULL,NULL,NULL,NULL,NULL),
	(190,'Kota Jakarta Selatan',NULL,NULL,NULL,1,13,NULL,NULL,NULL,NULL,NULL),
	(191,'Kota Jakarta Timur',NULL,NULL,NULL,1,13,NULL,NULL,NULL,NULL,NULL),
	(192,'Kota Jakarta Utara',NULL,NULL,NULL,1,13,NULL,NULL,NULL,NULL,NULL),
	(193,'Kabupaten Banjarnegara',NULL,NULL,NULL,1,14,NULL,NULL,NULL,NULL,NULL),
	(194,'Kabupaten Banyumas',NULL,NULL,NULL,1,14,NULL,NULL,NULL,NULL,NULL),
	(195,'Kabupaten Batang',NULL,NULL,NULL,1,14,NULL,NULL,NULL,NULL,NULL),
	(196,'Kabupaten Blora',NULL,NULL,NULL,1,14,NULL,NULL,NULL,NULL,NULL),
	(197,'Kabupaten Boyolali',NULL,NULL,NULL,1,14,NULL,NULL,NULL,NULL,NULL),
	(198,'Kabupaten Brebes',NULL,NULL,NULL,1,14,NULL,NULL,NULL,NULL,NULL),
	(199,'Kabupaten Cilacap',NULL,NULL,NULL,1,14,NULL,NULL,NULL,NULL,NULL),
	(200,'Kabupaten Demak',NULL,NULL,NULL,1,14,NULL,NULL,NULL,NULL,NULL),
	(201,'Kabupaten Grobogan',NULL,NULL,NULL,1,14,NULL,NULL,NULL,NULL,NULL),
	(202,'Kabupaten Jepara',NULL,NULL,NULL,1,14,NULL,NULL,NULL,NULL,NULL),
	(203,'Kabupaten Karanganyar',NULL,NULL,NULL,1,14,NULL,NULL,NULL,NULL,NULL),
	(204,'Kabupaten Kebumen',NULL,NULL,NULL,1,14,NULL,NULL,NULL,NULL,NULL),
	(205,'Kabupaten Kendal',NULL,NULL,NULL,1,14,NULL,NULL,NULL,NULL,NULL),
	(206,'Kabupaten Klaten',NULL,NULL,NULL,1,14,NULL,NULL,NULL,NULL,NULL),
	(207,'Kabupaten Kudus',NULL,NULL,NULL,1,14,NULL,NULL,NULL,NULL,NULL),
	(208,'Kabupaten Magelang',NULL,NULL,NULL,1,14,NULL,NULL,NULL,NULL,NULL),
	(209,'Kabupaten Pati',NULL,NULL,NULL,1,14,NULL,NULL,NULL,NULL,NULL),
	(210,'Kabupaten Pekalongan',NULL,NULL,NULL,1,14,NULL,NULL,NULL,NULL,NULL),
	(211,'Kabupaten Pemalang',NULL,NULL,NULL,1,14,NULL,NULL,NULL,NULL,NULL),
	(212,'Kabupaten Purbalingga',NULL,NULL,NULL,1,14,NULL,NULL,NULL,NULL,NULL),
	(213,'Kabupaten Purworejo',NULL,NULL,NULL,1,14,NULL,NULL,NULL,NULL,NULL),
	(214,'Kabupaten Rembang',NULL,NULL,NULL,1,14,NULL,NULL,NULL,NULL,NULL),
	(215,'Kabupaten Semarang',NULL,NULL,NULL,1,14,NULL,NULL,NULL,NULL,NULL),
	(216,'Kabupaten Sragen',NULL,NULL,NULL,1,14,NULL,NULL,NULL,NULL,NULL),
	(217,'Kabupaten Sukoharjo',NULL,NULL,NULL,1,14,NULL,NULL,NULL,NULL,NULL),
	(218,'Kabupaten Tegal',NULL,NULL,NULL,1,14,NULL,NULL,NULL,NULL,NULL),
	(219,'Kabupaten Temanggung',NULL,NULL,NULL,1,14,NULL,NULL,NULL,NULL,NULL),
	(220,'Kabupaten Wonogiri',NULL,NULL,NULL,1,14,NULL,NULL,NULL,NULL,NULL),
	(221,'Kabupaten Wonosobo',NULL,NULL,NULL,1,14,NULL,NULL,NULL,NULL,NULL),
	(222,'Kota Magelang',NULL,NULL,NULL,1,14,NULL,NULL,NULL,NULL,NULL),
	(223,'Kota Pekalongan',NULL,NULL,NULL,1,14,NULL,NULL,NULL,NULL,NULL),
	(224,'Kota Salatiga',NULL,NULL,NULL,1,14,NULL,NULL,NULL,NULL,NULL),
	(225,'Kota Semarang',NULL,NULL,NULL,1,14,NULL,NULL,NULL,NULL,NULL),
	(226,'Kota Surakarta',NULL,NULL,NULL,1,14,NULL,NULL,NULL,NULL,NULL),
	(227,'Kota Tegal',NULL,NULL,NULL,1,14,NULL,NULL,NULL,NULL,NULL),
	(228,'Kabupaten Bangkalan',NULL,NULL,NULL,1,15,NULL,NULL,NULL,NULL,NULL),
	(229,'Kabupaten Banyuwangi',NULL,NULL,NULL,1,15,NULL,NULL,NULL,NULL,NULL),
	(230,'Kabupaten Blitar',NULL,NULL,NULL,1,15,NULL,NULL,NULL,NULL,NULL),
	(231,'Kabupaten Bojonegoro',NULL,NULL,NULL,1,15,NULL,NULL,NULL,NULL,NULL),
	(232,'Kabupaten Bondowoso',NULL,NULL,NULL,1,15,NULL,NULL,NULL,NULL,NULL),
	(233,'Kabupaten Gresik',NULL,NULL,NULL,1,15,NULL,NULL,NULL,NULL,NULL),
	(234,'Kabupaten Jember',NULL,NULL,NULL,1,15,NULL,NULL,NULL,NULL,NULL),
	(235,'Kabupaten Jombang',NULL,NULL,NULL,1,15,NULL,NULL,NULL,NULL,NULL),
	(236,'Kabupaten Kediri',NULL,NULL,NULL,1,15,NULL,NULL,NULL,NULL,NULL),
	(237,'Kabupaten Lamongan',NULL,NULL,NULL,1,15,NULL,NULL,NULL,NULL,NULL),
	(238,'Kabupaten Lumajang',NULL,NULL,NULL,1,15,NULL,NULL,NULL,NULL,NULL),
	(239,'Kabupaten Madiun',NULL,NULL,NULL,1,15,NULL,NULL,NULL,NULL,NULL),
	(240,'Kabupaten Magetan',NULL,NULL,NULL,1,15,NULL,NULL,NULL,NULL,NULL),
	(241,'Kabupaten Malang',NULL,NULL,NULL,1,15,NULL,NULL,NULL,NULL,NULL),
	(242,'Kabupaten Mojokerto',NULL,NULL,NULL,1,15,NULL,NULL,NULL,NULL,NULL),
	(243,'Kabupaten Nganjuk',NULL,NULL,NULL,1,15,NULL,NULL,NULL,NULL,NULL),
	(244,'Kabupaten Ngawi',NULL,NULL,NULL,1,15,NULL,NULL,NULL,NULL,NULL),
	(245,'Kabupaten Pacitan',NULL,NULL,NULL,1,15,NULL,NULL,NULL,NULL,NULL),
	(246,'Kabupaten Pamekasan',NULL,NULL,NULL,1,15,NULL,NULL,NULL,NULL,NULL),
	(247,'Kabupaten Pasuruan',NULL,NULL,NULL,1,15,NULL,NULL,NULL,NULL,NULL),
	(248,'Kabupaten Ponorogo',NULL,NULL,NULL,1,15,NULL,NULL,NULL,NULL,NULL),
	(249,'Kabupaten Probolinggo',NULL,NULL,NULL,1,15,NULL,NULL,NULL,NULL,NULL),
	(250,'Kabupaten Sampang',NULL,NULL,NULL,1,15,NULL,NULL,NULL,NULL,NULL),
	(251,'Kabupaten Sidoarjo',NULL,NULL,NULL,1,15,NULL,NULL,NULL,NULL,NULL),
	(252,'Kabupaten Situbondo',NULL,NULL,NULL,1,15,NULL,NULL,NULL,NULL,NULL),
	(253,'Kabupaten Sumenep',NULL,NULL,NULL,1,15,NULL,NULL,NULL,NULL,NULL),
	(254,'Kabupaten Trenggalek',NULL,NULL,NULL,1,15,NULL,NULL,NULL,NULL,NULL),
	(255,'Kabupaten Tuban',NULL,NULL,NULL,1,15,NULL,NULL,NULL,NULL,NULL),
	(256,'Kabupaten Tulungagung',NULL,NULL,NULL,1,15,NULL,NULL,NULL,NULL,NULL),
	(257,'Kota Batu',NULL,NULL,NULL,1,15,NULL,NULL,NULL,NULL,NULL),
	(258,'Kota Blitar',NULL,NULL,NULL,1,15,NULL,NULL,NULL,NULL,NULL),
	(259,'Kota Kediri',NULL,NULL,NULL,1,15,NULL,NULL,NULL,NULL,NULL),
	(260,'Kota Madiun',NULL,NULL,NULL,1,15,NULL,NULL,NULL,NULL,NULL),
	(261,'Kota Malang',NULL,NULL,NULL,1,15,NULL,NULL,NULL,NULL,NULL),
	(262,'Kota Mojokerto',NULL,NULL,NULL,1,15,NULL,NULL,NULL,NULL,NULL),
	(263,'Kota Pasuruan',NULL,NULL,NULL,1,15,NULL,NULL,NULL,NULL,NULL),
	(264,'Kota Probolinggo',NULL,NULL,NULL,1,15,NULL,NULL,NULL,NULL,NULL),
	(265,'Kota Surabaya',NULL,NULL,NULL,1,15,NULL,NULL,NULL,NULL,NULL),
	(266,'Kabupaten Bantul',NULL,NULL,NULL,1,16,NULL,NULL,NULL,NULL,NULL),
	(267,'Kabupaten Gunung Kidul',NULL,NULL,NULL,1,16,NULL,NULL,NULL,NULL,NULL),
	(268,'Kabupaten Kulon Progo',NULL,NULL,NULL,1,16,NULL,NULL,NULL,NULL,NULL),
	(269,'Kabupaten Sleman',NULL,NULL,NULL,1,16,NULL,NULL,NULL,NULL,NULL),
	(270,'Kota Yogyakarta',NULL,NULL,NULL,1,16,NULL,NULL,NULL,NULL,NULL),
	(271,'Kabupaten Badung',NULL,NULL,NULL,1,17,NULL,NULL,NULL,NULL,NULL),
	(272,'Kabupaten Bangli',NULL,NULL,NULL,1,17,NULL,NULL,NULL,NULL,NULL),
	(273,'Kabupaten Buleleng',NULL,NULL,NULL,1,17,NULL,NULL,NULL,NULL,NULL),
	(274,'Kabupaten Gianyar',NULL,NULL,NULL,1,17,NULL,NULL,NULL,NULL,NULL),
	(275,'Kabupaten Jembrana',NULL,NULL,NULL,1,17,NULL,NULL,NULL,NULL,NULL),
	(276,'Kabupaten Karangasem',NULL,NULL,NULL,1,17,NULL,NULL,NULL,NULL,NULL),
	(277,'Kabupaten Klungkung',NULL,NULL,NULL,1,17,NULL,NULL,NULL,NULL,NULL),
	(278,'Kabupaten Tabanan',NULL,NULL,NULL,1,17,NULL,NULL,NULL,NULL,NULL),
	(279,'Kota Denpasar',NULL,NULL,NULL,1,17,NULL,NULL,NULL,NULL,NULL),
	(280,'Kabupaten Bima',NULL,NULL,NULL,1,18,NULL,NULL,NULL,NULL,NULL),
	(281,'Kabupaten Dompu',NULL,NULL,NULL,1,18,NULL,NULL,NULL,NULL,NULL),
	(282,'Kabupaten Lombok Barat',NULL,NULL,NULL,1,18,NULL,NULL,NULL,NULL,NULL),
	(283,'Kabupaten Lombok Tengah',NULL,NULL,NULL,1,18,NULL,NULL,NULL,NULL,NULL),
	(284,'Kabupaten Lombok Timur',NULL,NULL,NULL,1,18,NULL,NULL,NULL,NULL,NULL),
	(285,'Kabupaten Lombok Utara',NULL,NULL,NULL,1,18,NULL,NULL,NULL,NULL,NULL),
	(286,'Kabupaten Sumbawa',NULL,NULL,NULL,1,18,NULL,NULL,NULL,NULL,NULL),
	(287,'Kabupaten Sumbawa Barat',NULL,NULL,NULL,1,18,NULL,NULL,NULL,NULL,NULL),
	(288,'Kota Bima',NULL,NULL,NULL,1,18,NULL,NULL,NULL,NULL,NULL),
	(289,'Kota Mataram',NULL,NULL,NULL,1,18,NULL,NULL,NULL,NULL,NULL),
	(290,'Kabupaten Kupang',NULL,NULL,NULL,1,19,NULL,NULL,NULL,NULL,NULL),
	(291,'Kabupaten Timor Tengah Selatan',NULL,NULL,NULL,1,19,NULL,NULL,NULL,NULL,NULL),
	(292,'Kabupaten Timor Tengah Utara',NULL,NULL,NULL,1,19,NULL,NULL,NULL,NULL,NULL),
	(293,'Kabupaten Belu',NULL,NULL,NULL,1,19,NULL,NULL,NULL,NULL,NULL),
	(294,'Kabupaten Alor',NULL,NULL,NULL,1,19,NULL,NULL,NULL,NULL,NULL),
	(295,'Kabupaten Flores Timur',NULL,NULL,NULL,1,19,NULL,NULL,NULL,NULL,NULL),
	(296,'Kabupaten Sikka',NULL,NULL,NULL,1,19,NULL,NULL,NULL,NULL,NULL),
	(297,'Kabupaten Ende',NULL,NULL,NULL,1,19,NULL,NULL,NULL,NULL,NULL),
	(298,'Kabupaten Ngada',NULL,NULL,NULL,1,19,NULL,NULL,NULL,NULL,NULL),
	(299,'Kabupaten Manggarai',NULL,NULL,NULL,1,19,NULL,NULL,NULL,NULL,NULL),
	(300,'Kabupaten Sumba Timur',NULL,NULL,NULL,1,19,NULL,NULL,NULL,NULL,NULL),
	(301,'Kabupaten Sumba Barat',NULL,NULL,NULL,1,19,NULL,NULL,NULL,NULL,NULL),
	(302,'Kabupaten Lembata',NULL,NULL,NULL,1,19,NULL,NULL,NULL,NULL,NULL),
	(303,'Kabupaten Rote Ndao',NULL,NULL,NULL,1,19,NULL,NULL,NULL,NULL,NULL),
	(304,'Kabupaten Manggarai Barat',NULL,NULL,NULL,1,19,NULL,NULL,NULL,NULL,NULL),
	(305,'Kabupaten Nagekeo',NULL,NULL,NULL,1,19,NULL,NULL,NULL,NULL,NULL),
	(306,'Kabupaten Sumba Tengah',NULL,NULL,NULL,1,19,NULL,NULL,NULL,NULL,NULL),
	(307,'Kabupaten Sumba Barat Daya',NULL,NULL,NULL,1,19,NULL,NULL,NULL,NULL,NULL),
	(308,'Kabupaten Manggarai Timur',NULL,NULL,NULL,1,19,NULL,NULL,NULL,NULL,NULL),
	(309,'Kabupaten Sabu Raijua',NULL,NULL,NULL,1,19,NULL,NULL,NULL,NULL,NULL),
	(310,'Kota Kupang',NULL,NULL,NULL,1,19,NULL,NULL,NULL,NULL,NULL),
	(311,'Kabupaten Bengkayang',NULL,NULL,NULL,1,20,NULL,NULL,NULL,NULL,NULL),
	(312,'Kabupaten Kapuas Hulu',NULL,NULL,NULL,1,20,NULL,NULL,NULL,NULL,NULL),
	(313,'Kabupaten Kayong Utara',NULL,NULL,NULL,1,20,NULL,NULL,NULL,NULL,NULL),
	(314,'Kabupaten Ketapang',NULL,NULL,NULL,1,20,NULL,NULL,NULL,NULL,NULL),
	(315,'Kabupaten Kubu Raya',NULL,NULL,NULL,1,20,NULL,NULL,NULL,NULL,NULL),
	(316,'Kabupaten Landak',NULL,NULL,NULL,1,20,NULL,NULL,NULL,NULL,NULL),
	(317,'Kabupaten Melawi',NULL,NULL,NULL,1,20,NULL,NULL,NULL,NULL,NULL),
	(318,'Kabupaten Pontianak',NULL,NULL,NULL,1,20,NULL,NULL,NULL,NULL,NULL),
	(319,'Kabupaten Sambas',NULL,NULL,NULL,1,20,NULL,NULL,NULL,NULL,NULL),
	(320,'Kabupaten Sanggau',NULL,NULL,NULL,1,20,NULL,NULL,NULL,NULL,NULL),
	(321,'Kabupaten Sekadau',NULL,NULL,NULL,1,20,NULL,NULL,NULL,NULL,NULL),
	(322,'Kabupaten Sintang',NULL,NULL,NULL,1,20,NULL,NULL,NULL,NULL,NULL),
	(323,'Kota Pontianak',NULL,NULL,NULL,1,20,NULL,NULL,NULL,NULL,NULL),
	(324,'Kota Singkawang',NULL,NULL,NULL,1,20,NULL,NULL,NULL,NULL,NULL),
	(325,'Kabupaten Balangan',NULL,NULL,NULL,1,21,NULL,NULL,NULL,NULL,NULL),
	(326,'Kabupaten Banjar',NULL,NULL,NULL,1,21,NULL,NULL,NULL,NULL,NULL),
	(327,'Kabupaten Barito Kuala',NULL,NULL,NULL,1,21,NULL,NULL,NULL,NULL,NULL),
	(328,'Kabupaten Hulu Sungai Selatan',NULL,NULL,NULL,1,21,NULL,NULL,NULL,NULL,NULL),
	(329,'Kabupaten Hulu Sungai Tengah',NULL,NULL,NULL,1,21,NULL,NULL,NULL,NULL,NULL),
	(330,'Kabupaten Hulu Sungai Utara',NULL,NULL,NULL,1,21,NULL,NULL,NULL,NULL,NULL),
	(331,'Kabupaten Kotabaru',NULL,NULL,NULL,1,21,NULL,NULL,NULL,NULL,NULL),
	(332,'Kabupaten Tabalong',NULL,NULL,NULL,1,21,NULL,NULL,NULL,NULL,NULL),
	(333,'Kabupaten Tanah Bumbu',NULL,NULL,NULL,1,21,NULL,NULL,NULL,NULL,NULL),
	(334,'Kabupaten Tanah Laut',NULL,NULL,NULL,1,21,NULL,NULL,NULL,NULL,NULL),
	(335,'Kabupaten Tapin',NULL,NULL,NULL,1,21,NULL,NULL,NULL,NULL,NULL),
	(336,'Kota Banjarbaru',NULL,NULL,NULL,1,21,NULL,NULL,NULL,NULL,NULL),
	(337,'Kota Banjarmasin',NULL,NULL,NULL,1,21,NULL,NULL,NULL,NULL,NULL),
	(338,'Kabupaten Barito Selatan',NULL,NULL,NULL,1,22,NULL,NULL,NULL,NULL,NULL),
	(339,'Kabupaten Barito Timur',NULL,NULL,NULL,1,22,NULL,NULL,NULL,NULL,NULL),
	(340,'Kabupaten Barito Utara',NULL,NULL,NULL,1,22,NULL,NULL,NULL,NULL,NULL),
	(341,'Kabupaten Gunung Mas',NULL,NULL,NULL,1,22,NULL,NULL,NULL,NULL,NULL),
	(342,'Kabupaten Kapuas',NULL,NULL,NULL,1,22,NULL,NULL,NULL,NULL,NULL),
	(343,'Kabupaten Katingan',NULL,NULL,NULL,1,22,NULL,NULL,NULL,NULL,NULL),
	(344,'Kabupaten Kotawaringin Barat',NULL,NULL,NULL,1,22,NULL,NULL,NULL,NULL,NULL),
	(345,'Kabupaten Kotawaringin Timur',NULL,NULL,NULL,1,22,NULL,NULL,NULL,NULL,NULL),
	(346,'Kabupaten Lamandau',NULL,NULL,NULL,1,22,NULL,NULL,NULL,NULL,NULL),
	(347,'Kabupaten Murung Raya',NULL,NULL,NULL,1,22,NULL,NULL,NULL,NULL,NULL),
	(348,'Kabupaten Pulang Pisau',NULL,NULL,NULL,1,22,NULL,NULL,NULL,NULL,NULL),
	(349,'Kabupaten Sukamara',NULL,NULL,NULL,1,22,NULL,NULL,NULL,NULL,NULL),
	(350,'Kabupaten Seruyan',NULL,NULL,NULL,1,22,NULL,NULL,NULL,NULL,NULL),
	(351,'Kota Palangka Raya',NULL,NULL,NULL,1,22,NULL,NULL,NULL,NULL,NULL),
	(352,'Kabupaten Berau',NULL,NULL,NULL,1,23,NULL,NULL,NULL,NULL,NULL),
	(353,'Kabupaten Bulungan',NULL,NULL,NULL,1,23,NULL,NULL,NULL,NULL,NULL),
	(354,'Kabupaten Kutai Barat',NULL,NULL,NULL,1,23,NULL,NULL,NULL,NULL,NULL),
	(355,'Kabupaten Kutai Kartanegara',NULL,NULL,NULL,1,23,NULL,NULL,NULL,NULL,NULL),
	(356,'Kabupaten Kutai Timur',NULL,NULL,NULL,1,23,NULL,NULL,NULL,NULL,NULL),
	(357,'Kabupaten Malinau',NULL,NULL,NULL,1,23,NULL,NULL,NULL,NULL,NULL),
	(358,'Kabupaten Nunukan',NULL,NULL,NULL,1,23,NULL,NULL,NULL,NULL,NULL),
	(359,'Kabupaten Paser',NULL,NULL,NULL,1,23,NULL,NULL,NULL,NULL,NULL),
	(360,'Kabupaten Penajam Paser Utara',NULL,NULL,NULL,1,23,NULL,NULL,NULL,NULL,NULL),
	(361,'Kabupaten Tana Tidung',NULL,NULL,NULL,1,23,NULL,NULL,NULL,NULL,NULL),
	(362,'Kota Balikpapan',NULL,NULL,NULL,1,23,NULL,NULL,NULL,NULL,NULL),
	(363,'Kota Bontang',NULL,NULL,NULL,1,23,NULL,NULL,NULL,NULL,NULL),
	(364,'Kota Samarinda',NULL,NULL,NULL,1,23,NULL,NULL,NULL,NULL,NULL),
	(365,'Kota Tarakan',NULL,NULL,NULL,1,23,NULL,NULL,NULL,NULL,NULL),
	(366,'Kabupaten Boalemo',NULL,NULL,NULL,1,24,NULL,NULL,NULL,NULL,NULL),
	(367,'Kabupaten Bone Bolango',NULL,NULL,NULL,1,24,NULL,NULL,NULL,NULL,NULL),
	(368,'Kabupaten Gorontalo',NULL,NULL,NULL,1,24,NULL,NULL,NULL,NULL,NULL),
	(369,'Kabupaten Gorontalo Utara',NULL,NULL,NULL,1,24,NULL,NULL,NULL,NULL,NULL),
	(370,'Kabupaten Pohuwato',NULL,NULL,NULL,1,24,NULL,NULL,NULL,NULL,NULL),
	(371,'Kota Gorontalo',NULL,NULL,NULL,1,24,NULL,NULL,NULL,NULL,NULL),
	(372,'Kabupaten Bantaeng',NULL,NULL,NULL,1,25,NULL,NULL,NULL,NULL,NULL),
	(373,'Kabupaten Barru',NULL,NULL,NULL,1,25,NULL,NULL,NULL,NULL,NULL),
	(374,'Kabupaten Bone',NULL,NULL,NULL,1,25,NULL,NULL,NULL,NULL,NULL),
	(375,'Kabupaten Bulukumba',NULL,NULL,NULL,1,25,NULL,NULL,NULL,NULL,NULL),
	(376,'Kabupaten Enrekang',NULL,NULL,NULL,1,25,NULL,NULL,NULL,NULL,NULL),
	(377,'Kabupaten Gowa',NULL,NULL,NULL,1,25,NULL,NULL,NULL,NULL,NULL),
	(378,'Kabupaten Jeneponto',NULL,NULL,NULL,1,25,NULL,NULL,NULL,NULL,NULL),
	(379,'Kabupaten Kepulauan Selayar',NULL,NULL,NULL,1,25,NULL,NULL,NULL,NULL,NULL),
	(380,'Kabupaten Luwu',NULL,NULL,NULL,1,25,NULL,NULL,NULL,NULL,NULL),
	(381,'Kabupaten Luwu Timur',NULL,NULL,NULL,1,25,NULL,NULL,NULL,NULL,NULL),
	(382,'Kabupaten Luwu Utara',NULL,NULL,NULL,1,25,NULL,NULL,NULL,NULL,NULL),
	(383,'Kabupaten Maros',NULL,NULL,NULL,1,25,NULL,NULL,NULL,NULL,NULL),
	(384,'Kabupaten Pangkajene dan Kepulauan',NULL,NULL,NULL,1,25,NULL,NULL,NULL,NULL,NULL),
	(385,'Kabupaten Pinrang',NULL,NULL,NULL,1,25,NULL,NULL,NULL,NULL,NULL),
	(386,'Kabupaten Sidenreng Rappang',NULL,NULL,NULL,1,25,NULL,NULL,NULL,NULL,NULL),
	(387,'Kabupaten Sinjai',NULL,NULL,NULL,1,25,NULL,NULL,NULL,NULL,NULL),
	(388,'Kabupaten Soppeng',NULL,NULL,NULL,1,25,NULL,NULL,NULL,NULL,NULL),
	(389,'Kabupaten Takalar',NULL,NULL,NULL,1,25,NULL,NULL,NULL,NULL,NULL),
	(390,'Kabupaten Tana Toraja',NULL,NULL,NULL,1,25,NULL,NULL,NULL,NULL,NULL),
	(391,'Kabupaten Toraja Utara',NULL,NULL,NULL,1,25,NULL,NULL,NULL,NULL,NULL),
	(392,'Kabupaten Wajo',NULL,NULL,NULL,1,25,NULL,NULL,NULL,NULL,NULL),
	(393,'Kota Makassar',NULL,NULL,NULL,1,25,NULL,NULL,NULL,NULL,NULL),
	(394,'Kota Palopo',NULL,NULL,NULL,1,25,NULL,NULL,NULL,NULL,NULL),
	(395,'Kota Parepare',NULL,NULL,NULL,1,25,NULL,NULL,NULL,NULL,NULL),
	(396,'Kabupaten Bombana',NULL,NULL,NULL,1,26,NULL,NULL,NULL,NULL,NULL),
	(397,'Kabupaten Buton',NULL,NULL,NULL,1,26,NULL,NULL,NULL,NULL,NULL),
	(398,'Kabupaten Buton Utara',NULL,NULL,NULL,1,26,NULL,NULL,NULL,NULL,NULL),
	(399,'Kabupaten Kolaka',NULL,NULL,NULL,1,26,NULL,NULL,NULL,NULL,NULL),
	(400,'Kabupaten Kolaka Utara',NULL,NULL,NULL,1,26,NULL,NULL,NULL,NULL,NULL),
	(401,'Kabupaten Konawe',NULL,NULL,NULL,1,26,NULL,NULL,NULL,NULL,NULL),
	(402,'Kabupaten Konawe Selatan',NULL,NULL,NULL,1,26,NULL,NULL,NULL,NULL,NULL),
	(403,'Kabupaten Konawe Utara',NULL,NULL,NULL,1,26,NULL,NULL,NULL,NULL,NULL),
	(404,'Kabupaten Muna',NULL,NULL,NULL,1,26,NULL,NULL,NULL,NULL,NULL),
	(405,'Kabupaten Wakatobi',NULL,NULL,NULL,1,26,NULL,NULL,NULL,NULL,NULL),
	(406,'Kota Bau-Bau',NULL,NULL,NULL,1,26,NULL,NULL,NULL,NULL,NULL),
	(407,'Kota Kendari',NULL,NULL,NULL,1,26,NULL,NULL,NULL,NULL,NULL),
	(408,'Kabupaten Banggai',NULL,NULL,NULL,1,27,NULL,NULL,NULL,NULL,NULL),
	(409,'Kabupaten Banggai Kepulauan',NULL,NULL,NULL,1,27,NULL,NULL,NULL,NULL,NULL),
	(410,'Kabupaten Buol',NULL,NULL,NULL,1,27,NULL,NULL,NULL,NULL,NULL),
	(411,'Kabupaten Donggala',NULL,NULL,NULL,1,27,NULL,NULL,NULL,NULL,NULL),
	(412,'Kabupaten Morowali',NULL,NULL,NULL,1,27,NULL,NULL,NULL,NULL,NULL),
	(413,'Kabupaten Parigi Moutong',NULL,NULL,NULL,1,27,NULL,NULL,NULL,NULL,NULL),
	(414,'Kabupaten Poso',NULL,NULL,NULL,1,27,NULL,NULL,NULL,NULL,NULL),
	(415,'Kabupaten Tojo Una-Una',NULL,NULL,NULL,1,27,NULL,NULL,NULL,NULL,NULL),
	(416,'Kabupaten Toli-Toli',NULL,NULL,NULL,1,27,NULL,NULL,NULL,NULL,NULL),
	(417,'Kabupaten Sigi',NULL,NULL,NULL,1,27,NULL,NULL,NULL,NULL,NULL),
	(418,'Kota Palu',NULL,NULL,NULL,1,27,NULL,NULL,NULL,NULL,NULL),
	(419,'Kabupaten Bolaang Mongondow',NULL,NULL,NULL,1,28,NULL,NULL,NULL,NULL,NULL),
	(420,'Kabupaten Bolaang Mongondow Selatan',NULL,NULL,NULL,1,28,NULL,NULL,NULL,NULL,NULL),
	(421,'Kabupaten Bolaang Mongondow Timur',NULL,NULL,NULL,1,28,NULL,NULL,NULL,NULL,NULL),
	(422,'Kabupaten Bolaang Mongondow Utara',NULL,NULL,NULL,1,28,NULL,NULL,NULL,NULL,NULL),
	(423,'Kabupaten Kepulauan Sangihe',NULL,NULL,NULL,1,28,NULL,NULL,NULL,NULL,NULL),
	(424,'Kabupaten Kepulauan Siau Tagulandang Biaro',NULL,NULL,NULL,1,28,NULL,NULL,NULL,NULL,NULL),
	(425,'Kabupaten Kepulauan Talaud',NULL,NULL,NULL,1,28,NULL,NULL,NULL,NULL,NULL),
	(426,'Kabupaten Minahasa',NULL,NULL,NULL,1,28,NULL,NULL,NULL,NULL,NULL),
	(427,'Kabupaten Minahasa Selatan',NULL,NULL,NULL,1,28,NULL,NULL,NULL,NULL,NULL),
	(428,'Kabupaten Minahasa Tenggara',NULL,NULL,NULL,1,28,NULL,NULL,NULL,NULL,NULL),
	(429,'Kabupaten Minahasa Utara',NULL,NULL,NULL,1,28,NULL,NULL,NULL,NULL,NULL),
	(430,'Kota Bitung',NULL,NULL,NULL,1,28,NULL,NULL,NULL,NULL,NULL),
	(431,'Kota Kotamobagu',NULL,NULL,NULL,1,28,NULL,NULL,NULL,NULL,NULL),
	(432,'Kota Manado',NULL,NULL,NULL,1,28,NULL,NULL,NULL,NULL,NULL),
	(433,'Kota Tomohon',NULL,NULL,NULL,1,28,NULL,NULL,NULL,NULL,NULL),
	(434,'Kabupaten Majene',NULL,NULL,NULL,1,29,NULL,NULL,NULL,NULL,NULL),
	(435,'Kabupaten Mamasa',NULL,NULL,NULL,1,29,NULL,NULL,NULL,NULL,NULL),
	(436,'Kabupaten Mamuju',NULL,NULL,NULL,1,29,NULL,NULL,NULL,NULL,NULL),
	(437,'Kabupaten Mamuju Utara',NULL,NULL,NULL,1,29,NULL,NULL,NULL,NULL,NULL),
	(438,'Kabupaten Polewali Mandar',NULL,NULL,NULL,1,29,NULL,NULL,NULL,NULL,NULL),
	(439,'Kabupaten Buru',NULL,NULL,NULL,1,30,NULL,NULL,NULL,NULL,NULL),
	(440,'Kabupaten Buru Selatan',NULL,NULL,NULL,1,30,NULL,NULL,NULL,NULL,NULL),
	(441,'Kabupaten Kepulauan Aru',NULL,NULL,NULL,1,30,NULL,NULL,NULL,NULL,NULL),
	(442,'Kabupaten Maluku Barat Daya',NULL,NULL,NULL,1,30,NULL,NULL,NULL,NULL,NULL),
	(443,'Kabupaten Maluku Tengah',NULL,NULL,NULL,1,30,NULL,NULL,NULL,NULL,NULL),
	(444,'Kabupaten Maluku Tenggara',NULL,NULL,NULL,1,30,NULL,NULL,NULL,NULL,NULL),
	(445,'Kabupaten Maluku Tenggara Barat',NULL,NULL,NULL,1,30,NULL,NULL,NULL,NULL,NULL),
	(446,'Kabupaten Seram Bagian Barat',NULL,NULL,NULL,1,30,NULL,NULL,NULL,NULL,NULL),
	(447,'Kabupaten Seram Bagian Timur',NULL,NULL,NULL,1,30,NULL,NULL,NULL,NULL,NULL),
	(448,'Kota Ambon',NULL,NULL,NULL,1,30,NULL,NULL,NULL,NULL,NULL),
	(449,'Kota Tual',NULL,NULL,NULL,1,30,NULL,NULL,NULL,NULL,NULL),
	(450,'Kabupaten Halmahera Barat',NULL,NULL,NULL,1,31,NULL,NULL,NULL,NULL,NULL),
	(451,'Kabupaten Halmahera Tengah',NULL,NULL,NULL,1,31,NULL,NULL,NULL,NULL,NULL),
	(452,'Kabupaten Halmahera Utara',NULL,NULL,NULL,1,31,NULL,NULL,NULL,NULL,NULL),
	(453,'Kabupaten Halmahera Selatan',NULL,NULL,NULL,1,31,NULL,NULL,NULL,NULL,NULL),
	(454,'Kabupaten Kepulauan Sula',NULL,NULL,NULL,1,31,NULL,NULL,NULL,NULL,NULL),
	(455,'Kabupaten Halmahera Timur',NULL,NULL,NULL,1,31,NULL,NULL,NULL,NULL,NULL),
	(456,'Kabupaten Pulau Morotai',NULL,NULL,NULL,1,31,NULL,NULL,NULL,NULL,NULL),
	(457,'Kota Ternate',NULL,NULL,NULL,1,31,NULL,NULL,NULL,NULL,NULL),
	(458,'Kota Tidore Kepulauan',NULL,NULL,NULL,1,31,NULL,NULL,NULL,NULL,NULL),
	(459,'Kabupaten Asmat',NULL,NULL,NULL,1,32,NULL,NULL,NULL,NULL,NULL),
	(460,'Kabupaten Biak Numfor',NULL,NULL,NULL,1,32,NULL,NULL,NULL,NULL,NULL),
	(461,'Kabupaten Boven Digoel',NULL,NULL,NULL,1,32,NULL,NULL,NULL,NULL,NULL),
	(462,'Kabupaten Deiyai',NULL,NULL,NULL,1,32,NULL,NULL,NULL,NULL,NULL),
	(463,'Kabupaten Dogiyai',NULL,NULL,NULL,1,32,NULL,NULL,NULL,NULL,NULL),
	(464,'Kabupaten Intan Jaya',NULL,NULL,NULL,1,32,NULL,NULL,NULL,NULL,NULL),
	(465,'Kabupaten Jayapura',NULL,NULL,NULL,1,32,NULL,NULL,NULL,NULL,NULL),
	(466,'Kabupaten Jayawijaya',NULL,NULL,NULL,1,32,NULL,NULL,NULL,NULL,NULL),
	(467,'Kabupaten Keerom',NULL,NULL,NULL,1,32,NULL,NULL,NULL,NULL,NULL),
	(468,'Kabupaten Kepulauan Yapen',NULL,NULL,NULL,1,32,NULL,NULL,NULL,NULL,NULL),
	(469,'Kabupaten Lanny Jaya',NULL,NULL,NULL,1,32,NULL,NULL,NULL,NULL,NULL),
	(470,'Kabupaten Mamberamo Raya',NULL,NULL,NULL,1,32,NULL,NULL,NULL,NULL,NULL),
	(471,'Kabupaten Mamberamo Tengah',NULL,NULL,NULL,1,32,NULL,NULL,NULL,NULL,NULL),
	(472,'Kabupaten Mappi',NULL,NULL,NULL,1,32,NULL,NULL,NULL,NULL,NULL),
	(473,'Kabupaten Merauke',NULL,NULL,NULL,1,32,NULL,NULL,NULL,NULL,NULL),
	(474,'Kabupaten Mimika',NULL,NULL,NULL,1,32,NULL,NULL,NULL,NULL,NULL),
	(475,'Kabupaten Nabire',NULL,NULL,NULL,1,32,NULL,NULL,NULL,NULL,NULL),
	(476,'Kabupaten Nduga',NULL,NULL,NULL,1,32,NULL,NULL,NULL,NULL,NULL),
	(477,'Kabupaten Paniai',NULL,NULL,NULL,1,32,NULL,NULL,NULL,NULL,NULL),
	(478,'Kabupaten Pegunungan Bintang',NULL,NULL,NULL,1,32,NULL,NULL,NULL,NULL,NULL),
	(479,'Kabupaten Puncak',NULL,NULL,NULL,1,32,NULL,NULL,NULL,NULL,NULL),
	(480,'Kabupaten Puncak Jaya',NULL,NULL,NULL,1,32,NULL,NULL,NULL,NULL,NULL),
	(481,'Kabupaten Sarmi',NULL,NULL,NULL,1,32,NULL,NULL,NULL,NULL,NULL),
	(482,'Kabupaten Supiori',NULL,NULL,NULL,1,32,NULL,NULL,NULL,NULL,NULL),
	(483,'Kabupaten Tolikara',NULL,NULL,NULL,1,32,NULL,NULL,NULL,NULL,NULL),
	(484,'Kabupaten Waropen',NULL,NULL,NULL,1,32,NULL,NULL,NULL,NULL,NULL),
	(485,'Kabupaten Yahukimo',NULL,NULL,NULL,1,32,NULL,NULL,NULL,NULL,NULL),
	(486,'Kabupaten Yalimo',NULL,NULL,NULL,1,32,NULL,NULL,NULL,NULL,NULL),
	(487,'Kota Jayapura',NULL,NULL,NULL,1,32,NULL,NULL,NULL,NULL,NULL),
	(488,'Kabupaten Fakfak',NULL,NULL,NULL,1,33,NULL,NULL,NULL,NULL,NULL),
	(489,'Kabupaten Kaimana',NULL,NULL,NULL,1,33,NULL,NULL,NULL,NULL,NULL),
	(490,'Kabupaten Manokwari',NULL,NULL,NULL,1,33,NULL,NULL,NULL,NULL,NULL),
	(491,'Kabupaten Maybrat',NULL,NULL,NULL,1,33,NULL,NULL,NULL,NULL,NULL),
	(492,'Kabupaten Raja Ampat',NULL,NULL,NULL,1,33,NULL,NULL,NULL,NULL,NULL),
	(493,'Kabupaten Sorong',NULL,NULL,NULL,1,33,NULL,NULL,NULL,NULL,NULL),
	(494,'Kabupaten Sorong Selatan',NULL,NULL,NULL,1,33,NULL,NULL,NULL,NULL,NULL),
	(495,'Kabupaten Tambrauw',NULL,NULL,NULL,1,33,NULL,NULL,NULL,NULL,NULL),
	(496,'Kabupaten Teluk Bintuni',NULL,NULL,NULL,1,33,NULL,NULL,NULL,NULL,NULL),
	(497,'Kabupaten Teluk Wondama',NULL,NULL,NULL,1,33,NULL,NULL,NULL,NULL,NULL),
	(498,'Kota Sorong',NULL,NULL,NULL,1,33,NULL,NULL,NULL,NULL,NULL);

/*!40000 ALTER TABLE `m_kota` ENABLE KEYS */;
UNLOCK TABLES;


# Dump of table m_lokasiperpustakaan
# ------------------------------------------------------------

DROP TABLE IF EXISTS `m_lokasiperpustakaan`;

CREATE TABLE `m_lokasiperpustakaan` (
  `id` mediumint(11) unsigned NOT NULL AUTO_INCREMENT,
  `name` varchar(150) DEFAULT NULL,
  `kode` varchar(50) DEFAULT NULL,
  `alamat` varchar(255) DEFAULT NULL,
  `slug` varchar(150) DEFAULT NULL,
  `sort` mediumint(8) DEFAULT NULL,
  `description` varchar(255) DEFAULT NULL,
  `active` tinyint(1) unsigned NOT NULL DEFAULT '1',
  `created_by` int(11) DEFAULT NULL,
  `updated_by` int(11) DEFAULT NULL,
  `created_at` datetime DEFAULT NULL,
  `updated_at` datetime DEFAULT NULL,
  `deleted_at` datetime DEFAULT NULL,
  PRIMARY KEY (`id`)
) ENGINE=InnoDB DEFAULT CHARSET=utf8;



# Dump of table m_propinsi
# ------------------------------------------------------------

DROP TABLE IF EXISTS `m_propinsi`;

CREATE TABLE `m_propinsi` (
  `id` mediumint(11) unsigned NOT NULL AUTO_INCREMENT,
  `name` varchar(150) DEFAULT NULL,
  `slug` varchar(150) DEFAULT NULL,
  `sort` mediumint(8) DEFAULT NULL,
  `description` varchar(255) DEFAULT NULL,
  `active` tinyint(1) unsigned NOT NULL DEFAULT '1',
  `created_by` int(11) DEFAULT NULL,
  `updated_by` int(11) DEFAULT NULL,
  `created_at` datetime DEFAULT NULL,
  `updated_at` datetime DEFAULT NULL,
  `deleted_at` datetime DEFAULT NULL,
  PRIMARY KEY (`id`)
) ENGINE=InnoDB DEFAULT CHARSET=utf8;

LOCK TABLES `m_propinsi` WRITE;
/*!40000 ALTER TABLE `m_propinsi` DISABLE KEYS */;

INSERT INTO `m_propinsi` (`id`, `name`, `slug`, `sort`, `description`, `active`, `created_by`, `updated_by`, `created_at`, `updated_at`, `deleted_at`)
VALUES
	(1,'Aceh',NULL,NULL,NULL,1,NULL,NULL,NULL,NULL,NULL),
	(2,'Sumatera Utara',NULL,NULL,NULL,1,NULL,NULL,NULL,NULL,NULL),
	(3,'Bengkulu',NULL,NULL,NULL,1,NULL,NULL,NULL,NULL,NULL),
	(4,'Jambi',NULL,NULL,NULL,1,NULL,NULL,NULL,NULL,NULL),
	(5,'Riau',NULL,NULL,NULL,1,NULL,NULL,NULL,NULL,NULL),
	(6,'Sumatera Barat',NULL,NULL,NULL,1,NULL,NULL,NULL,NULL,NULL),
	(7,'Sumatera Selatan',NULL,NULL,NULL,1,NULL,NULL,NULL,NULL,NULL),
	(8,'Lampung',NULL,NULL,NULL,1,NULL,NULL,NULL,NULL,NULL),
	(9,'Kepulauan Bangka Belitung',NULL,NULL,NULL,1,NULL,NULL,NULL,NULL,NULL),
	(10,'Kepulauan Riau',NULL,NULL,NULL,1,NULL,NULL,NULL,NULL,NULL),
	(11,'Banten',NULL,NULL,NULL,1,NULL,NULL,NULL,NULL,NULL),
	(12,'Jawa Barat',NULL,NULL,NULL,1,NULL,NULL,NULL,NULL,NULL),
	(13,'DKI Jakarta',NULL,NULL,NULL,1,NULL,NULL,NULL,NULL,NULL),
	(14,'Jawa Tengah',NULL,NULL,NULL,1,NULL,NULL,NULL,NULL,NULL),
	(15,'Jawa Timur',NULL,NULL,NULL,1,NULL,NULL,NULL,NULL,NULL),
	(16,'Daerah Istimewa Yogyakarta',NULL,NULL,NULL,1,NULL,NULL,NULL,NULL,NULL),
	(17,'Bali',NULL,NULL,NULL,1,NULL,NULL,NULL,NULL,NULL),
	(18,'Nusa Tenggara Barat',NULL,NULL,NULL,1,NULL,NULL,NULL,NULL,NULL),
	(19,'Nusa Tenggara Timur',NULL,NULL,NULL,1,NULL,NULL,NULL,NULL,NULL),
	(20,'Kalimantan Barat',NULL,NULL,NULL,1,NULL,NULL,NULL,NULL,NULL),
	(21,'Kalimantan Selatan',NULL,NULL,NULL,1,NULL,NULL,NULL,NULL,NULL),
	(22,'Kalimantan Tengah',NULL,NULL,NULL,1,NULL,NULL,NULL,NULL,NULL),
	(23,'Kalimantan Timur',NULL,NULL,NULL,1,NULL,NULL,NULL,NULL,NULL),
	(24,'Gorontalo',NULL,NULL,NULL,1,NULL,NULL,NULL,NULL,NULL),
	(25,'Sulawesi Selatan',NULL,NULL,NULL,1,NULL,NULL,NULL,NULL,NULL),
	(26,'Sulawesi Tenggara',NULL,NULL,NULL,1,NULL,NULL,NULL,NULL,NULL),
	(27,'Sulawesi Tengah',NULL,NULL,NULL,1,NULL,NULL,NULL,NULL,NULL),
	(28,'Sulawesi Utara',NULL,NULL,NULL,1,NULL,NULL,NULL,NULL,NULL),
	(29,'Sulawesi Barat',NULL,NULL,NULL,1,NULL,NULL,NULL,NULL,NULL),
	(30,'Maluku',NULL,NULL,NULL,1,NULL,NULL,NULL,NULL,NULL),
	(31,'Maluku Utara',NULL,NULL,NULL,1,NULL,NULL,NULL,NULL,NULL),
	(32,'Papua',NULL,NULL,NULL,1,NULL,NULL,NULL,NULL,NULL),
	(33,'Papua Barat',NULL,NULL,NULL,1,NULL,NULL,NULL,NULL,NULL);

/*!40000 ALTER TABLE `m_propinsi` ENABLE KEYS */;
UNLOCK TABLES;


# Dump of table migrations
# ------------------------------------------------------------

DROP TABLE IF EXISTS `migrations`;

CREATE TABLE `migrations` (
  `id` bigint(20) unsigned NOT NULL AUTO_INCREMENT,
  `version` varchar(255) NOT NULL,
  `class` varchar(255) NOT NULL,
  `group` varchar(255) NOT NULL,
  `namespace` varchar(255) NOT NULL,
  `time` int(11) NOT NULL,
  `batch` int(11) unsigned NOT NULL,
  PRIMARY KEY (`id`)
) ENGINE=InnoDB DEFAULT CHARSET=utf8;

LOCK TABLES `migrations` WRITE;
/*!40000 ALTER TABLE `migrations` DISABLE KEYS */;

INSERT INTO `migrations` (`id`, `version`, `class`, `group`, `namespace`, `time`, `batch`)
VALUES
	(1,'2021-01-01_000000','App\\Database\\Migrations\\Auth','default','App',1625538948,1),
	(2,'2021-01-01_000001','App\\Database\\Migrations\\AuthAlterUsers','default','App',1625538948,1),
	(3,'2021-01-01_000002','App\\Database\\Migrations\\Adminigniter','default','App',1625538948,1),
	(4,'2021-01-01-000003','App\\Database\\Migrations\\CiSessions','default','App',1625538948,1),
	(5,'2020-01-01-000000','Banner\\Database\\Migrations\\Banner','default','Banner',1625539054,2),
	(6,'2020-01-01-000000','Membership\\Database\\Migrations\\Membership','default','Membership',1625539895,3),
	(7,'2020-01-01-000000','Artikel\\Database\\Migrations\\Artikel','default','Artikel',1627207777,4),
	(8,'2020-01-01-000000','KatalogRDA\\Database\\Migrations\\KatalogRDA','default','KatalogRDA',1627207822,5),
	(9,'2020-01-01-000000','KatalogAACR\\Database\\Migrations\\KatalogAACR','default','KatalogAACR',1627207847,6),
	(11,'2020-01-01-000000','SampulBuku\\Database\\Migrations\\SampulBuku','default','SampulBuku',1627207979,8),
	(12,'2020-01-01-000000','KontenDigital\\Database\\Migrations\\KontenDigital','default','KontenDigital',1627208029,9),
	(13,'2020-01-01-000000','KontenDigitalArtikel\\Database\\Migrations\\KontenDigitalArtikel','default','KontenDigitalArtikel',1627208036,10),
	(18,'2021-07-25-102427','Artikel\\Database\\Migrations\\AlterAddColumnArtikel','default','Artikel',1627520377,11),
	(22,'2020-01-01-000000','Mastertag\\Database\\Migrations\\Mastertag','default','Mastertag',1628406578,15),
	(23,'2021-07-18-042913','Mastertag\\Database\\Migrations\\Mfielddatas','default','Mastertag',1628406946,16),
	(24,'2021-07-25-090910','App\\Database\\Migrations\\Fieldindicator1s','default','Mastertag',1628406946,16),
	(25,'2021-07-30-150127','App\\Database\\Migrations\\Fieldindicator2s','default','Mastertag',1628406946,16),
	(31,'2020-01-01-000000','Anggota\\Database\\Migrations\\Anggota','default','Anggota',1631327921,17),
	(32,'2021-07-27-113523','Anggota\\Database\\Migrations\\Pelanggaran','default','Anggota',1631327921,17),
	(33,'2021-08-28-065431','App\\Database\\Migrations\\AlterAnggota','default','Anggota',1631327921,17),
	(34,'2020-01-01-000000','Sumbangan\\Database\\Migrations\\Sumbangan','default','Sumbangan',1631330908,18),
	(35,'2020-01-01-000000','KeranjangAnggota\\Database\\Migrations\\KeranjangAnggota','default','KeranjangAnggota',1631861752,19),
	(40,'2020-01-01-000000','Page\\Database\\Migrations\\Page','default','Page',1633676624,21),
	(41,'2020-01-01-000000','Eksemplar\\Database\\Migrations\\Eksemplar','default','Eksemplar',1633679022,22),
	(42,'2020-01-01-000000','Sirkulasi\\Database\\Migrations\\Sirkulasi','default','Sirkulasi',1633689201,23),
	(44,'2020-01-01-000000','Katalog\\Database\\Migrations\\Katalog','default','Katalog',1633958328,24),
	(45,'2020-01-01-000000','LokasiPerpustakaan\\Database\\Migrations\\LokasiPerpustakaan','default','LokasiPerpustakaan',1634893761,25);

/*!40000 ALTER TABLE `migrations` ENABLE KEYS */;
UNLOCK TABLES;


# Dump of table t_anggota
# ------------------------------------------------------------

DROP TABLE IF EXISTS `t_anggota`;

CREATE TABLE `t_anggota` (
  `id` mediumint(11) unsigned NOT NULL AUTO_INCREMENT,
  `name` varchar(150) DEFAULT NULL,
  `slug` varchar(150) DEFAULT NULL,
  `MemberNo` varchar(50) DEFAULT NULL,
  `IdentityNo` varchar(50) DEFAULT NULL,
  `PlaceOfBirth` varchar(50) DEFAULT NULL,
  `DateOfBirth` date DEFAULT NULL,
  `Address` varchar(255) DEFAULT NULL,
  `AddressNow` varchar(255) DEFAULT NULL,
  `Phone` varchar(255) DEFAULT NULL,
  `InstitutionName` varchar(255) DEFAULT NULL,
  `InstitutionAddress` varchar(255) DEFAULT NULL,
  `InstitutionPhone` varchar(255) DEFAULT NULL,
  `MotherName` varchar(100) DEFAULT NULL,
  `Email` varchar(100) DEFAULT NULL,
  `LoanReturnLateCount` int(11) DEFAULT NULL,
  `file_image` varchar(255) DEFAULT NULL,
  `NoHp` varchar(50) DEFAULT NULL,
  `Provincy` varchar(50) DEFAULT NULL,
  `City` varchar(50) DEFAULT NULL,
  `ProvincyNow` varchar(50) DEFAULT NULL,
  `CityNow` varchar(50) DEFAULT NULL,
  `Kecamatan` varchar(50) DEFAULT NULL,
  `KecamatanNow` varchar(50) DEFAULT NULL,
  `Kelurahan` varchar(50) DEFAULT NULL,
  `KelurahanNow` varchar(50) DEFAULT NULL,
  `RT` varchar(50) DEFAULT NULL,
  `RTNow` varchar(50) DEFAULT NULL,
  `RW` varchar(50) DEFAULT NULL,
  `RWNow` varchar(50) DEFAULT NULL,
  `TahunAjaran` varchar(50) DEFAULT NULL,
  `KeteranganLain` varchar(50) DEFAULT NULL,
  `IsLunasBiayaPendaftaran` bit(1) DEFAULT NULL,
  `BiayaPendaftaran` decimal(10,0) DEFAULT NULL,
  `TanggalBebasPustaka` datetime DEFAULT NULL,
  `sort` mediumint(8) DEFAULT NULL,
  `description` varchar(255) DEFAULT NULL,
  `active` tinyint(1) unsigned NOT NULL DEFAULT '1',
  `category_id` int(11) DEFAULT NULL,
  `ref_identitas` int(11) DEFAULT NULL,
  `ref_jeniskelamin` int(11) DEFAULT NULL,
  `ref_pendidikan` int(11) DEFAULT NULL,
  `ref_pekerjaan` int(11) DEFAULT NULL,
  `ref_jenisanggota` int(11) DEFAULT NULL,
  `ref_perkawinan` int(11) DEFAULT NULL,
  `ref_agama` int(11) DEFAULT NULL,
  `ref_unitkerja` int(11) DEFAULT NULL,
  `ref_fakultas` int(11) DEFAULT NULL,
  `ref_jurusan` int(11) DEFAULT NULL,
  `ref_Statusanggota` int(11) DEFAULT NULL,
  `created_by` int(11) DEFAULT NULL,
  `updated_by` int(11) DEFAULT NULL,
  `created_at` datetime DEFAULT NULL,
  `updated_at` datetime DEFAULT NULL,
  `deleted_at` datetime DEFAULT NULL,
  `RegisterDate` datetime DEFAULT NULL,
  `EndDate` datetime DEFAULT NULL,
  PRIMARY KEY (`id`)
) ENGINE=InnoDB DEFAULT CHARSET=utf8;

LOCK TABLES `t_anggota` WRITE;
/*!40000 ALTER TABLE `t_anggota` DISABLE KEYS */;

INSERT INTO `t_anggota` (`id`, `name`, `slug`, `MemberNo`, `IdentityNo`, `PlaceOfBirth`, `DateOfBirth`, `Address`, `AddressNow`, `Phone`, `InstitutionName`, `InstitutionAddress`, `InstitutionPhone`, `MotherName`, `Email`, `LoanReturnLateCount`, `file_image`, `NoHp`, `Provincy`, `City`, `ProvincyNow`, `CityNow`, `Kecamatan`, `KecamatanNow`, `Kelurahan`, `KelurahanNow`, `RT`, `RTNow`, `RW`, `RWNow`, `TahunAjaran`, `KeteranganLain`, `IsLunasBiayaPendaftaran`, `BiayaPendaftaran`, `TanggalBebasPustaka`, `sort`, `description`, `active`, `category_id`, `ref_identitas`, `ref_jeniskelamin`, `ref_pendidikan`, `ref_pekerjaan`, `ref_jenisanggota`, `ref_perkawinan`, `ref_agama`, `ref_unitkerja`, `ref_fakultas`, `ref_jurusan`, `ref_Statusanggota`, `created_by`, `updated_by`, `created_at`, `updated_at`, `deleted_at`, `RegisterDate`, `EndDate`)
VALUES
	(9,'Keanggotaan','keanggotaan','202109130003','','','0000-00-00','',NULL,NULL,'perpusnas','','',NULL,'aulya@gmail.com',NULL,NULL,'','','',NULL,NULL,NULL,NULL,NULL,NULL,'',NULL,'',NULL,NULL,NULL,NULL,NULL,NULL,NULL,NULL,1,NULL,NULL,NULL,NULL,NULL,NULL,NULL,NULL,13,NULL,NULL,NULL,1,1,'2021-09-13 10:01:14','2021-09-13 17:19:02',NULL,'0000-00-00 00:00:00',NULL),
	(11,'Muhammad Ilyas Dalimar, S.Kom','muhammad-ilyas-dalimar-skom','202109130005','','','0000-00-00','',NULL,NULL,'','','',NULL,'',NULL,NULL,'','','',NULL,NULL,NULL,NULL,NULL,NULL,'',NULL,'',NULL,NULL,NULL,NULL,NULL,NULL,NULL,NULL,1,NULL,NULL,NULL,NULL,NULL,NULL,NULL,NULL,NULL,NULL,NULL,NULL,1,1,'2021-09-13 17:08:03','2021-09-13 17:10:39',NULL,'0000-00-00 00:00:00',NULL),
	(12,'Aulya Thamimy, S.Kom','aulya-thamimy-skom','202109130006','','','0000-00-00','Jl. Praja dalam f No.15 b. Kebayoran Lama',NULL,NULL,NULL,NULL,NULL,NULL,'',NULL,NULL,'','DKI Jakarta','','DKi jakarta','',NULL,NULL,NULL,NULL,'','','','',NULL,NULL,NULL,NULL,NULL,NULL,NULL,1,NULL,NULL,NULL,NULL,NULL,NULL,NULL,NULL,13,NULL,NULL,NULL,1,NULL,'2021-09-13 17:50:18','2021-09-13 17:50:18',NULL,NULL,NULL),
	(13,'dalimar Ilyas','dalimar-ilyas','202109130007','','medan','0000-00-00','Jl. Praja dalam f No.15 b. Kebayoran Lama1',NULL,NULL,'perpusnas','merdeka selatan','',NULL,'daliamrilyas@outlook.com',NULL,'1631542572_f1e646ec94914d6ce35c.jpg','08212222270','DKI Jakarta','','DKi jakarta','',NULL,NULL,NULL,NULL,'','','','',NULL,NULL,NULL,NULL,NULL,NULL,NULL,1,NULL,NULL,NULL,NULL,NULL,NULL,NULL,NULL,13,NULL,NULL,NULL,1,NULL,'2021-09-13 21:16:12','2021-09-13 21:16:12',NULL,NULL,NULL),
	(14,'dalimar ganteng','dalimar-ganteng','202109140008','','medan','0000-00-00','',NULL,NULL,'','','',NULL,'',NULL,NULL,'','','',NULL,NULL,NULL,NULL,NULL,NULL,'',NULL,'',NULL,NULL,NULL,NULL,NULL,NULL,NULL,NULL,1,NULL,NULL,NULL,NULL,NULL,NULL,NULL,NULL,13,NULL,NULL,NULL,1,1,'2021-09-14 08:09:26','2021-09-14 08:15:44',NULL,'0000-00-00 00:00:00',NULL),
	(15,'dalimar Aulya','dalimar-aulya','202109140009','','Medan','0000-00-00','Jl. Praja dalam f No.15 b. Kebayoran Lama','',NULL,'','','',NULL,'',NULL,NULL,'','DKI Jakarta','','','',NULL,NULL,NULL,NULL,'','','','',NULL,NULL,NULL,NULL,NULL,NULL,'',1,NULL,NULL,NULL,NULL,NULL,NULL,NULL,9,13,NULL,NULL,NULL,1,NULL,'2021-09-14 08:23:19','2021-09-14 08:23:19',NULL,NULL,NULL),
	(16,'Arda Turan','arda-turan','202109140010','','','0000-00-00','',NULL,NULL,'','','',NULL,'aulya@gmail.com',NULL,NULL,'','','','','',NULL,NULL,NULL,NULL,'','','','',NULL,NULL,NULL,NULL,NULL,NULL,NULL,1,NULL,NULL,NULL,NULL,NULL,NULL,NULL,NULL,13,NULL,NULL,NULL,1,NULL,'2021-09-14 10:13:44','2021-09-14 10:13:44',NULL,NULL,NULL),
	(17,'dalimar','dalimar','202109140011','','','0000-00-00','',NULL,NULL,'','','',NULL,'',NULL,NULL,'','','','','',NULL,NULL,NULL,NULL,'','','','',NULL,NULL,NULL,NULL,NULL,NULL,NULL,1,NULL,NULL,NULL,NULL,NULL,NULL,NULL,NULL,13,NULL,NULL,NULL,1,NULL,'2021-09-14 15:21:02','2021-09-14 15:21:02',NULL,NULL,NULL),
	(18,'Aulya Thamimy55','aulya-thamimy55','202109140012','','','2021-09-05','',NULL,NULL,'','','',NULL,'',NULL,NULL,'','','','','',NULL,NULL,NULL,NULL,'','','','',NULL,NULL,NULL,NULL,NULL,NULL,NULL,1,NULL,NULL,NULL,NULL,NULL,NULL,NULL,NULL,13,NULL,NULL,NULL,1,NULL,'2021-09-14 15:27:25','2021-09-14 15:27:25',NULL,NULL,NULL),
	(19,'Didik Pribadi, S.Kom','didik-pribadi-skom','202109140013','','','2021-09-05','',NULL,NULL,'','','',NULL,'',NULL,NULL,'','','','','',NULL,NULL,NULL,NULL,'','','','',NULL,NULL,NULL,NULL,NULL,NULL,NULL,1,NULL,NULL,NULL,NULL,NULL,NULL,NULL,NULL,13,NULL,NULL,NULL,1,NULL,'2021-09-14 23:58:19','2021-09-14 23:58:19',NULL,'0000-00-00 00:00:00',NULL),
	(21,'dalimar vcr','dalimar-vcr','202109200014','','medan','0000-00-00','','',NULL,'','','',NULL,'',NULL,NULL,'','','','','',NULL,NULL,NULL,NULL,'','','','',NULL,NULL,NULL,NULL,NULL,NULL,NULL,1,NULL,NULL,NULL,NULL,NULL,NULL,NULL,NULL,13,NULL,NULL,NULL,1,NULL,'2021-09-20 12:54:24','2021-09-20 12:54:24',NULL,'0000-00-00 00:00:00',NULL);

/*!40000 ALTER TABLE `t_anggota` ENABLE KEYS */;
UNLOCK TABLES;


# Dump of table t_artikel
# ------------------------------------------------------------

DROP TABLE IF EXISTS `t_artikel`;

CREATE TABLE `t_artikel` (
  `id` mediumint(11) unsigned NOT NULL AUTO_INCREMENT,
  `name` varchar(150) DEFAULT NULL,
  `slug` varchar(150) DEFAULT NULL,
  `sort` mediumint(8) DEFAULT NULL,
  `description` varchar(255) DEFAULT NULL,
  `active` tinyint(1) unsigned NOT NULL DEFAULT '1',
  `created_by` int(11) DEFAULT NULL,
  `updated_by` int(11) DEFAULT NULL,
  `created_at` datetime DEFAULT NULL,
  `updated_at` datetime DEFAULT NULL,
  `deleted_at` datetime DEFAULT NULL,
  `pengarang` varchar(100) DEFAULT NULL,
  `tahun_terbit` varchar(4) DEFAULT NULL,
  `bahasa` varchar(20) DEFAULT NULL,
  `file_upload` varchar(255) DEFAULT NULL,
  `file_uploads` text,
  PRIMARY KEY (`id`)
) ENGINE=InnoDB DEFAULT CHARSET=utf8;



# Dump of table t_banner
# ------------------------------------------------------------

DROP TABLE IF EXISTS `t_banner`;

CREATE TABLE `t_banner` (
  `id` mediumint(11) unsigned NOT NULL AUTO_INCREMENT,
  `name` varchar(150) DEFAULT NULL,
  `file_image` varchar(150) DEFAULT NULL,
  `slug` varchar(150) DEFAULT NULL,
  `sort` mediumint(8) DEFAULT NULL,
  `description` varchar(255) DEFAULT NULL,
  `url` varchar(255) DEFAULT NULL,
  `url_title` varchar(255) DEFAULT NULL,
  `url_target` varchar(255) DEFAULT NULL,
  `active` tinyint(1) unsigned NOT NULL DEFAULT '1',
  `category_id` int(11) DEFAULT NULL,
  `created_by` int(11) DEFAULT NULL,
  `updated_by` int(11) DEFAULT NULL,
  `created_at` datetime DEFAULT NULL,
  `updated_at` datetime DEFAULT NULL,
  `deleted_at` datetime DEFAULT NULL,
  PRIMARY KEY (`id`)
) ENGINE=InnoDB DEFAULT CHARSET=utf8;

LOCK TABLES `t_banner` WRITE;
/*!40000 ALTER TABLE `t_banner` DISABLE KEYS */;

INSERT INTO `t_banner` (`id`, `name`, `file_image`, `slug`, `sort`, `description`, `url`, `url_title`, `url_target`, `active`, `category_id`, `created_by`, `updated_by`, `created_at`, `updated_at`, `deleted_at`)
VALUES
	(1,'Banner 1','1633676686_639e244f857d74a66960.png',NULL,1,'Test','#','',NULL,0,8,NULL,NULL,'2021-07-06 09:42:12','2021-10-08 14:04:46',NULL),
	(2,'Banner 2','1633676697_eef130560befa40a565b.png',NULL,2,'','#','',NULL,1,8,NULL,NULL,'2021-07-06 09:42:42','2021-10-08 14:04:57',NULL);

/*!40000 ALTER TABLE `t_banner` ENABLE KEYS */;
UNLOCK TABLES;


# Dump of table t_katalog
# ------------------------------------------------------------

DROP TABLE IF EXISTS `t_katalog`;

CREATE TABLE `t_katalog` (
  `id` mediumint(11) NOT NULL AUTO_INCREMENT,
  `name` varchar(150) DEFAULT NULL,
  `slug` varchar(255) DEFAULT NULL,
  `sort` int(11) DEFAULT NULL,
  `description` varchar(255) DEFAULT NULL,
  `active` int(11) NOT NULL DEFAULT '1',
  `created_by` int(11) DEFAULT NULL,
  `updated_by` int(11) DEFAULT NULL,
  `deleted_by` int(11) DEFAULT NULL,
  `created_at` datetime DEFAULT NULL,
  `updated_at` datetime DEFAULT NULL,
  `deleted_at` datetime DEFAULT NULL,
  `ControlNumber` varchar(50) CHARACTER SET latin1 NOT NULL,
  `BIBID` varchar(50) CHARACTER SET latin1 NOT NULL,
  `Title` varchar(700) CHARACTER SET latin1 NOT NULL,
  `Author` varchar(700) CHARACTER SET latin1 DEFAULT NULL,
  `Edition` varchar(255) CHARACTER SET latin1 DEFAULT NULL,
  `Publisher` varchar(255) CHARACTER SET latin1 DEFAULT NULL,
  `PublishLocation` varchar(255) CHARACTER SET latin1 DEFAULT NULL,
  `PublishYear` varchar(255) CHARACTER SET latin1 DEFAULT NULL,
  `Publikasi` varchar(700) CHARACTER SET latin1 DEFAULT NULL,
  `Subject` varchar(700) CHARACTER SET latin1 DEFAULT NULL,
  `PhysicalDescription` varchar(255) CHARACTER SET latin1 DEFAULT NULL,
  `ISBN` varchar(700) CHARACTER SET latin1 DEFAULT NULL,
  `CallNumber` varchar(700) CHARACTER SET latin1 DEFAULT NULL,
  `Note` text CHARACTER SET latin1,
  `Languages` varchar(255) CHARACTER SET latin1 DEFAULT NULL,
  `DeweyNo` varchar(255) CHARACTER SET latin1 DEFAULT NULL,
  `ApproveDateOPAC` datetime DEFAULT NULL,
  `IsOPAC` tinyint(4) DEFAULT '1',
  `IsBNI` tinyint(1) DEFAULT '1',
  `IsKIN` tinyint(1) DEFAULT '1',
  `IsRDA` tinyint(1) DEFAULT '0',
  `CoverURL` varchar(255) CHARACTER SET latin1 DEFAULT NULL,
  `Worksheet_id` int(11) NOT NULL,
  `IsQUARANTINE` tinyint(1) DEFAULT NULL,
  `MARC_LOC` text CHARACTER SET latin1,
  `PRESERVASI_ID` varchar(20) CHARACTER SET latin1 DEFAULT NULL,
  `QUARANTINEDBY` int(11) DEFAULT NULL,
  `QUARANTINEDDATE` datetime DEFAULT NULL,
  `QUARANTINEDUPDATE` datetime DEFAULT NULL,
  PRIMARY KEY (`id`) USING BTREE,
  UNIQUE KEY `catalogs_BIBID` (`BIBID`),
  KEY `catalogs_author` (`Author`),
  KEY `catalogs_edition` (`Edition`),
  KEY `catalogs_publisher` (`Publisher`),
  KEY `catalogs_publishlocation` (`PublishLocation`),
  KEY `catalogs_publishyear` (`PublishYear`),
  KEY `catalogs_subject` (`Subject`),
  KEY `catalogs_physicaldesc` (`PhysicalDescription`),
  KEY `catalogs_isbn` (`ISBN`),
  KEY `catalogs_callnumber` (`CallNumber`),
  KEY `catalogs_deweyno` (`DeweyNo`),
  KEY `catalogs_languages` (`Languages`),
  KEY `catalogs_quarantinedby` (`QUARANTINEDBY`),
  KEY `catalogs_createdate` (`created_at`),
  KEY `catalogs_isopac` (`IsOPAC`),
  KEY `catalogs_Worksheet_id` (`Worksheet_id`),
  KEY `catalogs_controlnumber` (`ControlNumber`),
  KEY `catalogs_title` (`Title`),
  KEY `catalogs_publikasi` (`Publikasi`)
) ENGINE=InnoDB DEFAULT CHARSET=utf8;

LOCK TABLES `t_katalog` WRITE;
/*!40000 ALTER TABLE `t_katalog` DISABLE KEYS */;

INSERT INTO `t_katalog` (`id`, `name`, `slug`, `sort`, `description`, `active`, `created_by`, `updated_by`, `deleted_by`, `created_at`, `updated_at`, `deleted_at`, `ControlNumber`, `BIBID`, `Title`, `Author`, `Edition`, `Publisher`, `PublishLocation`, `PublishYear`, `Publikasi`, `Subject`, `PhysicalDescription`, `ISBN`, `CallNumber`, `Note`, `Languages`, `DeweyNo`, `ApproveDateOPAC`, `IsOPAC`, `IsBNI`, `IsKIN`, `IsRDA`, `CoverURL`, `Worksheet_id`, `IsQUARANTINE`, `MARC_LOC`, `PRESERVASI_ID`, `QUARANTINEDBY`, `QUARANTINEDDATE`, `QUARANTINEDUPDATE`)
VALUES
	(1,NULL,NULL,NULL,NULL,1,2,2,NULL,'2021-04-07 05:41:10','2021-04-07 05:41:10',NULL,'INLIS000000000000001','0010-1120000001','108 ILMUWAN & PENEMU DUNIA anak judul 108 ILMUWAN & PENEMU penanggung 108 ILMUWAN','Tajuk Pengarang Utama; Tajuk Pengarang Tambahan; Tajuk Pengarang Tambahan ke dua; Tajuk Pengarang Tambahan ketiga',NULL,'Gramedia;','jakarta;','2019;','jakarta Gramedia 2019;','Subjek','Jumlah Halaman Ket. Ilustrasi Dimensi Bahan Sertaan','ISSN','No. Panggil','Catatan','###','333',NULL,0,1,1,0,NULL,1,NULL,NULL,NULL,NULL,NULL,NULL),
	(2,NULL,NULL,NULL,NULL,1,2,2,NULL,'2020-11-30 02:51:02','2020-11-30 02:51:02',NULL,'INLIS000000000000002','0010-1120000002','Judul test 1 anak judul penanggung jawab','Tajuk Pengarang Utama',NULL,'Penerbit','Jakarta','2020','Jakarta Penerbit 2020','Subjek','Jumlah Halaman Ket. Ilustrasi Dimensi Bahan Sertaan','ISSN','No. Panggil','Catatan','###','333',NULL,0,1,1,0,'1.jpg',1,1,NULL,NULL,NULL,NULL,NULL),
	(3,NULL,NULL,NULL,NULL,1,2,2,NULL,'2021-04-07 05:38:13','2021-04-07 05:38:13',NULL,'INLIS000000000000003','0010-1120000003','BUNG KARNO BIOGRAFI PUTRA SANG FAJAR anak judul RDAxx penanggung jawab RDA','Tajuk Pengarang Utama; Tajuk Pengarang Tambahan',NULL,'Excelmedia;','Yogyakarta;','2019;','Yogyakarta Excelmedia 2019;','Subjek','Jumlah Halaman Ket. Ilustrasi Dimensi Bahan Sertaan','ISSN','No. Panggil','Catatan','###','333',NULL,0,1,1,0,NULL,1,NULL,NULL,NULL,NULL,NULL,NULL),
	(4,NULL,NULL,NULL,NULL,1,2,2,NULL,'2020-11-30 03:10:36','2020-11-30 03:10:36',NULL,'INLIS000000000000004','0010-1120000004','Judul indah pada waktunya anak judul penanggung jawab','Tajuk Pengarang Utama',NULL,'Penerbit','Jakarta','2020','Jakarta Penerbit 2020','Subjek','Jumlah Halaman Ket. Ilustrasi Dimensi Bahan Sertaan','ISSN','No. Panggil','Catatan','###','333',NULL,0,1,1,0,'1.jpg',1,1,NULL,NULL,NULL,NULL,NULL),
	(5,NULL,NULL,NULL,NULL,1,2,2,NULL,'2020-11-30 03:10:52','2020-11-30 03:10:52',NULL,'INLIS000000000000005','0010-1120000005','Judul film nasional anak judul penanggung jawab','Tajuk Pengarang Utama',NULL,'Penerbit','Jakarta','2020','Jakarta Penerbit 2020','Subjek','Jumlah Halaman Ket. Ilustrasi Dimensi Bahan Sertaan','ISSN','No. Panggil','Catatan','###','333',NULL,0,1,1,0,'1.jpg',1,1,NULL,NULL,NULL,NULL,NULL),
	(6,NULL,NULL,NULL,NULL,1,2,2,NULL,'2020-12-03 03:59:05','2020-12-03 03:59:05',NULL,'INLIS000000000000006','0010-1220000001','Judul prabowo anak judul  penanggung jawab','Tajuk Pengarang Utama',NULL,'Penerbit','Jakarta','2020','Jakarta Penerbit 2020','Subjek','Jumlah Halaman Ket. Ilustrasi Dimensi Bahan Sertaan','ISSN','No. Panggil','Catatan','ara','333',NULL,0,1,1,0,'1.jpg',1,1,NULL,NULL,NULL,NULL,NULL),
	(7,NULL,NULL,NULL,NULL,1,2,2,NULL,'2020-12-03 05:42:49','2020-12-03 05:42:49',NULL,'INLIS000000000000007','0010-1220000002','persahabatan jin dan manusia anak judul penanggung jawab','Tajuk Pengarang Utama',NULL,'Penerbit','Jakarta','2020','Jakarta Penerbit 2020','Subjek','Jumlah Halaman Ket. Ilustrasi Dimensi Bahan Sertaan','ISSN','No. Panggil','Catatan','###','333',NULL,0,1,1,0,'1.jpg',1,1,NULL,NULL,NULL,NULL,NULL),
	(8,NULL,NULL,NULL,NULL,1,2,2,NULL,'2020-12-03 05:49:52','2020-12-03 05:49:52',NULL,'INLIS000000000000008','0010-1220000003','persahabatan bagai kepompong anak judul penanggung jawab','Tajuk Pengarang Utama',NULL,'Penerbit','Jakarta','2020','Jakarta Penerbit 2020','Subjek','Jumlah Halaman Ket. Ilustrasi Dimensi Bahan Sertaan','ISSN','No. Panggil','Catatan','###','333',NULL,0,1,1,0,'1.jpg',1,1,NULL,NULL,NULL,NULL,NULL),
	(9,NULL,NULL,NULL,NULL,1,2,2,NULL,'2020-12-03 05:50:10','2020-12-03 05:50:10',NULL,'INLIS000000000000009','0010-1220000004','persahabatan ucil dan mbak yul anak judul penanggung jawab','Tajuk Pengarang Utama',NULL,'Penerbit','Jakarta','2020','Jakarta Penerbit 2020','Subjek','Jumlah Halaman Ket. Ilustrasi Dimensi Bahan Sertaan','ISSN','No. Panggil','Catatan','###','333',NULL,0,1,1,0,'1.jpg',1,NULL,NULL,NULL,NULL,NULL,NULL),
	(10,NULL,NULL,NULL,NULL,1,2,2,NULL,'2020-12-03 05:50:28','2020-12-03 05:50:28',NULL,'INLIS000000000000010','0010-1220000005','ekonomi karakyatan indonesia anak judul penanggung jawab','Tajuk Pengarang Utama',NULL,'Penerbit','Jakarta','2020','Jakarta Penerbit 2020','Subjek','Jumlah Halaman Ket. Ilustrasi Dimensi Bahan Sertaan','ISSN','No. Panggil','Catatan','###','333',NULL,0,1,1,0,'1.jpg',1,NULL,NULL,NULL,NULL,NULL,NULL),
	(11,NULL,NULL,NULL,NULL,1,2,2,NULL,'2020-12-03 05:50:44','2020-12-03 05:50:44',NULL,'INLIS000000000000011','0010-1220000006','ekonomi koruptor dalam tempo musik anak judul penanggung jawab','Tajuk Pengarang Utama',NULL,'Penerbit','Jakarta','2020','Jakarta Penerbit 2020','Subjek','Jumlah Halaman Ket. Ilustrasi Dimensi Bahan Sertaan','ISSN','No. Panggil','Catatan','###','333',NULL,0,1,1,0,'1.jpg',1,NULL,NULL,NULL,NULL,NULL,NULL),
	(12,NULL,NULL,NULL,NULL,1,2,2,NULL,'2020-12-03 05:51:48','2020-12-03 05:51:48',NULL,'INLIS000000000000012','0010-1220000007','bangsa yang sehat dan gemulai anak judul penanggung jawab','Doland J Trump',NULL,'One Media','Jambi','2020','Jambi One Media 2020','Subjek','Jumlah Halaman Ket. Ilustrasi Dimensi Bahan Sertaan','ISSN','No. Panggil','Catatan','chi','333',NULL,1,1,1,0,'1.jpg',1,NULL,NULL,NULL,NULL,NULL,NULL),
	(13,NULL,NULL,NULL,NULL,1,2,2,NULL,'2021-03-28 16:34:11','2021-03-28 16:34:11',NULL,'INLIS000000000000013','0010-0321000001','Laskar pelangi  Andrea Hirata','Andrea Hirata; ',NULL,'Bentang;','Yogyakarta;','2005;','Yogyakarta Bentang 2005;','','529 hlm. ilus. 21 cm. ','','333 AND l','Catatan','ind','333',NULL,1,1,1,0,NULL,1,NULL,NULL,NULL,NULL,NULL,NULL),
	(14,NULL,NULL,NULL,NULL,1,2,2,NULL,'2021-03-09 00:50:35','2021-03-09 00:50:35',NULL,'INLIS000000000000014','0010-0321000002','Judul RDA 9maret anak judul RDA penanggung jawab RDA','Tajuk Pengarang Utama; Tajuk Pengarang Tambahan',NULL,'Penerbit ;','Jakarta ;','2020;','Jakarta  Penerbit  2020;','Subject - nama org','111 222 ket illus 12 Bahan Sertaan','ISBN','33no.pang','Catatan','###','33311',NULL,1,1,1,1,NULL,1,NULL,NULL,NULL,NULL,NULL,NULL),
	(15,NULL,NULL,NULL,NULL,1,2,2,NULL,'2021-03-26 05:17:01','2021-03-26 05:17:01',NULL,'INLIS000000000000015','0010-0321000003','Judul AACR anak judul penanggung jawab','Tajuk Pengarang Utama; Tajuk Pengarang Tambahan',NULL,'Penerbit;','Jakarta;','2020;','Jakarta Penerbit 2020;','Subject','Jumlah Halaman Ket. Ilustrasi Dimensi Bahan Sertaan','ISBN','No. Panggil','Catatan','###','333',NULL,0,1,1,0,NULL,1,NULL,NULL,NULL,NULL,NULL,NULL),
	(16,NULL,NULL,NULL,NULL,1,2,2,NULL,'2021-03-30 03:29:43','2021-03-30 03:29:43',NULL,'INLIS000000000000016','0010-0321000004','\"Alangkah hebatnya negara gotong royong\" : Indonesia dalam kacamata Soekarno / Dr. Agustinus W. Dewantara,S.S., M. Hum. ; editor, Marcell','Agustinus W. Dewantara; editor',NULL,'Kanisius,  ;','Yogyakarta :  ;','2017;','Yogyakarta :   Kanisius,   2017;','1901-1970','vi, 114 halaman ; Ket. Ilustrasi 21 cm Bahan Sertaan','978-979-21-5362-0','320.540 959 8 AGU a','Bibliografi : halaman 108-112','ind','320.540 959 8',NULL,1,1,1,1,'16.jpg',1,NULL,NULL,NULL,NULL,NULL,NULL),
	(17,NULL,NULL,NULL,NULL,1,2,2,NULL,'2021-03-30 03:26:40','2021-03-30 03:26:40',NULL,'INLIS000000000000017','0010-0321000005','\"Renyep\" anak judul Paguyuban Karawitan Justisi Laras Pengadilan Negeri Madiun, Pimp. Soekarno','Tajuk Pengarang Utama; Parti Soepandi, $c Nyi; Soekarno; Paguyuban Karawitan Justi Laras',NULL,'Lokananta,;','Surakarta :;','[1991];','Surakarta : Lokananta, [1991];','Karawitan;Musik karawitan Jawa','1 CD : digital, stereo ; 4 3/4 in. Bahan Sertaan','ISBN','781.629 922 REN','Diterbitkan atas kerjasama Perum PNRI Cabang Surakarta dengan Lokananta;Judul diambil dari kemasan;01. Gending onang-onang Pl.6. 02. Ldr. Srirejeki Pl. 6. 03. Bawa Sekar Ageng Bangsapatra, dhawah Gd. Renyep minggah Ldr. Eling-eling Kasmaran Sl.9. 04. Ktw. Pangkur Dhudhakasmaran Sl. 9','###','781.629 922',NULL,1,1,1,0,NULL,1,NULL,NULL,NULL,NULL,NULL,NULL),
	(18,NULL,NULL,NULL,NULL,1,2,2,NULL,'2021-04-01 03:36:45','2021-04-01 03:36:45',NULL,'INLIS000000000000018','0010-0321000006','AUDIT TRAIL  ','Tajuk Pengarang Utama; Tajuk Pengarang Tambahan',NULL,'Penerbit;','Jakarta;','2020;','Jakarta Penerbit 2020;','Subject','Jumlah Halaman Ket. Ilustrasi Dimensi Bahan Sertaan','ISBN','No. Panggil','Catatan','###','333',NULL,1,1,1,0,'18.png',1,NULL,NULL,NULL,NULL,NULL,NULL),
	(19,NULL,NULL,NULL,NULL,1,2,2,NULL,'2021-04-01 03:36:04','2021-04-01 03:36:04',NULL,'INLIS000000000000019','0010-0321000007','CATATAN SEORANG DEMONSTRAN  ','Tajuk Pengarang Utama; Tajuk Pengarang Tambahan',NULL,'Penerbit;','Jakarta;','2020;','Jakarta Penerbit 2020;','Subject','Jumlah Halaman Ket. Ilustrasi Dimensi Bahan Sertaan','ISBN','No. Panggil','Catatan','###','333',NULL,1,1,1,0,'19.jpg',1,NULL,NULL,NULL,NULL,NULL,NULL),
	(20,NULL,NULL,NULL,NULL,1,2,2,NULL,'2021-04-01 03:35:25','2021-04-01 03:35:25',NULL,'INLIS000000000000020','0010-0321000008','BELIEVE INTELLECTUALS IN THE SS WAR MACHINE  ','Tajuk Pengarang Utama; Tajuk Pengarang Tambahan',NULL,'Penerbit;','Jakarta;','2020;','Jakarta Penerbit 2020;','Subject','Jumlah Halaman Ket. Ilustrasi Dimensi Bahan Sertaan','ISBN','No. Panggil','Catatan','###','333',NULL,0,1,1,0,'20.png',1,NULL,NULL,NULL,NULL,NULL,NULL),
	(21,NULL,NULL,NULL,NULL,1,2,2,NULL,'2021-04-01 03:34:41','2021-04-01 03:34:41',NULL,'INLIS000000000000021','0010-0321000009','CARA MUDAH BERFILSAFAT  ','Tajuk Pengarang Utama; Tajuk Pengarang Tambahan',NULL,'Penerbit;','Jakarta;','2020;','Jakarta Penerbit 2020;','Subject','Jumlah Halaman Ket. Ilustrasi Dimensi Bahan Sertaan','ISBN','No. Panggil','Catatan','###','333',NULL,0,1,1,0,'21.jpg',1,NULL,NULL,NULL,NULL,NULL,NULL),
	(22,NULL,NULL,NULL,NULL,1,2,2,NULL,'2021-04-01 03:33:26','2021-04-01 03:33:26',NULL,'INLIS000000000000022','0010-0321000010','ANTARA DAERAH DAN NEGARA INDONESIA TAHUN 1950  ','Tajuk Pengarang Utama; Tajuk Pengarang Tambahan',NULL,'Penerbit;','Jakarta;','2020;','Jakarta Penerbit 2020;','Subject','Jumlah Halaman Ket. Ilustrasi Dimensi Bahan Sertaan','ISBN','No. Panggil','Catatan','###','333',NULL,0,1,1,0,'22.png',1,NULL,NULL,NULL,NULL,NULL,NULL),
	(23,NULL,NULL,NULL,NULL,1,2,2,NULL,'2021-04-01 03:32:11','2021-04-01 03:32:11',NULL,'INLIS000000000000023','0010-0321000011','AID PERFORMANCE AND CLIMATE CHANGE  ','Tajuk Pengarang Utama; Tajuk Pengarang Tambahan',NULL,'Penerbit;','Jakarta;','2020;','Jakarta Penerbit 2020;','Subject','Jumlah Halaman Ket. Ilustrasi Dimensi Bahan Sertaan','ISBN','No. Panggil','Catatan','###','333',NULL,0,1,1,0,'23.jpg',1,NULL,NULL,NULL,NULL,NULL,NULL),
	(26,NULL,NULL,NULL,NULL,1,2,2,NULL,'2021-05-21 05:25:28','2021-05-21 05:25:28',NULL,'INLIS000000000000024','0010-0521000001','108 ILMUWAN & PENEMU DUNIA anak judul 108 ILMUWAN & PENEMU penanggung 108 ILMUWAN','; ',NULL,';',';',';','  ;','','   ','','','','###','',NULL,0,1,1,0,NULL,1,1,NULL,NULL,NULL,NULL,NULL),
	(27,NULL,NULL,NULL,NULL,1,NULL,NULL,NULL,'2021-10-03 23:19:52','2021-10-03 23:19:52',NULL,'INLIS000000000000025','0010-1021000001','Aku bukan superman tetapi ikan permadi arya','permadi; arya; wiguna',NULL,'Gramedia','Jakarta','2020','Jakarta Gramedia 2020;','','230;Manusia dua alam;Ghaib;Rotan','','','catatan 1; catatan 3','ind','',NULL,1,1,1,0,NULL,1,NULL,NULL,NULL,NULL,NULL,NULL),
	(28,NULL,NULL,NULL,NULL,1,1,NULL,NULL,'2021-10-05 15:48:39','2021-10-05 15:48:39',NULL,'INLIS000000000000026','0010-1021000002','Aku bukan superman tetapi ikan permadi arya','permadi; arya; wiguna',NULL,'Gramedia','Jakarta','2020','Jakarta Gramedia 2020;','','230;Manusia dua alam;Ghaib;Rotan','','','catatan 1; catatan 3','ind','',NULL,1,1,1,0,NULL,1,NULL,NULL,NULL,NULL,NULL,NULL),
	(29,NULL,NULL,NULL,NULL,1,1,NULL,NULL,'2021-10-05 15:48:58','2021-10-05 15:48:58',NULL,'INLIS000000000000027','0010-1021000003','Aku bukan superman tetapi ikan permadi arya','permadi; arya; wiguna',NULL,'Gramedia','Jakarta','2020','Jakarta Gramedia 2020;','','230;Manusia dua alam;Ghaib;Rotan','','','catatan 1; catatan 3','ind','',NULL,1,1,1,0,NULL,1,NULL,NULL,NULL,NULL,NULL,NULL),
	(30,NULL,NULL,NULL,NULL,1,1,NULL,NULL,'2021-10-05 15:50:34','2021-10-05 15:50:34',NULL,'INLIS000000000000028','0010-1021000004','Aku bukan superman tetapi ikan permadi arya','permadi; arya; wiguna',NULL,'Gramedia','Jakarta','2020','Jakarta Gramedia 2020;','','230;Manusia dua alam;Ghaib;Rotan','','','catatan 1; catatan 3','ind','',NULL,1,1,1,0,NULL,1,NULL,NULL,NULL,NULL,NULL,NULL),
	(31,NULL,NULL,NULL,NULL,1,1,NULL,NULL,'2021-10-05 15:50:55','2021-10-05 15:50:55',NULL,'INLIS000000000000029','0010-1021000005','Aku bukan superman tetapi ikan permadi arya','permadi; arya; wiguna',NULL,'Gramedia','Jakarta','2020','Jakarta Gramedia 2020;','','230;Manusia dua alam;Ghaib;Rotan','','','catatan 1; catatan 3','ind','',NULL,1,1,1,0,NULL,1,NULL,NULL,NULL,NULL,NULL,NULL),
	(32,NULL,NULL,NULL,NULL,1,1,NULL,NULL,'2021-10-05 16:04:21','2021-10-05 16:04:21',NULL,'INLIS000000000000030','0010-1021000006','Aku bukan superman tetapi ikan permadi arya','permadi; arya; wiguna',NULL,'Gramedia','Jakarta','2020','Jakarta Gramedia 2020;','','230;Manusia dua alam;Ghaib;Rotan','','','catatan 1; catatan 3','ind','',NULL,1,1,1,0,NULL,1,NULL,NULL,NULL,NULL,NULL,NULL),
	(33,NULL,NULL,NULL,NULL,1,1,NULL,NULL,'2021-10-05 16:17:35','2021-10-05 16:17:35',NULL,'INLIS000000000000031','0010-1021000007','Aku bukan superman tetapi ikan permadi arya','permadi; arya; wiguna',NULL,'Gramedia','Jakarta','2020','Jakarta Gramedia 2020;','','230;Manusia dua alam;Ghaib;Rotan','','','catatan 1; catatan 3','ind','',NULL,1,1,1,0,NULL,1,NULL,NULL,NULL,NULL,NULL,NULL),
	(34,NULL,NULL,NULL,NULL,1,1,NULL,NULL,'2021-10-06 00:03:23','2021-10-06 00:03:23',NULL,'INLIS000000000000032','0010-1021000008','judul utama anak judul penanggung jawab','pengarang utama; pengarang tambahan; pengarang tambahan 2',NULL,'penerbit','tempat terbit','tahun terbit','tempat terbit penerbit tahun terbit;','subjek 1;subjek 2','jumlah halaman;ket ilustrasi;dimensi;bahan sertaan','issn; issn 2','No panggil','catatan; catatan 2','###',',Dewey No',NULL,1,1,1,0,NULL,1,NULL,NULL,NULL,NULL,NULL,NULL),
	(35,NULL,NULL,NULL,NULL,1,1,NULL,NULL,'2021-10-06 00:13:09','2021-10-06 00:13:09',NULL,'INLIS000000000000033','0010-1021000009','judul utama anak judul penanggung jawab','pengarang utama; pengarang tambahan; pengarang tambahan 2',NULL,'penerbit','tempat terbit','tahun terbit','tempat terbit penerbit tahun terbit;','subjek 1;subjek 2','jumlah halaman;ket ilustrasi;dimensi;bahan sertaan','issn; issn 2','No panggil','catatan; catatan 2','###',',Dewey No',NULL,1,1,1,0,NULL,1,NULL,NULL,NULL,NULL,NULL,NULL),
	(36,NULL,NULL,NULL,NULL,1,1,NULL,NULL,'2021-10-06 00:13:48','2021-10-06 00:13:48',NULL,'INLIS000000000000034','0010-1021000010','judul utama anak judul penanggung jawab','pengarang utama; pengarang tambahan; pengarang tambahan 2',NULL,'penerbit','tempat terbit','tahun terbit','tempat terbit penerbit tahun terbit;','subjek 1;subjek 2','jumlah halaman;ket ilustrasi;dimensi;bahan sertaan','issn; issn 2','No panggil','catatan; catatan 2','###',',Dewey No',NULL,1,1,1,0,NULL,1,NULL,NULL,NULL,NULL,NULL,NULL),
	(37,NULL,NULL,NULL,NULL,1,1,NULL,NULL,'2021-10-06 00:14:32','2021-10-06 00:14:32',NULL,'INLIS000000000000035','0010-1021000011','judul utama anak judul penanggung jawab','pengarang utama; pengarang tambahan; pengarang tambahan 2',NULL,'penerbit','tempat terbit','tahun terbit','tempat terbit penerbit tahun terbit;','subjek 1;subjek 2','jumlah halaman;ket ilustrasi;dimensi;bahan sertaan','issn; issn 2','No panggil','catatan; catatan 2','###',',Dewey No',NULL,1,1,1,0,NULL,1,NULL,NULL,NULL,NULL,NULL,NULL),
	(38,NULL,NULL,NULL,NULL,1,1,NULL,NULL,'2021-10-06 00:15:01','2021-10-06 00:15:01',NULL,'INLIS000000000000036','0010-1021000012','judul utama anak judul penanggung jawab','pengarang utama; pengarang tambahan; pengarang tambahan 2',NULL,'penerbit','tempat terbit','tahun terbit','tempat terbit penerbit tahun terbit;','subjek 1;subjek 2','jumlah halaman;ket ilustrasi;dimensi;bahan sertaan','issn; issn 2','No panggil','catatan; catatan 2','###',',Dewey No',NULL,1,1,1,0,NULL,1,NULL,NULL,NULL,NULL,NULL,NULL),
	(39,NULL,NULL,NULL,NULL,1,1,NULL,NULL,'2021-10-06 00:15:13','2021-10-06 00:15:13',NULL,'INLIS000000000000037','0010-1021000013','judul utama anak judul penanggung jawab','pengarang utama; pengarang tambahan; pengarang tambahan 2',NULL,'penerbit','tempat terbit','tahun terbit','tempat terbit penerbit tahun terbit;','subjek 1;subjek 2','jumlah halaman;ket ilustrasi;dimensi;bahan sertaan','issn; issn 2','No panggil','catatan; catatan 2','###',',Dewey No',NULL,1,1,1,0,NULL,1,NULL,NULL,NULL,NULL,NULL,NULL),
	(40,NULL,NULL,NULL,NULL,1,1,NULL,NULL,'2021-10-06 00:15:36','2021-10-06 00:15:36',NULL,'INLIS000000000000038','0010-1021000014','judul utama anak judul penanggung jawab','pengarang utama; pengarang tambahan; pengarang tambahan 2',NULL,'penerbit','tempat terbit','tahun terbit','tempat terbit penerbit tahun terbit;','subjek 1;subjek 2','jumlah halaman;ket ilustrasi;dimensi;bahan sertaan','issn; issn 2','No panggil','catatan; catatan 2','###',',Dewey No',NULL,1,1,1,1,NULL,1,NULL,NULL,NULL,NULL,NULL,NULL),
	(41,NULL,NULL,NULL,NULL,1,1,NULL,NULL,'2021-10-06 00:15:57','2021-10-06 00:15:57',NULL,'INLIS000000000000039','0010-1021000015','judul utama anak judul penanggung jawab','pengarang utama; pengarang tambahan; pengarang tambahan 2',NULL,'penerbit','tempat terbit','tahun terbit','tempat terbit penerbit tahun terbit;','subjek 1;subjek 2','jumlah halaman;ket ilustrasi;dimensi;bahan sertaan','issn; issn 2','No panggil','catatan; catatan 2','###',',Dewey No',NULL,1,1,1,1,NULL,1,NULL,NULL,NULL,NULL,NULL,NULL),
	(42,NULL,NULL,NULL,NULL,1,1,NULL,NULL,'2021-10-06 00:16:28','2021-10-06 00:16:28',NULL,'INLIS000000000000040','0010-1021000016','judul utama anak judul penanggung jawab','pengarang utama; pengarang tambahan; pengarang tambahan 2',NULL,'penerbit','tempat terbit','tahun terbit','tempat terbit penerbit tahun terbit;','subjek 1;subjek 2','jumlah halaman;ket ilustrasi;dimensi;bahan sertaan','issn; issn 2','No panggil','catatan; catatan 2','###',',Dewey No',NULL,1,1,1,1,NULL,1,NULL,NULL,NULL,NULL,NULL,NULL),
	(43,NULL,NULL,NULL,NULL,1,1,NULL,NULL,'2021-10-06 00:19:05','2021-10-06 00:19:05',NULL,'INLIS000000000000041','0010-1021000017','judul utama anak judul penanggung jawab','pengarang utama; pengarang tambahan; pengarang tambahan 2',NULL,'penerbit','tempat terbit','tahun terbit','tempat terbit penerbit tahun terbit;','subjek 1;subjek 2','jumlah halaman;ket ilustrasi;dimensi;bahan sertaan','issn; issn 2','No panggil','catatan; catatan 2','###',',Dewey No',NULL,1,1,1,1,NULL,1,NULL,NULL,NULL,NULL,NULL,NULL),
	(44,NULL,NULL,NULL,NULL,1,1,NULL,NULL,'2021-10-06 00:19:24','2021-10-06 00:19:24',NULL,'INLIS000000000000042','0010-1021000018','judul utama anak judul penanggung jawab','pengarang utama; pengarang tambahan; pengarang tambahan 2',NULL,'penerbit','tempat terbit','tahun terbit','tempat terbit penerbit tahun terbit;','subjek 1;subjek 2','jumlah halaman;ket ilustrasi;dimensi;bahan sertaan','issn; issn 2','No panggil','catatan; catatan 2','###',',Dewey No',NULL,1,1,1,1,NULL,1,NULL,NULL,NULL,NULL,NULL,NULL),
	(45,NULL,NULL,NULL,NULL,1,1,NULL,NULL,'2021-10-06 00:22:47','2021-10-06 00:22:47',NULL,'INLIS000000000000043','0010-1021000019','judul utama anak judul penanggung jawab','pengarang utama; pengarang tambahan; pengarang tambahan 2',NULL,'penerbit','tempat terbit','tahun terbit','tempat terbit penerbit tahun terbit;','subjek 1;subjek 2','jumlah halaman;ket ilustrasi;dimensi;bahan sertaan','issn; issn 2','No panggil','catatan; catatan 2','###',',Dewey No',NULL,1,1,1,1,NULL,1,NULL,NULL,NULL,NULL,NULL,NULL),
	(46,NULL,NULL,NULL,NULL,1,1,NULL,NULL,'2021-10-06 00:23:31','2021-10-06 00:23:31',NULL,'INLIS000000000000044','0010-1021000020','judul utama anak judul penanggung jawab','pengarang utama; pengarang tambahan; pengarang tambahan 2',NULL,'penerbit','tempat terbit','tahun terbit','tempat terbit penerbit tahun terbit;','subjek 1;subjek 2','jumlah halaman;ket ilustrasi;dimensi;bahan sertaan','issn; issn 2','No panggil','catatan; catatan 2','###',',Dewey No',NULL,1,1,1,1,NULL,1,NULL,NULL,NULL,NULL,NULL,NULL),
	(47,NULL,NULL,NULL,NULL,1,1,NULL,NULL,'2021-10-06 00:40:42','2021-10-06 00:40:42',NULL,'INLIS000000000000045','0010-1021000021','judul utama anak judul penanggung jawab','pengarang utama; pengarang tambahan; pengarang tambahan 2',NULL,'penerbit','tempat terbit','tahun terbit','tempat terbit penerbit tahun terbit;','subjek 1;subjek 2','jumlah halaman;ket ilustrasi;dimensi;bahan sertaan','issn; issn 2','No panggil','catatan; catatan 2','###',',Dewey No',NULL,1,1,1,1,NULL,1,NULL,NULL,NULL,NULL,NULL,NULL),
	(48,NULL,NULL,NULL,NULL,1,1,NULL,NULL,'2021-10-06 00:44:13','2021-10-06 00:44:13',NULL,'INLIS000000000000046','0010-1021000022','judul utama anak judul penanggung jawab','pengarang utama; pengarang tambahan; pengarang tambahan 2',NULL,'penerbit','tempat terbit','tahun terbit','tempat terbit penerbit tahun terbit;','subjek 1;subjek 2','jumlah halaman;ket ilustrasi;dimensi;bahan sertaan','issn; issn 2','No panggil','catatan; catatan 2','###',',Dewey No',NULL,1,1,1,1,NULL,1,NULL,NULL,NULL,NULL,NULL,NULL),
	(49,NULL,NULL,NULL,NULL,1,1,NULL,NULL,'2021-10-06 00:47:01','2021-10-06 00:47:01',NULL,'INLIS000000000000047','0010-1021000023','judul utama anak judul penanggung jawab','pengarang utama; pengarang tambahan; pengarang tambahan 2',NULL,'penerbit','tempat terbit','tahun terbit','tempat terbit penerbit tahun terbit;','subjek 1;subjek 2','jumlah halaman;ket ilustrasi;dimensi;bahan sertaan','issn; issn 2','No panggil','catatan; catatan 2','###',',Dewey No',NULL,1,1,1,1,NULL,1,NULL,NULL,NULL,NULL,NULL,NULL),
	(50,NULL,NULL,NULL,NULL,1,1,NULL,NULL,'2021-10-06 00:52:13','2021-10-06 00:52:13',NULL,'INLIS000000000000048','0010-1021000024','judul utama anak judul penanggung jawab','pengarang utama; pengarang tambahan; pengarang tambahan 2',NULL,'penerbit','tempat terbit','tahun terbit','tempat terbit penerbit tahun terbit;','subjek 1;subjek 2','jumlah halaman;ket ilustrasi;dimensi;bahan sertaan','issn; issn 2','No panggil','catatan; catatan 2','###',',Dewey No',NULL,1,1,1,1,NULL,1,NULL,NULL,NULL,NULL,NULL,NULL),
	(51,NULL,NULL,NULL,NULL,1,1,NULL,NULL,'2021-10-06 00:52:45','2021-10-06 00:52:45',NULL,'INLIS000000000000049','0010-1021000025','judul utama anak judul penanggung jawab','pengarang utama; pengarang tambahan; pengarang tambahan 2',NULL,'penerbit','tempat terbit','tahun terbit','tempat terbit penerbit tahun terbit;','subjek 1;subjek 2','jumlah halaman;ket ilustrasi;dimensi;bahan sertaan','issn; issn 2','No panggil','catatan; catatan 2','###',',Dewey No',NULL,1,1,1,1,NULL,1,NULL,NULL,NULL,NULL,NULL,NULL),
	(52,NULL,NULL,NULL,NULL,1,1,NULL,NULL,'2021-10-06 00:58:57','2021-10-06 00:58:57',NULL,'INLIS000000000000050','0010-1021000026','judul utama anak judul penanggung jawab','pengarang utama; pengarang tambahan; pengarang tambahan 2',NULL,'penerbit','tempat terbit','tahun terbit','tempat terbit penerbit tahun terbit;','subjek 1;subjek 2','jumlah halaman;ket ilustrasi;dimensi;bahan sertaan','issn; issn 2','No panggil','catatan; catatan 2','###',',Dewey No',NULL,1,1,1,1,NULL,1,NULL,NULL,NULL,NULL,NULL,NULL),
	(53,NULL,NULL,NULL,NULL,1,1,NULL,NULL,'2021-10-06 00:59:34','2021-10-06 00:59:34',NULL,'INLIS000000000000051','0010-1021000027','judul utama anak judul penanggung jawab','pengarang utama; pengarang tambahan; pengarang tambahan 2',NULL,'penerbit','tempat terbit','tahun terbit','tempat terbit penerbit tahun terbit;','subjek 1;subjek 2','jumlah halaman;ket ilustrasi;dimensi;bahan sertaan','issn; issn 2','No panggil','catatan; catatan 2','###',',Dewey No',NULL,1,1,1,1,NULL,1,NULL,NULL,NULL,NULL,NULL,NULL),
	(54,NULL,NULL,NULL,NULL,1,1,NULL,NULL,'2021-10-06 01:02:26','2021-10-06 01:02:26',NULL,'INLIS000000000000052','0010-1021000028','judul utama anak judul penanggung jawab','pengarang utama; pengarang tambahan; pengarang tambahan 2',NULL,'penerbit','tempat terbit','tahun terbit','tempat terbit penerbit tahun terbit;','subjek 1;subjek 2','jumlah halaman;ket ilustrasi;dimensi;bahan sertaan','issn; issn 2','No panggil','catatan; catatan 2','###',',Dewey No',NULL,1,1,1,1,NULL,1,NULL,NULL,NULL,NULL,NULL,NULL),
	(55,NULL,NULL,NULL,NULL,1,1,NULL,NULL,'2021-10-06 12:52:50','2021-10-06 12:52:50',NULL,'INLIS000000000000053','0010-1021000029','judul utama anak judul penanggung jawab','pengarang utama; pengarang tambahan; pengarang tambahan 2',NULL,'penerbit','tempat penerbit','tahun','tempat penerbit penerbit tahun;','subjek 1;subjek 2;subjek 3','jml halaman;ket ilustrasi;dimensi;bahan sertaan','issn ; issn 2','no panggil 1 no panggil 2','catatan 1; catatan 1','###','Dewey No',NULL,1,1,1,1,NULL,1,NULL,NULL,NULL,NULL,NULL,NULL),
	(56,NULL,NULL,NULL,NULL,1,1,NULL,NULL,'2021-10-06 12:55:43','2021-10-06 12:55:43',NULL,'INLIS000000000000054','0010-1021000030','judul utama anak judul penanggung jawab','pengarang utama; pengarang tambahan; pengarang tambahan 2',NULL,'penerbit','tempat penerbit','tahun','tempat penerbit penerbit tahun;','subjek 1;subjek 2;subjek 3','jml halaman;ket ilustrasi;dimensi;bahan sertaan','issn ; issn 2','no panggil 1 no panggil 2','catatan 1; catatan 1','###','Dewey No',NULL,1,1,1,1,NULL,1,NULL,NULL,NULL,NULL,NULL,NULL),
	(57,NULL,NULL,NULL,NULL,1,1,NULL,NULL,'2021-10-06 12:56:55','2021-10-06 12:56:55',NULL,'INLIS000000000000055','0010-1021000031','judul utama anak judul penanggung jawab','pengarang utama; pengarang tambahan; pengarang tambahan 2',NULL,'penerbit','tempat penerbit','tahun','tempat penerbit penerbit tahun;','subjek 1;subjek 2;subjek 3','jml halaman;ket ilustrasi;dimensi;bahan sertaan','issn ; issn 2','no panggil 1 no panggil 2','catatan 1; catatan 1','###','Dewey No',NULL,1,1,1,1,NULL,1,NULL,NULL,NULL,NULL,NULL,NULL),
	(58,NULL,NULL,NULL,NULL,1,1,NULL,NULL,'2021-10-06 13:00:21','2021-10-06 13:00:21',NULL,'INLIS000000000000056','0010-1021000032','judul utama anak judul penanggung jawab','pengarang utama; pengarang tambahan; pengarang tambahan 2',NULL,'penerbit','tempat penerbit','tahun','tempat penerbit penerbit tahun;','subjek 1;subjek 2;subjek 3','jml halaman;ket ilustrasi;dimensi;bahan sertaan','issn ; issn 2','no panggil 1 no panggil 2','catatan 1; catatan 1','###','Dewey No',NULL,1,1,1,1,NULL,1,NULL,NULL,NULL,NULL,NULL,NULL),
	(59,NULL,NULL,NULL,NULL,1,1,NULL,NULL,'2021-10-06 13:01:15','2021-10-06 13:01:15',NULL,'INLIS000000000000057','0010-1021000033','judul utama anak judul penanggung jawab','pengarang utama; pengarang tambahan; pengarang tambahan 2',NULL,'penerbit','tempat penerbit','tahun','tempat penerbit penerbit tahun;','subjek 1;subjek 2;subjek 3','jml halaman;ket ilustrasi;dimensi;bahan sertaan','issn ; issn 2','no panggil 1 no panggil 2','catatan 1; catatan 1','###','Dewey No',NULL,1,1,1,1,NULL,1,NULL,NULL,NULL,NULL,NULL,NULL),
	(60,NULL,NULL,NULL,NULL,1,1,NULL,NULL,'2021-10-06 13:02:47','2021-10-06 13:02:47',NULL,'INLIS000000000000058','0010-1021000034','judul utama anak judul penanggung jawab','pengarang utama; pengarang tambahan; pengarang tambahan 2',NULL,'penerbit','tempat penerbit','tahun','tempat penerbit penerbit tahun;','subjek 1;subjek 2;subjek 3','jml halaman;ket ilustrasi;dimensi;bahan sertaan','issn ; issn 2','no panggil 1 no panggil 2','catatan 1; catatan 1','###','Dewey No',NULL,1,1,1,1,NULL,1,NULL,NULL,NULL,NULL,NULL,NULL),
	(61,NULL,NULL,NULL,NULL,1,1,NULL,NULL,'2021-10-06 13:03:05','2021-10-06 13:03:05',NULL,'INLIS000000000000059','0010-1021000035','judul utama anak judul penanggung jawab','pengarang utama; pengarang tambahan; pengarang tambahan 2',NULL,'penerbit','tempat penerbit','tahun','tempat penerbit penerbit tahun;','subjek 1;subjek 2;subjek 3','jml halaman;ket ilustrasi;dimensi;bahan sertaan','issn ; issn 2','no panggil 1 no panggil 2','catatan 1; catatan 1','###','Dewey No',NULL,1,1,1,1,NULL,1,NULL,NULL,NULL,NULL,NULL,NULL),
	(62,NULL,NULL,NULL,NULL,1,1,NULL,NULL,'2021-10-06 13:03:47','2021-10-06 13:03:47',NULL,'INLIS000000000000060','0010-1021000036','judul utama anak judul penanggung jawab','pengarang utama; pengarang tambahan; pengarang tambahan 2',NULL,'penerbit','tempat penerbit','tahun','tempat penerbit penerbit tahun;','subjek 1;subjek 2;subjek 3','jml halaman;ket ilustrasi;dimensi;bahan sertaan','issn ; issn 2','no panggil 1 no panggil 2','catatan 1; catatan 1','###','Dewey No',NULL,1,1,1,1,NULL,1,NULL,NULL,NULL,NULL,NULL,NULL),
	(63,NULL,NULL,NULL,NULL,1,1,NULL,NULL,'2021-10-06 13:04:16','2021-10-06 13:04:16',NULL,'INLIS000000000000061','0010-1021000037','judul utama anak judul penanggung jawab','pengarang utama; pengarang tambahan; pengarang tambahan 2',NULL,'penerbit','tempat penerbit','tahun','tempat penerbit penerbit tahun;','subjek 1;subjek 2;subjek 3','jml halaman;ket ilustrasi;dimensi;bahan sertaan','issn ; issn 2','no panggil 1 no panggil 2','catatan 1; catatan 1','###','Dewey No',NULL,1,1,1,1,NULL,1,NULL,NULL,NULL,NULL,NULL,NULL),
	(64,NULL,NULL,NULL,NULL,1,1,NULL,NULL,'2021-10-06 13:04:25','2021-10-06 13:04:25',NULL,'INLIS000000000000062','0010-1021000038','judul utama anak judul penanggung jawab','pengarang utama; pengarang tambahan; pengarang tambahan 2',NULL,'penerbit','tempat penerbit','tahun','tempat penerbit penerbit tahun;','subjek 1;subjek 2;subjek 3','jml halaman;ket ilustrasi;dimensi;bahan sertaan','issn ; issn 2','no panggil 1 no panggil 2','catatan 1; catatan 1','###','Dewey No',NULL,1,1,1,1,NULL,1,NULL,NULL,NULL,NULL,NULL,NULL),
	(65,NULL,NULL,NULL,NULL,1,1,NULL,NULL,'2021-10-06 13:08:08','2021-10-06 13:08:08',NULL,'INLIS000000000000063','0010-1021000039','judul utama anak judul penanggung jawab','pengarang utama; pengarang tambahan; pengarang tambahan 2',NULL,'penerbit','tempat penerbit','tahun','tempat penerbit penerbit tahun;','subjek 1;subjek 2;subjek 3','jml halaman;ket ilustrasi;dimensi;bahan sertaan','issn ; issn 2','no panggil 1 no panggil 2','catatan 1; catatan 1','###','Dewey No',NULL,1,1,1,1,NULL,1,NULL,NULL,NULL,NULL,NULL,NULL),
	(66,NULL,NULL,NULL,NULL,1,1,NULL,NULL,'2021-10-06 13:09:21','2021-10-06 13:09:21',NULL,'INLIS000000000000064','0010-1021000040','judul utama anak judul penanggung jawab','pengarang utama; pengarang tambahan; pengarang tambahan 2',NULL,'penerbit','tempat penerbit','tahun','tempat penerbit penerbit tahun;','subjek 1;subjek 2;subjek 3','jml halaman;ket ilustrasi;dimensi;bahan sertaan','issn ; issn 2','no panggil 1 no panggil 2','catatan 1; catatan 1','###','Dewey No',NULL,1,1,1,1,NULL,1,NULL,NULL,NULL,NULL,NULL,NULL),
	(67,NULL,NULL,NULL,NULL,1,1,NULL,NULL,'2021-10-06 13:17:22','2021-10-06 13:17:22',NULL,'INLIS000000000000065','0010-1021000041','judul utama anak judul penanggung jawab','pengarang utama; pengarang tambahan; pengarang tambahan 2',NULL,'penerbit','tempat penerbit','tahun','tempat penerbit penerbit tahun;','subjek 1;subjek 2;subjek 3','jml halaman;ket ilustrasi;dimensi;bahan sertaan','issn ; issn 2','no panggil 1 no panggil 2','catatan 1; catatan 1','###','Dewey No',NULL,1,1,1,1,NULL,1,NULL,NULL,NULL,NULL,NULL,NULL),
	(68,NULL,NULL,NULL,NULL,1,1,NULL,NULL,'2021-10-06 17:06:05','2021-10-06 17:06:05',NULL,'INLIS000000000000066','0010-1021000042','  ','; ',NULL,'','','','  ;','',';;;','','','','###','',NULL,1,1,1,0,NULL,0,NULL,NULL,NULL,NULL,NULL,NULL),
	(69,NULL,NULL,NULL,NULL,1,1,NULL,NULL,'2021-10-10 02:53:26','2021-10-10 02:53:26',NULL,'INLIS000000000000067','0010-1021000043','  ','; ',NULL,'','','','  ;','',';;;','','','1','###','',NULL,1,1,1,0,NULL,0,NULL,NULL,NULL,NULL,NULL,NULL),
	(70,NULL,NULL,NULL,NULL,1,1,NULL,NULL,'2021-10-15 17:42:31','2021-10-15 17:42:31',NULL,'INLIS000000000000068','0010-1021000044','sdf sf sdf','; ',NULL,'','','','  ;','',';;;','','','','###','',NULL,1,1,1,0,NULL,1,NULL,NULL,NULL,NULL,NULL,NULL),
	(71,NULL,NULL,NULL,NULL,1,1,NULL,NULL,'2021-10-15 17:44:19','2021-10-20 07:53:25',NULL,'INLIS000000000000069','0010-1021000045','Test 123 Test 123 Test 123','Test 123; Test 123',NULL,'Test 123','Test 123','Test 123','Test 123 Test 123 Test 123;','Test 123','Test 123;Test 123;Test 123;Test 123','Test 123','','Test 123','###','Test 123',NULL,1,1,1,0,NULL,1,NULL,NULL,NULL,NULL,NULL,NULL),
	(72,NULL,NULL,NULL,NULL,1,1,NULL,NULL,'2021-10-20 07:36:12','2021-10-20 07:36:12',NULL,'INLIS000000000000070','0010-1021000046','Testing sdf df','; ',NULL,'','','','  ;','',';;;','','','','###','',NULL,1,1,1,0,NULL,6,NULL,NULL,NULL,NULL,NULL,NULL),
	(139,NULL,NULL,NULL,NULL,1,1,NULL,NULL,'2021-10-22 14:21:28','2021-10-22 14:21:28',NULL,'INLIS000000000000075','0010-1021000051','sfsdf;;',';',NULL,'','','','  ;','',';;;','','','','###','',NULL,1,1,1,0,NULL,1,NULL,NULL,NULL,NULL,NULL,NULL),
	(140,NULL,NULL,NULL,NULL,1,1,NULL,NULL,'2021-10-22 14:23:32','2021-10-22 14:23:32',NULL,'INLIS000000000000076','0010-1021000052','sdfsdf;;',';',NULL,'','','','  ;','',';;;','','','','###','',NULL,1,1,1,0,NULL,1,NULL,NULL,NULL,NULL,NULL,NULL),
	(141,NULL,NULL,NULL,NULL,1,1,NULL,NULL,'2021-10-22 15:03:40','2021-10-22 15:03:40',NULL,'INLIS000000000000077','0010-1021000053','fdsf;sdf;',';',NULL,'','','','  ;','',';;;','','','','###','',NULL,1,1,1,0,NULL,2,NULL,NULL,NULL,NULL,NULL,NULL),
	(142,NULL,NULL,NULL,NULL,1,1,NULL,NULL,'2021-10-22 15:03:44','2021-10-22 15:03:44',NULL,'INLIS000000000000078','0010-1021000054','fdsf;sdf;',';',NULL,'','','','  ;','',';;;','','','','###','',NULL,1,1,1,0,NULL,2,NULL,NULL,NULL,NULL,NULL,NULL),
	(143,NULL,NULL,NULL,NULL,1,1,NULL,NULL,'2021-10-22 15:24:00','2021-10-22 15:24:00',NULL,'INLIS000000000000079','0010-1021000055','sdfsdf;;',';',NULL,'','','','  ;','',';;;','','','','###','',NULL,1,1,1,0,NULL,2,NULL,NULL,NULL,NULL,NULL,NULL),
	(144,NULL,NULL,NULL,NULL,1,1,NULL,NULL,'2021-10-22 15:24:05','2021-10-22 15:24:05',NULL,'INLIS000000000000080','0010-1021000056','sdfsdf;;',';',NULL,'','','','  ;','',';;;','','','','###','',NULL,1,1,1,0,NULL,2,NULL,NULL,NULL,NULL,NULL,NULL),
	(145,NULL,NULL,NULL,NULL,1,1,NULL,NULL,'2021-10-22 15:27:56','2021-10-22 15:27:56',NULL,'INLIS000000000000081','0010-1021000057','sdsdf;;',';',NULL,'','','','  ;','',';;;','','','','###','',NULL,1,1,1,0,NULL,1,NULL,NULL,NULL,NULL,NULL,NULL),
	(146,NULL,NULL,NULL,NULL,1,1,NULL,NULL,'2021-10-29 11:13:30','2021-10-29 11:13:30',NULL,'INLIS000000000000082','0010-1021000058','Monograf 1;Anak Judul;Penanggung Jawab','Abdul;Tambahan',NULL,'Gramedia','Jakarta','2021','Jakarta Gramedia 2021;','Nama Orang','30 halaman;Ket Ilustrasi;30 x 25 cm;CD','123','330 ABD m;','Catatan 1;Catatan 2','ind','330',NULL,1,1,1,0,NULL,1,NULL,NULL,NULL,NULL,NULL,NULL);

/*!40000 ALTER TABLE `t_katalog` ENABLE KEYS */;
UNLOCK TABLES;


# Dump of table t_katalog_ruas
# ------------------------------------------------------------

DROP TABLE IF EXISTS `t_katalog_ruas`;

CREATE TABLE `t_katalog_ruas` (
  `id` int(10) unsigned NOT NULL AUTO_INCREMENT,
  `tag` char(3) DEFAULT NULL,
  `indicator1` char(3) DEFAULT NULL,
  `indicator2` char(3) DEFAULT NULL,
  `value` text,
  `katalog_id` int(11) DEFAULT NULL,
  `name` varchar(255) DEFAULT NULL,
  `slug` varchar(255) DEFAULT NULL,
  `sort` int(11) DEFAULT NULL,
  `description` varchar(255) DEFAULT '',
  `active` int(11) NOT NULL DEFAULT '1',
  `created_by` int(11) DEFAULT NULL,
  `updated_by` int(11) DEFAULT NULL,
  `deleted_by` int(11) DEFAULT NULL,
  `created_at` datetime DEFAULT NULL,
  `updated_at` datetime DEFAULT NULL,
  `deleted_at` datetime DEFAULT NULL,
  PRIMARY KEY (`id`)
) ENGINE=InnoDB DEFAULT CHARSET=utf8;

LOCK TABLES `t_katalog_ruas` WRITE;
/*!40000 ALTER TABLE `t_katalog_ruas` DISABLE KEYS */;

INSERT INTO `t_katalog_ruas` (`id`, `tag`, `indicator1`, `indicator2`, `value`, `katalog_id`, `name`, `slug`, `sort`, `description`, `active`, `created_by`, `updated_by`, `deleted_by`, `created_at`, `updated_at`, `deleted_at`)
VALUES
	(1,'008',NULL,NULL,'$a 211022###########################0######',140,NULL,NULL,NULL,'',1,NULL,NULL,NULL,'2021-10-22 14:23:32','2021-10-22 14:23:32',NULL),
	(2,'245','#','#','$a sdfsdf $b  $c  ',140,NULL,NULL,NULL,'',1,NULL,NULL,NULL,'2021-10-22 14:23:32','2021-10-22 14:23:32',NULL),
	(3,'247','#','#','$a ',140,NULL,NULL,NULL,'',1,NULL,NULL,NULL,'2021-10-22 14:23:32','2021-10-22 14:23:32',NULL),
	(4,'100','0','#','$a ',140,NULL,NULL,NULL,'',1,NULL,NULL,NULL,'2021-10-22 14:23:32','2021-10-22 14:23:32',NULL),
	(5,'700','#','#','$a ',140,NULL,NULL,NULL,'',1,NULL,NULL,NULL,'2021-10-22 14:23:32','2021-10-22 14:23:32',NULL),
	(6,'260','#','#','$a  $b  $c',140,NULL,NULL,NULL,'',1,NULL,NULL,NULL,'2021-10-22 14:23:32','2021-10-22 14:23:32',NULL),
	(7,'321','#','#','$a ',140,NULL,NULL,NULL,'',1,NULL,NULL,NULL,'2021-10-22 14:23:32','2021-10-22 14:23:32',NULL),
	(8,'300','#','#','$a  $b  $c  $e',140,NULL,NULL,NULL,'',1,NULL,NULL,NULL,'2021-10-22 14:23:32','2021-10-22 14:23:32',NULL),
	(9,'600','#','#','$a ',140,NULL,NULL,NULL,'',1,NULL,NULL,NULL,'2021-10-22 14:23:32','2021-10-22 14:23:32',NULL),
	(10,'082',NULL,NULL,'$a ',140,NULL,NULL,NULL,'',1,NULL,NULL,NULL,'2021-10-22 14:23:32','2021-10-22 14:23:32',NULL),
	(11,'084','0','#','$a ',140,NULL,NULL,NULL,'',1,NULL,NULL,NULL,'2021-10-22 14:23:32','2021-10-22 14:23:32',NULL),
	(12,'022','0','#','$a ',140,NULL,NULL,NULL,'',1,NULL,NULL,NULL,'2021-10-22 14:23:32','2021-10-22 14:23:32',NULL),
	(13,'520','#','#','$a ',140,NULL,NULL,NULL,'',1,NULL,NULL,NULL,'2021-10-22 14:23:32','2021-10-22 14:23:32',NULL),
	(14,'856','#','#','$a ',140,NULL,NULL,NULL,'',1,NULL,NULL,NULL,'2021-10-22 14:23:32','2021-10-22 14:23:32',NULL),
	(15,'001',NULL,NULL,'$a INLIS000000000000076',140,NULL,NULL,NULL,'',1,NULL,NULL,NULL,'2021-10-22 14:23:32','2021-10-22 14:23:32',NULL),
	(16,'035','#','#','$a 0010-1021000052',140,NULL,NULL,NULL,'',1,NULL,NULL,NULL,'2021-10-22 14:23:32','2021-10-22 14:23:32',NULL),
	(17,'005',NULL,NULL,'$a 20211022142332',140,NULL,NULL,NULL,'',1,NULL,NULL,NULL,'2021-10-22 14:23:32','2021-10-22 14:23:32',NULL),
	(18,'008',NULL,NULL,'$a 211022###########################0######',145,NULL,NULL,NULL,'',1,NULL,NULL,NULL,'2021-10-22 15:27:56','2021-10-22 15:27:56',NULL),
	(19,'245','#','#','$a sdsdf $b  $c  ',145,NULL,NULL,NULL,'',1,NULL,NULL,NULL,'2021-10-22 15:27:56','2021-10-22 15:27:56',NULL),
	(20,'247','#','#','$a ',145,NULL,NULL,NULL,'',1,NULL,NULL,NULL,'2021-10-22 15:27:56','2021-10-22 15:27:56',NULL),
	(21,'100','0','#','$a ',145,NULL,NULL,NULL,'',1,NULL,NULL,NULL,'2021-10-22 15:27:56','2021-10-22 15:27:56',NULL),
	(22,'700','#','#','$a ',145,NULL,NULL,NULL,'',1,NULL,NULL,NULL,'2021-10-22 15:27:56','2021-10-22 15:27:56',NULL),
	(23,'260','#','#','$a  $b  $c',145,NULL,NULL,NULL,'',1,NULL,NULL,NULL,'2021-10-22 15:27:56','2021-10-22 15:27:56',NULL),
	(24,'321','#','#','$a ',145,NULL,NULL,NULL,'',1,NULL,NULL,NULL,'2021-10-22 15:27:56','2021-10-22 15:27:56',NULL),
	(25,'300','#','#','$a  $b  $c  $e',145,NULL,NULL,NULL,'',1,NULL,NULL,NULL,'2021-10-22 15:27:56','2021-10-22 15:27:56',NULL),
	(26,'600','#','#','$a ',145,NULL,NULL,NULL,'',1,NULL,NULL,NULL,'2021-10-22 15:27:56','2021-10-22 15:27:56',NULL),
	(27,'082',NULL,NULL,'$a ',145,NULL,NULL,NULL,'',1,NULL,NULL,NULL,'2021-10-22 15:27:56','2021-10-22 15:27:56',NULL),
	(28,'084','0','#','$a ',145,NULL,NULL,NULL,'',1,NULL,NULL,NULL,'2021-10-22 15:27:56','2021-10-22 15:27:56',NULL),
	(29,'022','0','#','$a ',145,NULL,NULL,NULL,'',1,NULL,NULL,NULL,'2021-10-22 15:27:56','2021-10-22 15:27:56',NULL),
	(30,'520','#','#','$a ',145,NULL,NULL,NULL,'',1,NULL,NULL,NULL,'2021-10-22 15:27:56','2021-10-22 15:27:56',NULL),
	(31,'856','#','#','$a ',145,NULL,NULL,NULL,'',1,NULL,NULL,NULL,'2021-10-22 15:27:56','2021-10-22 15:27:56',NULL),
	(32,'001',NULL,NULL,'$a INLIS000000000000081',145,NULL,NULL,NULL,'',1,NULL,NULL,NULL,'2021-10-22 15:27:56','2021-10-22 15:27:56',NULL),
	(33,'035','#','#','$a 0010-1021000057',145,NULL,NULL,NULL,'',1,NULL,NULL,NULL,'2021-10-22 15:27:56','2021-10-22 15:27:56',NULL),
	(34,'005',NULL,NULL,'$a 20211022152756',145,NULL,NULL,NULL,'',1,NULL,NULL,NULL,'2021-10-22 15:27:56','2021-10-22 15:27:56',NULL),
	(35,'008',NULL,NULL,'$a 211029###########################0#ind##',146,NULL,NULL,NULL,'',1,NULL,NULL,NULL,'2021-10-29 11:13:30','2021-10-29 11:13:30',NULL),
	(36,'245','#','#','$a Monograf 1 $b Anak Judul $c Penanggung Jawab ',146,NULL,NULL,NULL,'',1,NULL,NULL,NULL,'2021-10-29 11:13:30','2021-10-29 11:13:30',NULL),
	(37,'247','#','#','$a Judul Sebelumnya',146,NULL,NULL,NULL,'',1,NULL,NULL,NULL,'2021-10-29 11:13:30','2021-10-29 11:13:30',NULL),
	(38,'100','0','#','$a Abdul',146,NULL,NULL,NULL,'',1,NULL,NULL,NULL,'2021-10-29 11:13:30','2021-10-29 11:13:30',NULL),
	(39,'700','#','#','$a Tambahan',146,NULL,NULL,NULL,'',1,NULL,NULL,NULL,'2021-10-29 11:13:30','2021-10-29 11:13:30',NULL),
	(40,'260','#','#','$a Jakarta $b Gramedia $c 2021',146,NULL,NULL,NULL,'',1,NULL,NULL,NULL,'2021-10-29 11:13:30','2021-10-29 11:13:30',NULL),
	(41,'321','#','#','$a mingguan',146,NULL,NULL,NULL,'',1,NULL,NULL,NULL,'2021-10-29 11:13:30','2021-10-29 11:13:30',NULL),
	(42,'300','#','#','$a 30 halaman $b Ket Ilustrasi $c 30 x 25 cm $e CD',146,NULL,NULL,NULL,'',1,NULL,NULL,NULL,'2021-10-29 11:13:30','2021-10-29 11:13:30',NULL),
	(43,'600','#','#','$a Nama Orang',146,NULL,NULL,NULL,'',1,NULL,NULL,NULL,'2021-10-29 11:13:30','2021-10-29 11:13:30',NULL),
	(44,'082',NULL,NULL,'$a 330',146,NULL,NULL,NULL,'',1,NULL,NULL,NULL,'2021-10-29 11:13:30','2021-10-29 11:13:30',NULL),
	(45,'084','0','#','$a ',146,NULL,NULL,NULL,'',1,NULL,NULL,NULL,'2021-10-29 11:13:30','2021-10-29 11:13:30',NULL),
	(46,'022','0','#','$a 123',146,NULL,NULL,NULL,'',1,NULL,NULL,NULL,'2021-10-29 11:13:30','2021-10-29 11:13:30',NULL),
	(47,'520','#','#','$a Catatan 2',146,NULL,NULL,NULL,'',1,NULL,NULL,NULL,'2021-10-29 11:13:30','2021-10-29 11:13:30',NULL),
	(48,'856','#','#','$a url2',146,NULL,NULL,NULL,'',1,NULL,NULL,NULL,'2021-10-29 11:13:30','2021-10-29 11:13:30',NULL),
	(49,'001',NULL,NULL,'$a INLIS000000000000082',146,NULL,NULL,NULL,'',1,NULL,NULL,NULL,'2021-10-29 11:13:30','2021-10-29 11:13:30',NULL),
	(50,'035','#','#','$a 0010-1021000058',146,NULL,NULL,NULL,'',1,NULL,NULL,NULL,'2021-10-29 11:13:30','2021-10-29 11:13:30',NULL),
	(51,'005',NULL,NULL,'$a 20211029111330',146,NULL,NULL,NULL,'',1,NULL,NULL,NULL,'2021-10-29 11:13:30','2021-10-29 11:13:30',NULL);

/*!40000 ALTER TABLE `t_katalog_ruas` ENABLE KEYS */;
UNLOCK TABLES;


# Dump of table t_eksemplar
# ------------------------------------------------------------

DROP TABLE IF EXISTS `t_eksemplar`;

CREATE TABLE `t_eksemplar` (
  `id` mediumint(11) unsigned NOT NULL AUTO_INCREMENT,
  `NomorBarcode` varchar(150) DEFAULT NULL,
  `NoInduk` varchar(150) DEFAULT NULL,
  `RFID` varchar(50) DEFAULT NULL,
  `ref_currency` varchar(50) DEFAULT NULL,
  `CallNumber` varchar(50) DEFAULT NULL,
  `Price` decimal(11,0) DEFAULT NULL,
  `PriceType` varchar(45) DEFAULT NULL,
  `TanggalPengadaan` datetime DEFAULT NULL,
  `catalog_id` int(11) DEFAULT NULL,
  `ref_Branch` int(11) DEFAULT NULL,
  `ref_partner` int(11) DEFAULT NULL,
  `Location_id` int(11) DEFAULT NULL,
  `ref_rules` int(11) DEFAULT NULL,
  `ref_category` int(11) DEFAULT NULL,
  `ref_media` int(11) DEFAULT NULL,
  `ref_source` int(11) DEFAULT NULL,
  `ref_status` int(11) DEFAULT NULL,
  `Location_library_id` int(11) DEFAULT NULL,
  `Keterangan_Sumber` varchar(255) DEFAULT NULL,
  `slug` varchar(150) DEFAULT NULL,
  `sort` mediumint(8) DEFAULT NULL,
  `description` varchar(255) DEFAULT NULL,
  `active` tinyint(1) unsigned NOT NULL DEFAULT '1',
  `IsQUARANINE` tinyint(1) unsigned NOT NULL DEFAULT '1',
  `QUARANTINEBY` int(11) DEFAULT NULL,
  `QUARANTINEDATE` datetime DEFAULT NULL,
  `ISREFERENSI` tinyint(1) unsigned NOT NULL DEFAULT '1',
  `ISOPAC` tinyint(1) unsigned NOT NULL DEFAULT '1',
  `EDISISERIAL` varchar(255) DEFAULT NULL,
  `NoJIlid` int(11) DEFAULT NULL,
  `Bahan_Sertaan` varchar(255) DEFAULT NULL,
  `created_by` int(11) DEFAULT NULL,
  `updated_by` int(11) DEFAULT NULL,
  `Tanggal_terbit_Edisi_Serial` date DEFAULT NULL,
  `Keterangan_lain` varchar(255) DEFAULT NULL,
  `Tanggal_Entry_Jilid` datetime DEFAULT NULL,
  `BookingMemberID` varchar(50) DEFAULT NULL,
  `BookingExpiredDate` datetime DEFAULT NULL,
  `ThnTerbitDeposit` int(11) DEFAULT NULL,
  `Deposit_ws_id` int(11) DEFAULT NULL,
  `Deposit_kode_wilayah_id` int(11) DEFAULT NULL,
  `NomorDeposit` varchar(25) DEFAULT NULL,
  `Nomor_Regis` varchar(11) DEFAULT NULL,
  `created_at` datetime DEFAULT NULL,
  `updated_at` datetime DEFAULT NULL,
  `deleted_at` datetime DEFAULT NULL,
  PRIMARY KEY (`id`)
) ENGINE=InnoDB DEFAULT CHARSET=utf8;

LOCK TABLES `t_eksemplar` WRITE;
/*!40000 ALTER TABLE `t_eksemplar` DISABLE KEYS */;

INSERT INTO `t_eksemplar` (`id`, `NomorBarcode`, `NoInduk`, `RFID`, `ref_currency`, `CallNumber`, `Price`, `PriceType`, `TanggalPengadaan`, `catalog_id`, `ref_Branch`, `ref_partner`, `Location_id`, `ref_rules`, `ref_category`, `ref_media`, `ref_source`, `ref_status`, `Location_library_id`, `Keterangan_Sumber`, `slug`, `sort`, `description`, `active`, `IsQUARANINE`, `QUARANTINEBY`, `QUARANTINEDATE`, `ISREFERENSI`, `ISOPAC`, `EDISISERIAL`, `NoJIlid`, `Bahan_Sertaan`, `created_by`, `updated_by`, `Tanggal_terbit_Edisi_Serial`, `Keterangan_lain`, `Tanggal_Entry_Jilid`, `BookingMemberID`, `BookingExpiredDate`, `ThnTerbitDeposit`, `Deposit_ws_id`, `Deposit_kode_wilayah_id`, `NomorDeposit`, `Nomor_Regis`, `created_at`, `updated_at`, `deleted_at`)
VALUES
	(1,'BRCD0000001','20210000001',NULL,'1','',0,'Per jilid','2021-10-08 00:00:00',NULL,NULL,NULL,NULL,NULL,NULL,NULL,NULL,NULL,NULL,NULL,NULL,NULL,NULL,1,1,NULL,NULL,1,1,NULL,NULL,NULL,1,NULL,NULL,NULL,NULL,NULL,NULL,NULL,NULL,NULL,NULL,NULL,'2021-10-08 17:12:21','2021-10-08 17:12:21',NULL),
	(2,'BRCD0000002','20210000002',NULL,'1','',0,'Per jilid','2021-10-08 00:00:00',NULL,NULL,NULL,NULL,NULL,NULL,NULL,NULL,NULL,NULL,NULL,NULL,NULL,NULL,1,1,NULL,NULL,1,1,NULL,NULL,NULL,1,NULL,NULL,NULL,NULL,NULL,NULL,NULL,NULL,NULL,NULL,NULL,'2021-10-08 17:12:21','2021-10-08 17:12:21',NULL),
	(3,'BRCD0000003','20210000003',NULL,'1','',0,'Per jilid','2021-10-08 00:00:00',NULL,NULL,NULL,NULL,NULL,NULL,NULL,NULL,NULL,NULL,NULL,NULL,NULL,NULL,1,1,NULL,NULL,1,1,NULL,NULL,NULL,1,NULL,NULL,NULL,NULL,NULL,NULL,NULL,NULL,NULL,NULL,NULL,'2021-10-08 17:12:21','2021-10-08 17:12:21',NULL),
	(4,'BRCD0000004','20210000001',NULL,'1','',0,'Per jilid','2021-10-08 00:00:00',NULL,NULL,NULL,NULL,NULL,NULL,NULL,NULL,NULL,NULL,NULL,NULL,NULL,NULL,1,1,NULL,NULL,1,1,NULL,NULL,NULL,1,NULL,NULL,NULL,NULL,NULL,NULL,NULL,NULL,NULL,NULL,NULL,'2021-10-08 17:12:40','2021-10-08 17:12:40',NULL),
	(5,'BRCD0000005','20210000002',NULL,'1','',0,'Per jilid','2021-10-08 00:00:00',NULL,NULL,NULL,NULL,NULL,NULL,NULL,NULL,NULL,NULL,NULL,NULL,NULL,NULL,1,1,NULL,NULL,1,1,NULL,NULL,NULL,1,NULL,NULL,NULL,NULL,NULL,NULL,NULL,NULL,NULL,NULL,NULL,'2021-10-08 17:12:40','2021-10-08 17:12:40',NULL),
	(6,'BRCD0000006','20210000003',NULL,'1','',0,'Per jilid','2021-10-08 00:00:00',NULL,NULL,NULL,NULL,NULL,NULL,NULL,NULL,NULL,NULL,NULL,NULL,NULL,NULL,1,1,NULL,NULL,1,1,NULL,NULL,NULL,1,NULL,NULL,NULL,NULL,NULL,NULL,NULL,NULL,NULL,NULL,NULL,'2021-10-08 17:12:40','2021-10-08 17:12:40',NULL);

/*!40000 ALTER TABLE `t_eksemplar` ENABLE KEYS */;
UNLOCK TABLES;


# Dump of table t_keranjanganggota
# ------------------------------------------------------------

DROP TABLE IF EXISTS `t_keranjanganggota`;

CREATE TABLE `t_keranjanganggota` (
  `id` mediumint(11) unsigned NOT NULL AUTO_INCREMENT,
  `t_anggota_id` int(11) DEFAULT NULL,
  `sort` mediumint(8) DEFAULT NULL,
  `description` varchar(255) DEFAULT NULL,
  `active` tinyint(1) unsigned NOT NULL DEFAULT '1',
  `created_by` int(11) DEFAULT NULL,
  `updated_by` int(11) DEFAULT NULL,
  `created_at` datetime DEFAULT NULL,
  `updated_at` datetime DEFAULT NULL,
  `deleted_at` datetime DEFAULT NULL,
  PRIMARY KEY (`id`)
) ENGINE=InnoDB DEFAULT CHARSET=utf8;



# Dump of table t_kontendigital
# ------------------------------------------------------------

DROP TABLE IF EXISTS `t_kontendigital`;

CREATE TABLE `t_kontendigital` (
  `id` mediumint(11) unsigned NOT NULL AUTO_INCREMENT,
  `name` varchar(150) DEFAULT NULL,
  `slug` varchar(150) DEFAULT NULL,
  `sort` mediumint(8) DEFAULT NULL,
  `description` varchar(255) DEFAULT NULL,
  `active` tinyint(1) unsigned NOT NULL DEFAULT '1',
  `created_by` int(11) DEFAULT NULL,
  `updated_by` int(11) DEFAULT NULL,
  `created_at` datetime DEFAULT NULL,
  `updated_at` datetime DEFAULT NULL,
  `deleted_at` datetime DEFAULT NULL,
  PRIMARY KEY (`id`)
) ENGINE=InnoDB DEFAULT CHARSET=utf8;



# Dump of table t_kontendigitalartikel
# ------------------------------------------------------------

DROP TABLE IF EXISTS `t_kontendigitalartikel`;

CREATE TABLE `t_kontendigitalartikel` (
  `id` mediumint(11) unsigned NOT NULL AUTO_INCREMENT,
  `name` varchar(150) DEFAULT NULL,
  `slug` varchar(150) DEFAULT NULL,
  `sort` mediumint(8) DEFAULT NULL,
  `description` varchar(255) DEFAULT NULL,
  `active` tinyint(1) unsigned NOT NULL DEFAULT '1',
  `created_by` int(11) DEFAULT NULL,
  `updated_by` int(11) DEFAULT NULL,
  `created_at` datetime DEFAULT NULL,
  `updated_at` datetime DEFAULT NULL,
  `deleted_at` datetime DEFAULT NULL,
  PRIMARY KEY (`id`)
) ENGINE=InnoDB DEFAULT CHARSET=utf8;



# Dump of table t_membership
# ------------------------------------------------------------

DROP TABLE IF EXISTS `t_membership`;

CREATE TABLE `t_membership` (
  `id` mediumint(11) unsigned NOT NULL AUTO_INCREMENT,
  `name` varchar(150) DEFAULT NULL,
  `slug` varchar(150) DEFAULT NULL,
  `sort` mediumint(8) DEFAULT NULL,
  `description` varchar(255) DEFAULT NULL,
  `active` tinyint(1) unsigned NOT NULL DEFAULT '1',
  `created_by` int(11) DEFAULT NULL,
  `updated_by` int(11) DEFAULT NULL,
  `created_at` datetime DEFAULT NULL,
  `updated_at` datetime DEFAULT NULL,
  `deleted_at` datetime DEFAULT NULL,
  PRIMARY KEY (`id`)
) ENGINE=InnoDB DEFAULT CHARSET=utf8;

LOCK TABLES `t_membership` WRITE;
/*!40000 ALTER TABLE `t_membership` DISABLE KEYS */;

INSERT INTO `t_membership` (`id`, `name`, `slug`, `sort`, `description`, `active`, `created_by`, `updated_by`, `created_at`, `updated_at`, `deleted_at`)
VALUES
	(1,'Test','test',0,'Test',1,1,NULL,'2021-07-06 09:51:47','2021-07-06 09:51:47',NULL);

/*!40000 ALTER TABLE `t_membership` ENABLE KEYS */;
UNLOCK TABLES;


# Dump of table t_page
# ------------------------------------------------------------

DROP TABLE IF EXISTS `t_page`;

CREATE TABLE `t_page` (
  `id` mediumint(11) unsigned NOT NULL AUTO_INCREMENT,
  `name` varchar(150) DEFAULT NULL,
  `slug` varchar(150) DEFAULT NULL,
  `sort` mediumint(8) DEFAULT NULL,
  `description` varchar(255) DEFAULT NULL,
  `category_id` int(11) DEFAULT NULL,
  `content` text,
  `file_image` varchar(255) DEFAULT NULL,
  `file_pdf` varchar(255) DEFAULT NULL,
  `active` tinyint(1) unsigned NOT NULL DEFAULT '1',
  `created_by` int(11) DEFAULT NULL,
  `updated_by` int(11) DEFAULT NULL,
  `created_at` datetime DEFAULT NULL,
  `updated_at` datetime DEFAULT NULL,
  `deleted_at` datetime DEFAULT NULL,
  PRIMARY KEY (`id`)
) ENGINE=InnoDB DEFAULT CHARSET=utf8;

LOCK TABLES `t_page` WRITE;
/*!40000 ALTER TABLE `t_page` DISABLE KEYS */;

INSERT INTO `t_page` (`id`, `name`, `slug`, `sort`, `description`, `category_id`, `content`, `file_image`, `file_pdf`, `active`, `created_by`, `updated_by`, `created_at`, `updated_at`, `deleted_at`)
VALUES
	(1,'sdf','sdf',0,'sdf',26,'<p><span style=\"font-family: \'Book Antiqua\';\">sdf</span></p>','1634272486_32cb1517029c995c49cb.png',NULL,1,1,NULL,'2021-10-08 14:04:10','2021-10-15 11:34:47',NULL);

/*!40000 ALTER TABLE `t_page` ENABLE KEYS */;
UNLOCK TABLES;


# Dump of table t_pelanggaran
# ------------------------------------------------------------

DROP TABLE IF EXISTS `t_pelanggaran`;

CREATE TABLE `t_pelanggaran` (
  `id` mediumint(11) unsigned NOT NULL AUTO_INCREMENT,
  `CollectionLoan_id` int(11) DEFAULT NULL,
  `CollectionLoanItem_id` int(11) DEFAULT NULL,
  `JenisPelanggaran_id` int(11) DEFAULT NULL,
  `JenisDenda_id` int(11) DEFAULT NULL,
  `JumlahDenda` decimal(10,0) DEFAULT NULL,
  `Collection_id` int(11) DEFAULT NULL,
  `Member_id` int(11) DEFAULT NULL,
  `JumlahSuspend` int(11) DEFAULT NULL,
  `slug` varchar(150) DEFAULT NULL,
  `created_by` int(11) DEFAULT NULL,
  `updated_by` int(11) DEFAULT NULL,
  `created_at` datetime DEFAULT NULL,
  `updated_at` datetime DEFAULT NULL,
  `deleted_at` datetime DEFAULT NULL,
  PRIMARY KEY (`id`)
) ENGINE=InnoDB DEFAULT CHARSET=utf8;



# Dump of table t_references
# ------------------------------------------------------------

DROP TABLE IF EXISTS `t_references`;

CREATE TABLE `t_references` (
  `id` int(11) NOT NULL AUTO_INCREMENT,
  `name` varchar(255) NOT NULL DEFAULT '',
  `slug` varchar(255) DEFAULT NULL,
  `sort` int(11) DEFAULT NULL,
  `description` varchar(255) DEFAULT NULL,
  `active` int(11) NOT NULL DEFAULT '1',
  `created_by` int(11) DEFAULT NULL,
  `updated_by` int(11) DEFAULT NULL,
  `deleted_by` int(11) DEFAULT NULL,
  `created_at` datetime DEFAULT NULL,
  `updated_at` datetime DEFAULT NULL,
  `deleted_at` datetime DEFAULT NULL,
  PRIMARY KEY (`id`)
) ENGINE=InnoDB DEFAULT CHARSET=latin1;

LOCK TABLES `t_references` WRITE;
/*!40000 ALTER TABLE `t_references` DISABLE KEYS */;

INSERT INTO `t_references` (`id`, `name`, `slug`, `sort`, `description`, `active`, `created_by`, `updated_by`, `deleted_by`, `created_at`, `updated_at`, `deleted_at`)
VALUES
	(1,'Jenis tahun terbit',NULL,NULL,NULL,1,NULL,NULL,NULL,NULL,NULL,NULL),
	(2,'Kelompok sasaran',NULL,NULL,NULL,1,NULL,NULL,NULL,NULL,NULL,NULL),
	(3,'Cantuman sudah dimodifikasi',NULL,NULL,NULL,1,NULL,NULL,NULL,NULL,NULL,NULL),
	(4,'Sumber pengkatalogan',NULL,NULL,NULL,1,NULL,NULL,NULL,NULL,NULL,NULL),
	(5,'Bahasa',NULL,NULL,NULL,1,NULL,NULL,NULL,NULL,NULL,NULL),
	(6,'Terbitan pemerintah',NULL,NULL,NULL,1,NULL,NULL,NULL,NULL,NULL,NULL),
	(7,'Tempat terbit, produksi atau pelaksanaan',NULL,NULL,NULL,1,NULL,NULL,NULL,NULL,NULL,NULL),
	(8,'Indeks',NULL,NULL,NULL,1,NULL,NULL,NULL,NULL,NULL,NULL),
	(9,'Bentuk bahan',NULL,NULL,NULL,1,NULL,NULL,NULL,NULL,NULL,NULL),
	(10,'Feskrif',NULL,NULL,NULL,1,NULL,NULL,NULL,NULL,NULL,NULL),
	(11,'Ruas 006 - Monograf - Bentuk bahan pustaka',NULL,NULL,NULL,1,NULL,NULL,NULL,NULL,NULL,NULL),
	(12,'Ruas 007 - Monograf - Jenis bahan pustaka',NULL,NULL,NULL,1,NULL,NULL,NULL,NULL,NULL,NULL),
	(13,'Ruas 007 - Monograf - Keterangan bahan khusus',NULL,NULL,NULL,1,NULL,NULL,NULL,NULL,NULL,NULL),
	(14,'Ruas 008 - Monograf - Ilustrasi',NULL,NULL,NULL,1,NULL,NULL,NULL,NULL,NULL,NULL),
	(15,'Ruas 008 - Monograf - Isi',NULL,NULL,NULL,1,NULL,NULL,NULL,NULL,NULL,NULL),
	(16,'Ruas 008 - Monograf - Terbitan konferensi',NULL,NULL,NULL,1,NULL,NULL,NULL,NULL,NULL,NULL),
	(17,'Ruas 008 - Monograf - Bentuk Karya Tulis',NULL,NULL,NULL,1,NULL,NULL,NULL,NULL,NULL,NULL),
	(18,'Ruas 008 - Monograf - Biografi',NULL,NULL,NULL,1,NULL,NULL,NULL,NULL,NULL,NULL),
	(19,'Ruas 006 - Berkas Komputer - Bentuk bahan pustaka',NULL,NULL,NULL,1,NULL,NULL,NULL,NULL,NULL,NULL),
	(20,'Ruas 007 - Berkas Komputer - Jenis bahan pustaka',NULL,NULL,NULL,1,NULL,NULL,NULL,NULL,NULL,NULL),
	(21,'Ruas 007 - Berkas Komputer - Keterangan bahan khusus',NULL,NULL,NULL,1,NULL,NULL,NULL,NULL,NULL,NULL),
	(22,'Ruas 007 - Berkas Komputer - Warna',NULL,NULL,NULL,1,NULL,NULL,NULL,NULL,NULL,NULL),
	(23,'Ruas 007 - Berkas Komputer - Dimensi',NULL,NULL,NULL,1,NULL,NULL,NULL,NULL,NULL,NULL),
	(24,'Ruas 007 - Berkas Komputer - Suara',NULL,NULL,NULL,1,NULL,NULL,NULL,NULL,NULL,NULL),
	(25,'Ruas 007 - Berkas Komputer - Kedalaman citra bit',NULL,NULL,NULL,1,NULL,NULL,NULL,NULL,NULL,NULL),
	(26,'Ruas 007 - Berkas Komputer - Format berkas',NULL,NULL,NULL,1,NULL,NULL,NULL,NULL,NULL,NULL),
	(27,'Ruas 007 - Berkas Komputer - Sasaran pencapaian kualitas',NULL,NULL,NULL,1,NULL,NULL,NULL,NULL,NULL,NULL),
	(28,'Ruas 007 - Berkas Komputer - Sumber',NULL,NULL,NULL,1,NULL,NULL,NULL,NULL,NULL,NULL),
	(29,'Ruas 007 - Berkas Komputer - Tingkat pemampatan',NULL,NULL,NULL,1,NULL,NULL,NULL,NULL,NULL,NULL),
	(30,'Ruas 007 - Berkas Komputer - Kualitas format ulang',NULL,NULL,NULL,1,NULL,NULL,NULL,NULL,NULL,NULL),
	(31,'Ruas 008 - Berkas Komputer - Bentuk Bahan',NULL,NULL,NULL,1,NULL,NULL,NULL,NULL,NULL,NULL),
	(32,'Ruas 008 - Berkas Komputer - Jenis Berkas Komputer',NULL,NULL,NULL,1,NULL,NULL,NULL,NULL,NULL,NULL),
	(34,'Ruas 007 - Citra Bergerak - Jenis bahan pustaka',NULL,NULL,NULL,1,NULL,NULL,NULL,NULL,NULL,NULL),
	(35,'Ruas 007 - Citra Bergerak - Keterangan bahan khusus',NULL,NULL,NULL,1,NULL,NULL,NULL,NULL,NULL,NULL),
	(36,'Ruas 007 - Citra Bergerak - Warna',NULL,NULL,NULL,1,NULL,NULL,NULL,NULL,NULL,NULL),
	(37,'Ruas 007 - Citra Bergerak - Format penyajian citra bergerak',NULL,NULL,NULL,1,NULL,NULL,NULL,NULL,NULL,NULL),
	(38,'Ruas 007 - Citra Bergerak - Suara dalam medium',NULL,NULL,NULL,1,NULL,NULL,NULL,NULL,NULL,NULL),
	(39,'Ruas 007 - Citra Bergerak - Medium suara',NULL,NULL,NULL,1,NULL,NULL,NULL,NULL,NULL,NULL),
	(40,'Ruas 007 - Citra Bergerak - Dimensi',NULL,NULL,NULL,1,NULL,NULL,NULL,NULL,NULL,NULL),
	(41,'Ruas 007 - Citra Bergerak - Konfigurasi',NULL,NULL,NULL,1,NULL,NULL,NULL,NULL,NULL,NULL),
	(42,'Ruas 008 - Citra Bergerak - Lama waktu tayang',NULL,NULL,NULL,1,NULL,NULL,NULL,NULL,NULL,NULL),
	(43,'Ruas 008 - Citra Bergerak - Jenis bahan pustaka visual',NULL,NULL,NULL,1,NULL,NULL,NULL,NULL,NULL,NULL),
	(44,'Ruas 008 - Citra Bergerak - Teknik',NULL,NULL,NULL,1,NULL,NULL,NULL,NULL,NULL,NULL),
	(45,'Ruas 006 - Sumber Berkesinambungan - Bentuk bahan pustaka',NULL,NULL,NULL,1,NULL,NULL,NULL,NULL,NULL,NULL),
	(46,'Ruas 007 - Sumber Berkesinambungan - Jenis bahan pustaka',NULL,NULL,NULL,1,NULL,NULL,NULL,NULL,NULL,NULL),
	(47,'Ruas 007 - Sumber Berkesinambungan - Keterangan bahan khusus',NULL,NULL,NULL,1,NULL,NULL,NULL,NULL,NULL,NULL),
	(48,'Ruas 008 - Sumber Berkesinambungan - Frekuensi',NULL,NULL,NULL,1,NULL,NULL,NULL,NULL,NULL,NULL),
	(49,'Ruas 008 - Sumber Berkesinambungan - Keteraturan',NULL,NULL,NULL,1,NULL,NULL,NULL,NULL,NULL,NULL),
	(50,'Ruas 008 - Sumber Berkesinambungan - Jenis sumber daya berlanjut',NULL,NULL,NULL,1,NULL,NULL,NULL,NULL,NULL,NULL),
	(51,'Ruas 008 - Sumber Berkesinambungan - Bentuk bahan asli',NULL,NULL,NULL,1,NULL,NULL,NULL,NULL,NULL,NULL),
	(52,'Ruas 008 - Sumber Berkesinambungan - Bentuk bahan',NULL,NULL,NULL,1,NULL,NULL,NULL,NULL,NULL,NULL),
	(53,'Ruas 008 - Sumber Berkesinambungan - Isi keseluruhan',NULL,NULL,NULL,1,NULL,NULL,NULL,NULL,NULL,NULL),
	(54,'Ruas 008 - Sumber Berkesinambungan - Isi',NULL,NULL,NULL,1,NULL,NULL,NULL,NULL,NULL,NULL),
	(55,'Ruas 008 - Sumber Berkesinambungan - Terbitan pemerintah',NULL,NULL,NULL,1,NULL,NULL,NULL,NULL,NULL,NULL),
	(56,'Ruas 008 - Sumber Berkesinambungan - Terbitan konferensi',NULL,NULL,NULL,1,NULL,NULL,NULL,NULL,NULL,NULL),
	(57,'Ruas 008 - Sumber Berkesinambungan - Abjad atau aksara asli pada judul',NULL,NULL,NULL,1,NULL,NULL,NULL,NULL,NULL,NULL),
	(58,'Ruas 008 - Sumber Berkesinambungan - Konvensi entri',NULL,NULL,NULL,1,NULL,NULL,NULL,NULL,NULL,NULL),
	(59,'Ruas 006 - Peta - Bentuk bahan pustaka',NULL,NULL,NULL,1,NULL,NULL,NULL,NULL,NULL,NULL),
	(60,'Ruas 007 - Peta - Jenis bahan pustaka',NULL,NULL,NULL,1,NULL,NULL,NULL,NULL,NULL,NULL),
	(61,'Ruas 007 - Peta - Keterangan bahan khusus',NULL,NULL,NULL,1,NULL,NULL,NULL,NULL,NULL,NULL),
	(62,'Ruas 007 - Peta - Warna',NULL,NULL,NULL,1,NULL,NULL,NULL,NULL,NULL,NULL),
	(63,'Ruas 007 - Peta - Medium fisik',NULL,NULL,NULL,1,NULL,NULL,NULL,NULL,NULL,NULL),
	(64,'Ruas 007 - Peta - Jenis reproduksi',NULL,NULL,NULL,1,NULL,NULL,NULL,NULL,NULL,NULL),
	(65,'Ruas 007 - Peta - Keterangan produksi/reproduksi',NULL,NULL,NULL,1,NULL,NULL,NULL,NULL,NULL,NULL),
	(66,'Ruas 007 - Peta - Aspek positif/negatif',NULL,NULL,NULL,1,NULL,NULL,NULL,NULL,NULL,NULL),
	(67,'Ruas 008 - Peta - Relief',NULL,NULL,NULL,1,NULL,NULL,NULL,NULL,NULL,NULL),
	(68,'Ruas 008 - Peta - Proyeksi',NULL,NULL,NULL,1,NULL,NULL,NULL,NULL,NULL,NULL),
	(69,'Ruas 008 - Peta - Jenis Bahan Kartografis',NULL,NULL,NULL,1,NULL,NULL,NULL,NULL,NULL,NULL),
	(70,'Ruas 008 - Peta - Karakteristik bentuk khusus',NULL,NULL,NULL,1,NULL,NULL,NULL,NULL,NULL,NULL),
	(72,'Ruas 007 - Lukisan/Gambar/Foto Tercetak, dsb - Kategori bahan',NULL,NULL,NULL,1,NULL,NULL,NULL,NULL,NULL,NULL),
	(73,'Ruas 007 - Lukisan/Gambar/Foto Tercetak, dsb - Keterangan bahan khusus',NULL,NULL,NULL,1,NULL,NULL,NULL,NULL,NULL,NULL),
	(74,'Ruas 007 - Lukisan/Gambar/Foto Tercetak, dsb - Warna',NULL,NULL,NULL,1,NULL,NULL,NULL,NULL,NULL,NULL),
	(75,'Ruas 007 - Lukisan/Gambar/Foto Tercetak, dsb - Bahan penunjang primer',NULL,NULL,NULL,1,NULL,NULL,NULL,NULL,NULL,NULL),
	(76,'Ruas 007 - Lukisan/Gambar/Foto Tercetak, dsb - Bahan penunjang sekunder',NULL,NULL,NULL,1,NULL,NULL,NULL,NULL,NULL,NULL),
	(77,'Ruas 006 - Citra Bergerak - Bentuk bahan pustaka',NULL,NULL,NULL,1,NULL,NULL,NULL,NULL,NULL,NULL),
	(78,'Ruas 007 - Rekaman Video - Kategori bahan',NULL,NULL,NULL,1,NULL,NULL,NULL,NULL,NULL,NULL),
	(79,'Ruas 007 - Rekaman Video - Keterangan bahan khusus',NULL,NULL,NULL,1,NULL,NULL,NULL,NULL,NULL,NULL),
	(80,'Ruas 007 - Rekaman Video - Warna',NULL,NULL,NULL,1,NULL,NULL,NULL,NULL,NULL,NULL),
	(81,'Ruas 007 - Rekaman Video - Format rekaman video',NULL,NULL,NULL,1,NULL,NULL,NULL,NULL,NULL,NULL),
	(82,'Ruas 007 - Rekaman Video - Suara menyatu pada medium atau terpisah',NULL,NULL,NULL,1,NULL,NULL,NULL,NULL,NULL,NULL),
	(83,'Ruas 007 - Rekaman Video - Medium untuk suara',NULL,NULL,NULL,1,NULL,NULL,NULL,NULL,NULL,NULL),
	(84,'Ruas 007 - Rekaman Video - Dimensi',NULL,NULL,NULL,1,NULL,NULL,NULL,NULL,NULL,NULL),
	(85,'Ruas 007 - Rekaman Video - Konfigurasi saluran alat putar',NULL,NULL,NULL,1,NULL,NULL,NULL,NULL,NULL,NULL),
	(86,'Ruas 008 - Rekaman Video - Lama waktu tayang untuk citra bergerak dan rekaman video',NULL,NULL,NULL,1,NULL,NULL,NULL,NULL,NULL,NULL),
	(87,'Ruas 008 - Rekaman Video - Jenis bahan pustaka visual',NULL,NULL,NULL,1,NULL,NULL,NULL,NULL,NULL,NULL),
	(88,'Ruas 008 - Rekaman Video - Teknik',NULL,NULL,NULL,1,NULL,NULL,NULL,NULL,NULL,NULL),
	(89,'Ruas 006 - Musik - Bentuk bahan pustaka',NULL,NULL,NULL,1,NULL,NULL,NULL,NULL,NULL,NULL),
	(90,'Ruas 007 - Musik - Kategori bahan',NULL,NULL,NULL,1,NULL,NULL,NULL,NULL,NULL,NULL),
	(91,'Ruas 007 - Musik - Keterangan bahan khusus',NULL,NULL,NULL,1,NULL,NULL,NULL,NULL,NULL,NULL),
	(98,'Ruas 006 - Bahan Pustaka Campuran - Bentuk bahan pustaka',NULL,NULL,NULL,1,NULL,NULL,NULL,NULL,NULL,NULL),
	(99,'Ruas 007 - Bahan Pustaka Campuran - Kategori bahan',NULL,NULL,NULL,1,NULL,NULL,NULL,NULL,NULL,NULL),
	(100,'Ruas 007 - Bahan Pustaka Campuran - Keterangan bahan khusus',NULL,NULL,NULL,1,NULL,NULL,NULL,NULL,NULL,NULL),
	(102,'Ruas 007 - Rekaman Suara - Kategori bahan',NULL,NULL,NULL,1,NULL,NULL,NULL,NULL,NULL,NULL),
	(103,'Ruas 007 - Rekaman Suara - Keterangan bahan khusus',NULL,NULL,NULL,1,NULL,NULL,NULL,NULL,NULL,NULL),
	(104,'Ruas 007 - Rekaman Suara - Kecepatan',NULL,NULL,NULL,1,NULL,NULL,NULL,NULL,NULL,NULL),
	(105,'Ruas 007 - Rekaman Suara - Konfigurasi saluran putar ulang',NULL,NULL,NULL,1,NULL,NULL,NULL,NULL,NULL,NULL),
	(106,'Ruas 007 - Rekaman Suara - Lebar alur / pola titinada alur',NULL,NULL,NULL,1,NULL,NULL,NULL,NULL,NULL,NULL),
	(107,'Ruas 007 - Rekaman Suara - Dimensi',NULL,NULL,NULL,1,NULL,NULL,NULL,NULL,NULL,NULL),
	(108,'Ruas 007 - Rekaman Suara - Lebar pita',NULL,NULL,NULL,1,NULL,NULL,NULL,NULL,NULL,NULL),
	(109,'Ruas 007 - Rekaman Suara - Konfigurasi pita',NULL,NULL,NULL,1,NULL,NULL,NULL,NULL,NULL,NULL),
	(110,'Ruas 007 - Rekaman Suara - Jenis cakram, silinder, atau pita',NULL,NULL,NULL,1,NULL,NULL,NULL,NULL,NULL,NULL),
	(111,'Ruas 007 - Rekaman Suara - Jenis bahan',NULL,NULL,NULL,1,NULL,NULL,NULL,NULL,NULL,NULL),
	(112,'Ruas 007 - Rekaman Suara - Jenis pemotongan',NULL,NULL,NULL,1,NULL,NULL,NULL,NULL,NULL,NULL),
	(113,'Ruas 007 - Rekaman Suara - Karakteristik putar ulang khusus',NULL,NULL,NULL,1,NULL,NULL,NULL,NULL,NULL,NULL),
	(114,'Ruas 007 - Rekaman Suara - Teknik pengambilan dan penyimpanan',NULL,NULL,NULL,1,NULL,NULL,NULL,NULL,NULL,NULL),
	(115,'Ruas 008 - Musik - Bentuk Komposisi',NULL,NULL,NULL,1,NULL,NULL,NULL,NULL,NULL,NULL),
	(116,'Ruas 008 - Musik - Format musik',NULL,NULL,NULL,1,NULL,NULL,NULL,NULL,NULL,NULL),
	(117,'Ruas 008 - Musik - Bagian musik',NULL,NULL,NULL,1,NULL,NULL,NULL,NULL,NULL,NULL),
	(118,'Ruas 008 - Musik - Bahan sertaan',NULL,NULL,NULL,1,NULL,NULL,NULL,NULL,NULL,NULL),
	(119,'Ruas 008 - Musik - Karya tulis untuk rekaman suara',NULL,NULL,NULL,1,NULL,NULL,NULL,NULL,NULL,NULL),
	(120,'Ruas 008 - Musik - Transposisi dan aransemen',NULL,NULL,NULL,1,NULL,NULL,NULL,NULL,NULL,NULL),
	(122,'Ruas 007 - Bentuk Mikro - Kategori bahan pustaka',NULL,NULL,NULL,1,NULL,NULL,NULL,NULL,NULL,NULL),
	(123,'Ruas 007 - Bentuk Mikro - Keterangan bahan khusus',NULL,NULL,NULL,1,NULL,NULL,NULL,NULL,NULL,NULL),
	(124,'Ruas 007 - Bentuk Mikro - Aspek positif/negatif',NULL,NULL,NULL,1,NULL,NULL,NULL,NULL,NULL,NULL),
	(125,'Ruas 007 - Bentuk Mikro - Dimensi',NULL,NULL,NULL,1,NULL,NULL,NULL,NULL,NULL,NULL),
	(126,'Ruas 007 - Bentuk Mikro - Kisaran rasio reduksi',NULL,NULL,NULL,1,NULL,NULL,NULL,NULL,NULL,NULL),
	(127,'Ruas 007 - Bentuk Mikro - Rasio reduksi',NULL,NULL,NULL,1,NULL,NULL,NULL,NULL,NULL,NULL),
	(128,'Ruas 007 - Bentuk Mikro - Warna',NULL,NULL,NULL,1,NULL,NULL,NULL,NULL,NULL,NULL),
	(129,'Ruas 007 - Bentuk Mikro - Emulsi film',NULL,NULL,NULL,1,NULL,NULL,NULL,NULL,NULL,NULL),
	(130,'Ruas 007 - Bentuk Mikro - Generasi',NULL,NULL,NULL,1,NULL,NULL,NULL,NULL,NULL,NULL),
	(131,'Ruas 007 - Bentuk Mikro - Dasar film',NULL,NULL,NULL,1,NULL,NULL,NULL,NULL,NULL,NULL),
	(133,'Ruas 006 - Lukisan/Gambar/Foto Tercetak, dsb - Bentuk bahan pustaka',NULL,NULL,NULL,1,NULL,NULL,NULL,NULL,NULL,NULL),
	(134,'Ruas 006 - Rekaman Suara - Bentuk bahan pustaka',NULL,NULL,NULL,1,NULL,NULL,NULL,NULL,NULL,NULL),
	(135,'Ruas 006 - Bentuk Mikro - Bentuk bahan pustaka',NULL,NULL,NULL,1,NULL,NULL,NULL,NULL,NULL,NULL),
	(136,'Ruas 007 - Sumber Berkesinambungan - Jenis tulisan braille',NULL,NULL,NULL,1,NULL,NULL,NULL,NULL,NULL,NULL),
	(137,'Ruas 007 - Sumber Berkesinambungan - Tingkat kontraksi',NULL,NULL,NULL,1,NULL,NULL,NULL,NULL,NULL,NULL),
	(138,'Ruas 007 - Sumber Berkesinambungan - Format braille musik',NULL,NULL,NULL,1,NULL,NULL,NULL,NULL,NULL,NULL),
	(139,'Ruas 008 - Lukisan/Gambar/Foto Tercetak, dsb - Lama waktu tayang',NULL,NULL,NULL,1,NULL,NULL,NULL,NULL,NULL,NULL),
	(140,'Ruas 008 - Lukisan/Gambar/Foto Tercetak, dsb - Jenis bahan pustaka visual',NULL,NULL,NULL,1,NULL,NULL,NULL,NULL,NULL,NULL),
	(141,'Ruas 008 - Lukisan/Gambar/Foto Tercetak, dsb - Teknik',NULL,NULL,NULL,1,NULL,NULL,NULL,NULL,NULL,NULL),
	(142,'Ruas 008 - Rekaman Suara - Lama waktu tayang',NULL,NULL,NULL,1,NULL,NULL,NULL,NULL,NULL,NULL),
	(143,'Ruas 008 - Rekaman Suara - Jenis bahan pustaka visual',NULL,NULL,NULL,1,NULL,NULL,NULL,NULL,NULL,NULL),
	(144,'Ruas 008 - Rekaman Suara - Teknik',NULL,NULL,NULL,1,NULL,NULL,NULL,NULL,NULL,NULL),
	(145,'Ruas 008 - Bentuk Mikro - Lama waktu tayang',NULL,NULL,NULL,1,NULL,NULL,NULL,NULL,NULL,NULL),
	(146,'Ruas 008 - Bentuk Mikro - Jenis bahan pustaka visual',NULL,NULL,NULL,1,NULL,NULL,NULL,NULL,NULL,NULL),
	(147,'Ruas 008 - Bentuk Mikro - Teknik',NULL,NULL,NULL,1,NULL,NULL,NULL,NULL,NULL,NULL),
	(148,'Wilayah',NULL,NULL,NULL,1,NULL,NULL,NULL,NULL,NULL,NULL),
	(149,'test',NULL,NULL,NULL,1,NULL,NULL,NULL,NULL,NULL,NULL),
	(150,'Relator Term Kreator',NULL,NULL,NULL,1,NULL,NULL,NULL,NULL,NULL,NULL);

/*!40000 ALTER TABLE `t_references` ENABLE KEYS */;
UNLOCK TABLES;


# Dump of table t_references_items
# ------------------------------------------------------------

DROP TABLE IF EXISTS `t_references_items`;

CREATE TABLE `t_references_items` (
  `id` int(11) NOT NULL AUTO_INCREMENT,
  `reference_id` int(11) NOT NULL,
  `code` varchar(10) DEFAULT NULL,
  `name` varchar(255) DEFAULT NULL,
  `slug` varchar(255) DEFAULT NULL,
  `sort` int(11) DEFAULT NULL,
  `description` varchar(255) DEFAULT NULL,
  `active` int(11) NOT NULL DEFAULT '1',
  `created_by` int(11) DEFAULT NULL,
  `updated_by` int(11) DEFAULT NULL,
  `deleted_by` int(11) DEFAULT NULL,
  `created_at` datetime DEFAULT NULL,
  `updated_at` datetime DEFAULT NULL,
  `deleted_at` datetime DEFAULT NULL,
  PRIMARY KEY (`id`),
  KEY `Refference_id` (`reference_id`),
  KEY `refferenceitems_code` (`code`)
) ENGINE=InnoDB DEFAULT CHARSET=latin1;

LOCK TABLES `t_references_items` WRITE;
/*!40000 ALTER TABLE `t_references_items` DISABLE KEYS */;

INSERT INTO `t_references_items` (`id`, `reference_id`, `code`, `name`, `slug`, `sort`, `description`, `active`, `created_by`, `updated_by`, `deleted_by`, `created_at`, `updated_at`, `deleted_at`)
VALUES
	(1,5,'###','Tidak tersedia',NULL,NULL,NULL,1,NULL,NULL,NULL,NULL,NULL,NULL),
	(2,5,'ara','Arab',NULL,NULL,NULL,1,NULL,NULL,NULL,NULL,NULL,NULL),
	(3,5,'chi','Cina',NULL,NULL,NULL,1,NULL,NULL,NULL,NULL,NULL,NULL),
	(4,5,'dut','Belanda',NULL,NULL,NULL,1,NULL,NULL,NULL,NULL,NULL,NULL),
	(5,5,'eng','Inggris',NULL,NULL,NULL,1,NULL,NULL,NULL,NULL,NULL,NULL),
	(6,5,'fre','Perancis',NULL,NULL,NULL,1,NULL,NULL,NULL,NULL,NULL,NULL),
	(7,5,'ger','Jerman',NULL,NULL,NULL,1,NULL,NULL,NULL,NULL,NULL,NULL),
	(8,5,'ind','Indonesia',NULL,NULL,NULL,1,NULL,NULL,NULL,NULL,NULL,NULL),
	(9,5,'jpn','Jepang',NULL,NULL,NULL,1,NULL,NULL,NULL,NULL,NULL,NULL),
	(10,5,'may','Melayu',NULL,NULL,NULL,1,NULL,NULL,NULL,NULL,NULL,NULL),
	(11,5,'per','Persian (Iran)',NULL,NULL,NULL,1,NULL,NULL,NULL,NULL,NULL,NULL),
	(12,5,'rsa','Rusia',NULL,NULL,NULL,1,NULL,NULL,NULL,NULL,NULL,NULL),
	(13,5,'spa','Spanyol',NULL,NULL,NULL,1,NULL,NULL,NULL,NULL,NULL,NULL),
	(14,5,'|','Tidak ada kode yang sesuai',NULL,NULL,NULL,1,NULL,NULL,NULL,NULL,NULL,NULL),
	(15,7,'xx#','Tidak ada tempat, tidak diketahui, tidak ditentukan',NULL,NULL,NULL,1,NULL,NULL,NULL,NULL,NULL,NULL),
	(16,7,'vp#','Tempat bervariasi',NULL,NULL,NULL,1,NULL,NULL,NULL,NULL,NULL,NULL),
	(17,8,'0','Tidak ada indeks',NULL,NULL,NULL,1,NULL,NULL,NULL,NULL,NULL,NULL),
	(18,8,'1','Ada Indeks',NULL,NULL,NULL,1,NULL,NULL,NULL,NULL,NULL,NULL),
	(19,8,'|','Tidak ada kode yang sesuai',NULL,NULL,NULL,1,NULL,NULL,NULL,NULL,NULL,NULL),
	(20,10,'0','Bukan feskrif',NULL,NULL,NULL,1,NULL,NULL,NULL,NULL,NULL,NULL),
	(21,10,'1','Feskrif',NULL,NULL,NULL,1,NULL,NULL,NULL,NULL,NULL,NULL),
	(22,10,'|','Tidak ada kode yang sesuai',NULL,NULL,NULL,1,NULL,NULL,NULL,NULL,NULL,NULL),
	(23,13,'m','Berbagai bentuk fisik',NULL,NULL,NULL,1,NULL,NULL,NULL,NULL,NULL,NULL),
	(24,13,'u','Tidak spesifik',NULL,NULL,NULL,1,NULL,NULL,NULL,NULL,NULL,NULL),
	(25,13,'z','Lainnya',NULL,NULL,NULL,1,NULL,NULL,NULL,NULL,NULL,NULL),
	(26,13,'|','Tidak ada kode yang sesuai',NULL,NULL,NULL,1,NULL,NULL,NULL,NULL,NULL,NULL),
	(27,14,'#','Tanpa illustrasi',NULL,NULL,NULL,1,NULL,NULL,NULL,NULL,NULL,NULL),
	(28,14,'a','Terdapat illustrasi',NULL,NULL,NULL,1,NULL,NULL,NULL,NULL,NULL,NULL),
	(29,14,'b','Peta',NULL,NULL,NULL,1,NULL,NULL,NULL,NULL,NULL,NULL),
	(30,14,'c','Potret diri, potret bersama, atau gambar wajah orang',NULL,NULL,NULL,1,NULL,NULL,NULL,NULL,NULL,NULL),
	(31,14,'d','Diagram',NULL,NULL,NULL,1,NULL,NULL,NULL,NULL,NULL,NULL),
	(32,14,'e','Rancangan, denah',NULL,NULL,NULL,1,NULL,NULL,NULL,NULL,NULL,NULL),
	(33,14,'f','Plat foto, plat gambar',NULL,NULL,NULL,1,NULL,NULL,NULL,NULL,NULL,NULL),
	(34,14,'g','Musik',NULL,NULL,NULL,1,NULL,NULL,NULL,NULL,NULL,NULL),
	(35,14,'h','Faksimili',NULL,NULL,NULL,1,NULL,NULL,NULL,NULL,NULL,NULL),
	(36,14,'i','Bintang jasa, tanda jasa, sarung senjata',NULL,NULL,NULL,1,NULL,NULL,NULL,NULL,NULL,NULL),
	(37,14,'j','Table silsilah',NULL,NULL,NULL,1,NULL,NULL,NULL,NULL,NULL,NULL),
	(38,14,'k','Formulir',NULL,NULL,NULL,1,NULL,NULL,NULL,NULL,NULL,NULL),
	(39,14,'l','Contoh barang/sampel',NULL,NULL,NULL,1,NULL,NULL,NULL,NULL,NULL,NULL),
	(40,14,'m','Rekaman Suara',NULL,NULL,NULL,1,NULL,NULL,NULL,NULL,NULL,NULL),
	(41,14,'o','Foto',NULL,NULL,NULL,1,NULL,NULL,NULL,NULL,NULL,NULL),
	(42,14,'p','Iluminasi',NULL,NULL,NULL,1,NULL,NULL,NULL,NULL,NULL,NULL),
	(43,14,'|','Tidak ada kode yang sesuai',NULL,NULL,NULL,1,NULL,NULL,NULL,NULL,NULL,NULL),
	(44,15,'#','Isi karya tidak terinci',NULL,NULL,NULL,1,NULL,NULL,NULL,NULL,NULL,NULL),
	(45,15,'a','Abstrak',NULL,NULL,NULL,1,NULL,NULL,NULL,NULL,NULL,NULL),
	(46,15,'b','Bibliografi',NULL,NULL,NULL,1,NULL,NULL,NULL,NULL,NULL,NULL),
	(47,15,'c','Katalog',NULL,NULL,NULL,1,NULL,NULL,NULL,NULL,NULL,NULL),
	(48,15,'d','Kamus (termasuk daftar istilah)',NULL,NULL,NULL,1,NULL,NULL,NULL,NULL,NULL,NULL),
	(49,15,'e','Ensiklopedi',NULL,NULL,NULL,1,NULL,NULL,NULL,NULL,NULL,NULL),
	(50,15,'f','Buku pedoman',NULL,NULL,NULL,1,NULL,NULL,NULL,NULL,NULL,NULL),
	(51,15,'g','Dokumen hukum',NULL,NULL,NULL,1,NULL,NULL,NULL,NULL,NULL,NULL),
	(52,15,'i','Indeks',NULL,NULL,NULL,1,NULL,NULL,NULL,NULL,NULL,NULL),
	(53,15,'j','Dokumen paten',NULL,NULL,NULL,1,NULL,NULL,NULL,NULL,NULL,NULL),
	(54,15,'k','Diskografi (atau bibliografi lain tentang musik terekam)',NULL,NULL,NULL,1,NULL,NULL,NULL,NULL,NULL,NULL),
	(55,15,'l','Undang-undang dan peraturan',NULL,NULL,NULL,1,NULL,NULL,NULL,NULL,NULL,NULL),
	(56,15,'m','Tesis',NULL,NULL,NULL,1,NULL,NULL,NULL,NULL,NULL,NULL),
	(57,15,'n','Survei literatur berdasarkan subjek',NULL,NULL,NULL,1,NULL,NULL,NULL,NULL,NULL,NULL),
	(58,15,'o','Resensi buku',NULL,NULL,NULL,1,NULL,NULL,NULL,NULL,NULL,NULL),
	(59,15,'p','Teks terprogram',NULL,NULL,NULL,1,NULL,NULL,NULL,NULL,NULL,NULL),
	(60,15,'q','Filmografi',NULL,NULL,NULL,1,NULL,NULL,NULL,NULL,NULL,NULL),
	(61,15,'r','Direktori',NULL,NULL,NULL,1,NULL,NULL,NULL,NULL,NULL,NULL),
	(62,15,'s','Statistik',NULL,NULL,NULL,1,NULL,NULL,NULL,NULL,NULL,NULL),
	(63,15,'t','Laporan teknis',NULL,NULL,NULL,1,NULL,NULL,NULL,NULL,NULL,NULL),
	(64,15,'u','Standar/spesifikasi',NULL,NULL,NULL,1,NULL,NULL,NULL,NULL,NULL,NULL),
	(65,15,'v','Kasus hukum/catatan kasus hukum',NULL,NULL,NULL,1,NULL,NULL,NULL,NULL,NULL,NULL),
	(66,15,'w','Laporan dan majalah hukum',NULL,NULL,NULL,1,NULL,NULL,NULL,NULL,NULL,NULL),
	(67,15,'y','Buku tahunan, terbitan tahunan',NULL,NULL,NULL,1,NULL,NULL,NULL,NULL,NULL,NULL),
	(68,15,'z','Akta perjanjian, nota kesepahaman, dsb',NULL,NULL,NULL,1,NULL,NULL,NULL,NULL,NULL,NULL),
	(69,15,'2','Offprints',NULL,NULL,NULL,1,NULL,NULL,NULL,NULL,NULL,NULL),
	(70,15,'5','Kalender',NULL,NULL,NULL,1,NULL,NULL,NULL,NULL,NULL,NULL),
	(71,15,'6','Komik/novel bergambar',NULL,NULL,NULL,1,NULL,NULL,NULL,NULL,NULL,NULL),
	(72,15,'|','Tidak ada kode yang sesuai',NULL,NULL,NULL,1,NULL,NULL,NULL,NULL,NULL,NULL),
	(73,17,'0','Bukan fiksi atau tidak didefinisikan',NULL,NULL,NULL,1,NULL,NULL,NULL,NULL,NULL,NULL),
	(74,17,'1','Fiksi (tidak dijelaskan secara khusus)',NULL,NULL,NULL,1,NULL,NULL,NULL,NULL,NULL,NULL),
	(75,17,'d','Drama',NULL,NULL,NULL,1,NULL,NULL,NULL,NULL,NULL,NULL),
	(76,17,'e','Esai',NULL,NULL,NULL,1,NULL,NULL,NULL,NULL,NULL,NULL),
	(77,17,'f','Novel',NULL,NULL,NULL,1,NULL,NULL,NULL,NULL,NULL,NULL),
	(78,17,'h','Karya humor, satir, atau bentuk sastra serupa',NULL,NULL,NULL,1,NULL,NULL,NULL,NULL,NULL,NULL),
	(79,17,'i','Surat atau kumpulan surat',NULL,NULL,NULL,1,NULL,NULL,NULL,NULL,NULL,NULL),
	(80,17,'j','Cerita pendek',NULL,NULL,NULL,1,NULL,NULL,NULL,NULL,NULL,NULL),
	(81,17,'m','Bentuk campuran',NULL,NULL,NULL,1,NULL,NULL,NULL,NULL,NULL,NULL),
	(82,17,'p','Puisi',NULL,NULL,NULL,1,NULL,NULL,NULL,NULL,NULL,NULL),
	(83,17,'s','Pidato',NULL,NULL,NULL,1,NULL,NULL,NULL,NULL,NULL,NULL),
	(84,17,'u','Tidak diketahui',NULL,NULL,NULL,1,NULL,NULL,NULL,NULL,NULL,NULL),
	(85,17,'|','Tidak ada kode yang sesuai',NULL,NULL,NULL,1,NULL,NULL,NULL,NULL,NULL,NULL),
	(86,18,'#','Bukan biografi',NULL,NULL,NULL,1,NULL,NULL,NULL,NULL,NULL,NULL),
	(87,18,'a','Otobiografi',NULL,NULL,NULL,1,NULL,NULL,NULL,NULL,NULL,NULL),
	(88,18,'b','Biografi perorangan',NULL,NULL,NULL,1,NULL,NULL,NULL,NULL,NULL,NULL),
	(89,18,'c','Kumpulan biografi',NULL,NULL,NULL,1,NULL,NULL,NULL,NULL,NULL,NULL),
	(90,18,'d','Memuat informasi biografi',NULL,NULL,NULL,1,NULL,NULL,NULL,NULL,NULL,NULL),
	(91,18,'|','Tidak ada kode yang sesuai',NULL,NULL,NULL,1,NULL,NULL,NULL,NULL,NULL,NULL),
	(92,21,'a','Kartrij pita',NULL,NULL,NULL,1,NULL,NULL,NULL,NULL,NULL,NULL),
	(93,21,'b','Kartrij keping (chip cartridge)',NULL,NULL,NULL,1,NULL,NULL,NULL,NULL,NULL,NULL),
	(94,21,'c','Kartrij cakram optik komputer (computer optical disc cartridge)',NULL,NULL,NULL,1,NULL,NULL,NULL,NULL,NULL,NULL),
	(95,21,'d','Cakram komputer, jenis tidak spesifik',NULL,NULL,NULL,1,NULL,NULL,NULL,NULL,NULL,NULL),
	(96,21,'e','Kartrij cakram komputer, jenis tidak spesifik',NULL,NULL,NULL,1,NULL,NULL,NULL,NULL,NULL,NULL),
	(97,21,'f','Pita kaset',NULL,NULL,NULL,1,NULL,NULL,NULL,NULL,NULL,NULL),
	(98,21,'h','Kaset ril (reel cassette)',NULL,NULL,NULL,1,NULL,NULL,NULL,NULL,NULL,NULL),
	(99,21,'j','Cakram magnetik (magnetic disc)',NULL,NULL,NULL,1,NULL,NULL,NULL,NULL,NULL,NULL),
	(100,21,'m','Cakram magnetik optik (magneto-optical disc)',NULL,NULL,NULL,1,NULL,NULL,NULL,NULL,NULL,NULL),
	(101,21,'o','Cakram optik (optical disc)',NULL,NULL,NULL,1,NULL,NULL,NULL,NULL,NULL,NULL),
	(102,21,'r','Jarak jauh',NULL,NULL,NULL,1,NULL,NULL,NULL,NULL,NULL,NULL),
	(103,21,'u','Tidak spesifik',NULL,NULL,NULL,1,NULL,NULL,NULL,NULL,NULL,NULL),
	(104,21,'z','Lainnya',NULL,NULL,NULL,1,NULL,NULL,NULL,NULL,NULL,NULL),
	(105,21,'|','Tidak ada kode yang sesuai',NULL,NULL,NULL,1,NULL,NULL,NULL,NULL,NULL,NULL),
	(106,22,'a','Satu warna',NULL,NULL,NULL,1,NULL,NULL,NULL,NULL,NULL,NULL),
	(107,22,'b','Hitam putih',NULL,NULL,NULL,1,NULL,NULL,NULL,NULL,NULL,NULL),
	(108,22,'c','Banyak warna',NULL,NULL,NULL,1,NULL,NULL,NULL,NULL,NULL,NULL),
	(109,22,'g','Abu-abu',NULL,NULL,NULL,1,NULL,NULL,NULL,NULL,NULL,NULL),
	(110,22,'m','Campuran',NULL,NULL,NULL,1,NULL,NULL,NULL,NULL,NULL,NULL),
	(111,22,'n','Tidak dapat diterapkan',NULL,NULL,NULL,1,NULL,NULL,NULL,NULL,NULL,NULL),
	(112,22,'u','Tidak spesifik',NULL,NULL,NULL,1,NULL,NULL,NULL,NULL,NULL,NULL),
	(113,22,'z','Lainnya',NULL,NULL,NULL,1,NULL,NULL,NULL,NULL,NULL,NULL),
	(114,22,'|','Tidak ada kode yang sesuai',NULL,NULL,NULL,1,NULL,NULL,NULL,NULL,NULL,NULL),
	(115,23,'a','3  inci',NULL,NULL,NULL,1,NULL,NULL,NULL,NULL,NULL,NULL),
	(116,23,'e','12 inci',NULL,NULL,NULL,1,NULL,NULL,NULL,NULL,NULL,NULL),
	(117,23,'g','4  inci atau 12 cm',NULL,NULL,NULL,1,NULL,NULL,NULL,NULL,NULL,NULL),
	(118,23,'j','1 1/8 x 2 3/8 inci',NULL,NULL,NULL,1,NULL,NULL,NULL,NULL,NULL,NULL),
	(119,23,'n','Tidak dapat diterapkan',NULL,NULL,NULL,1,NULL,NULL,NULL,NULL,NULL,NULL),
	(120,23,'o','5  inci',NULL,NULL,NULL,1,NULL,NULL,NULL,NULL,NULL,NULL),
	(121,23,'u','Tidak diketahui',NULL,NULL,NULL,1,NULL,NULL,NULL,NULL,NULL,NULL),
	(122,23,'v','8 inci',NULL,NULL,NULL,1,NULL,NULL,NULL,NULL,NULL,NULL),
	(123,23,'z','Lainnya',NULL,NULL,NULL,1,NULL,NULL,NULL,NULL,NULL,NULL),
	(124,23,'|','Tidak ada kode yang sesuai',NULL,NULL,NULL,1,NULL,NULL,NULL,NULL,NULL,NULL),
	(125,24,'#','Tanpa suara',NULL,NULL,NULL,1,NULL,NULL,NULL,NULL,NULL,NULL),
	(126,24,'a','Suara sedang',NULL,NULL,NULL,1,NULL,NULL,NULL,NULL,NULL,NULL),
	(127,24,'u','Tidak diketahui',NULL,NULL,NULL,1,NULL,NULL,NULL,NULL,NULL,NULL),
	(128,24,'|','Tidak ada kode yang sesuai',NULL,NULL,NULL,1,NULL,NULL,NULL,NULL,NULL,NULL),
	(129,25,'001-999','Kedalaman bit',NULL,NULL,NULL,1,NULL,NULL,NULL,NULL,NULL,NULL),
	(130,25,'mmm','Kedalaman bit',NULL,NULL,NULL,1,NULL,NULL,NULL,NULL,NULL,NULL),
	(131,25,'nnn','Multiple',NULL,NULL,NULL,1,NULL,NULL,NULL,NULL,NULL,NULL),
	(132,25,'|||','Tidak ada kode yang sesuai',NULL,NULL,NULL,1,NULL,NULL,NULL,NULL,NULL,NULL),
	(133,26,'a','Satu format berkas',NULL,NULL,NULL,1,NULL,NULL,NULL,NULL,NULL,NULL),
	(134,26,'m','Multiple format berkas',NULL,NULL,NULL,1,NULL,NULL,NULL,NULL,NULL,NULL),
	(135,26,'u','Tidak diketahui',NULL,NULL,NULL,1,NULL,NULL,NULL,NULL,NULL,NULL),
	(136,26,'|','Tidak ada kode yang sesuai',NULL,NULL,NULL,1,NULL,NULL,NULL,NULL,NULL,NULL),
	(137,27,'a','Tidak ada penetapan',NULL,NULL,NULL,1,NULL,NULL,NULL,NULL,NULL,NULL),
	(138,27,'n','Tidak dapat diterapkan',NULL,NULL,NULL,1,NULL,NULL,NULL,NULL,NULL,NULL),
	(139,27,'p','Ada penetapan',NULL,NULL,NULL,1,NULL,NULL,NULL,NULL,NULL,NULL),
	(140,27,'u','Tidak diketahui',NULL,NULL,NULL,1,NULL,NULL,NULL,NULL,NULL,NULL),
	(141,27,'|','Tidak ada kode yang sesuai',NULL,NULL,NULL,1,NULL,NULL,NULL,NULL,NULL,NULL),
	(142,28,'a','Berkas merupakan hasil reproduksi dari aslinya',NULL,NULL,NULL,1,NULL,NULL,NULL,NULL,NULL,NULL),
	(143,28,'b','Berkas merupakan hasil reproduksi dari bentuk mikro',NULL,NULL,NULL,1,NULL,NULL,NULL,NULL,NULL,NULL),
	(144,28,'c','Berkas merupakan hasil reproduksi dari sumber daya elektronik',NULL,NULL,NULL,1,NULL,NULL,NULL,NULL,NULL,NULL),
	(145,28,'d','Berkas merupakan hasil reproduksi dari bentuk antara (intermediate)',NULL,NULL,NULL,1,NULL,NULL,NULL,NULL,NULL,NULL),
	(146,28,'m','Campuran',NULL,NULL,NULL,1,NULL,NULL,NULL,NULL,NULL,NULL),
	(147,28,'n','Tidak dapat diterapkan',NULL,NULL,NULL,1,NULL,NULL,NULL,NULL,NULL,NULL),
	(148,28,'u','Tidak diketahui',NULL,NULL,NULL,1,NULL,NULL,NULL,NULL,NULL,NULL),
	(149,28,'|','Tidak ada kode yang sesuai',NULL,NULL,NULL,1,NULL,NULL,NULL,NULL,NULL,NULL),
	(150,29,'a','Tidak dimampatkan',NULL,NULL,NULL,1,NULL,NULL,NULL,NULL,NULL,NULL),
	(151,29,'b','Tidak ada yang hilang',NULL,NULL,NULL,1,NULL,NULL,NULL,NULL,NULL,NULL),
	(152,29,'d','Kemungkinan ada yang hilang',NULL,NULL,NULL,1,NULL,NULL,NULL,NULL,NULL,NULL),
	(153,29,'m','Campuran',NULL,NULL,NULL,1,NULL,NULL,NULL,NULL,NULL,NULL),
	(154,29,'u','Tidak diketahui',NULL,NULL,NULL,1,NULL,NULL,NULL,NULL,NULL,NULL),
	(155,29,'|','Tidak ada kode yang sesuai',NULL,NULL,NULL,1,NULL,NULL,NULL,NULL,NULL,NULL),
	(156,30,'a','Akses',NULL,NULL,NULL,1,NULL,NULL,NULL,NULL,NULL,NULL),
	(157,30,'n','Tidak dapat diterapkan',NULL,NULL,NULL,1,NULL,NULL,NULL,NULL,NULL,NULL),
	(158,30,'p','Pelestarian',NULL,NULL,NULL,1,NULL,NULL,NULL,NULL,NULL,NULL),
	(159,30,'r','Pengganti',NULL,NULL,NULL,1,NULL,NULL,NULL,NULL,NULL,NULL),
	(160,30,'u','Tidak diketahui',NULL,NULL,NULL,1,NULL,NULL,NULL,NULL,NULL,NULL),
	(161,30,'|','Tidak ada kode yang sesuai',NULL,NULL,NULL,1,NULL,NULL,NULL,NULL,NULL,NULL),
	(162,31,'#','Tidak diketahui atau tidak ditentukan',NULL,NULL,NULL,1,NULL,NULL,NULL,NULL,NULL,NULL),
	(163,31,'o','Sambungan jaringan = Online',NULL,NULL,NULL,1,NULL,NULL,NULL,NULL,NULL,NULL),
	(164,31,'q','Direct electronic',NULL,NULL,NULL,1,NULL,NULL,NULL,NULL,NULL,NULL),
	(165,31,'|','Tidak ada kode yang sesuai',NULL,NULL,NULL,1,NULL,NULL,NULL,NULL,NULL,NULL),
	(166,32,'#','Tidak tersedia',NULL,NULL,NULL,1,NULL,NULL,NULL,NULL,NULL,NULL),
	(167,32,'a','Data numerik',NULL,NULL,NULL,1,NULL,NULL,NULL,NULL,NULL,NULL),
	(168,32,'b','Program komputer',NULL,NULL,NULL,1,NULL,NULL,NULL,NULL,NULL,NULL),
	(169,32,'c','Representasi',NULL,NULL,NULL,1,NULL,NULL,NULL,NULL,NULL,NULL),
	(170,32,'d','Dokumen',NULL,NULL,NULL,1,NULL,NULL,NULL,NULL,NULL,NULL),
	(171,32,'e','Data bibliografis',NULL,NULL,NULL,1,NULL,NULL,NULL,NULL,NULL,NULL),
	(172,32,'f','Jenis huruf',NULL,NULL,NULL,1,NULL,NULL,NULL,NULL,NULL,NULL),
	(173,32,'g','Permainan',NULL,NULL,NULL,1,NULL,NULL,NULL,NULL,NULL,NULL),
	(174,32,'h','Suara',NULL,NULL,NULL,1,NULL,NULL,NULL,NULL,NULL,NULL),
	(175,32,'i','Multimedia interaktif',NULL,NULL,NULL,1,NULL,NULL,NULL,NULL,NULL,NULL),
	(176,32,'j','Sistem atau layanan sambung jaringan (online)',NULL,NULL,NULL,1,NULL,NULL,NULL,NULL,NULL,NULL),
	(177,32,'m','Kombinasi',NULL,NULL,NULL,1,NULL,NULL,NULL,NULL,NULL,NULL),
	(178,32,'n','Tidak diketahui',NULL,NULL,NULL,1,NULL,NULL,NULL,NULL,NULL,NULL),
	(179,32,'z','Lainnya',NULL,NULL,NULL,1,NULL,NULL,NULL,NULL,NULL,NULL),
	(180,32,'|','Tidak ada kode yang sesuai',NULL,NULL,NULL,1,NULL,NULL,NULL,NULL,NULL,NULL),
	(181,35,'c','Video kartrij',NULL,NULL,NULL,1,NULL,NULL,NULL,NULL,NULL,NULL),
	(182,35,'d','Cakram video',NULL,NULL,NULL,1,NULL,NULL,NULL,NULL,NULL,NULL),
	(183,35,'f','Kaset video',NULL,NULL,NULL,1,NULL,NULL,NULL,NULL,NULL,NULL),
	(184,35,'r','Video gulungan',NULL,NULL,NULL,1,NULL,NULL,NULL,NULL,NULL,NULL),
	(185,35,'u','Tidak spesifik',NULL,NULL,NULL,1,NULL,NULL,NULL,NULL,NULL,NULL),
	(186,35,'z','Lainnya',NULL,NULL,NULL,1,NULL,NULL,NULL,NULL,NULL,NULL),
	(187,35,'|','Tidak ada kode yang sesuai',NULL,NULL,NULL,1,NULL,NULL,NULL,NULL,NULL,NULL),
	(188,36,'a','satu warna / monokrom',NULL,NULL,NULL,1,NULL,NULL,NULL,NULL,NULL,NULL),
	(189,36,'b','Hitam putih',NULL,NULL,NULL,1,NULL,NULL,NULL,NULL,NULL,NULL),
	(190,36,'c','Banyak warna',NULL,NULL,NULL,1,NULL,NULL,NULL,NULL,NULL,NULL),
	(191,36,'m','Campuran',NULL,NULL,NULL,1,NULL,NULL,NULL,NULL,NULL,NULL),
	(192,36,'n','Tidak dapat diterapkan',NULL,NULL,NULL,1,NULL,NULL,NULL,NULL,NULL,NULL),
	(193,36,'u','Tidak diketahui',NULL,NULL,NULL,1,NULL,NULL,NULL,NULL,NULL,NULL),
	(194,36,'z','Lainnya',NULL,NULL,NULL,1,NULL,NULL,NULL,NULL,NULL,NULL),
	(195,36,'|','Tidak ada kode yang sesuai',NULL,NULL,NULL,1,NULL,NULL,NULL,NULL,NULL,NULL),
	(196,40,'a','8 mm',NULL,NULL,NULL,1,NULL,NULL,NULL,NULL,NULL,NULL),
	(197,40,'m',' inci',NULL,NULL,NULL,1,NULL,NULL,NULL,NULL,NULL,NULL),
	(198,40,'o',' inci',NULL,NULL,NULL,1,NULL,NULL,NULL,NULL,NULL,NULL),
	(199,40,'p','1 inci',NULL,NULL,NULL,1,NULL,NULL,NULL,NULL,NULL,NULL),
	(200,40,'q','2 inci',NULL,NULL,NULL,1,NULL,NULL,NULL,NULL,NULL,NULL),
	(201,40,'r',' inci',NULL,NULL,NULL,1,NULL,NULL,NULL,NULL,NULL,NULL),
	(202,40,'u','Tidak diketahui',NULL,NULL,NULL,1,NULL,NULL,NULL,NULL,NULL,NULL),
	(203,40,'z','Lainnya',NULL,NULL,NULL,1,NULL,NULL,NULL,NULL,NULL,NULL),
	(204,40,'|','Tidak ada kode yang sesuai',NULL,NULL,NULL,1,NULL,NULL,NULL,NULL,NULL,NULL),
	(205,44,'a','Animasi',NULL,NULL,NULL,1,NULL,NULL,NULL,NULL,NULL,NULL),
	(206,44,'c','Animasi dan aksi hidup (live action)',NULL,NULL,NULL,1,NULL,NULL,NULL,NULL,NULL,NULL),
	(207,44,'l','Aksi hidup (live action)',NULL,NULL,NULL,1,NULL,NULL,NULL,NULL,NULL,NULL),
	(208,44,'n','Tidak dapat diterapkan',NULL,NULL,NULL,1,NULL,NULL,NULL,NULL,NULL,NULL),
	(209,44,'u','Tidak diketahui',NULL,NULL,NULL,1,NULL,NULL,NULL,NULL,NULL,NULL),
	(210,44,'z','Teknik lain',NULL,NULL,NULL,1,NULL,NULL,NULL,NULL,NULL,NULL),
	(211,44,'|','Tidak ada kode yang sesuai',NULL,NULL,NULL,1,NULL,NULL,NULL,NULL,NULL,NULL),
	(212,47,'m','Berbagai bentuk fisik',NULL,NULL,NULL,1,NULL,NULL,NULL,NULL,NULL,NULL),
	(213,47,'u','Tidak spesifik',NULL,NULL,NULL,1,NULL,NULL,NULL,NULL,NULL,NULL),
	(214,47,'z','Lainnya',NULL,NULL,NULL,1,NULL,NULL,NULL,NULL,NULL,NULL),
	(215,47,'|','Tidak ada kode yang sesuai',NULL,NULL,NULL,1,NULL,NULL,NULL,NULL,NULL,NULL),
	(216,48,'#','Frekuensi tidak ditentukan',NULL,NULL,NULL,1,NULL,NULL,NULL,NULL,NULL,NULL),
	(217,48,'a','Tahunan',NULL,NULL,NULL,1,NULL,NULL,NULL,NULL,NULL,NULL),
	(218,48,'b','Dua bulanan',NULL,NULL,NULL,1,NULL,NULL,NULL,NULL,NULL,NULL),
	(219,48,'c','Dua kali seminggu',NULL,NULL,NULL,1,NULL,NULL,NULL,NULL,NULL,NULL),
	(220,48,'d','Harian',NULL,NULL,NULL,1,NULL,NULL,NULL,NULL,NULL,NULL),
	(221,48,'e','Dua mingguan',NULL,NULL,NULL,1,NULL,NULL,NULL,NULL,NULL,NULL),
	(222,48,'f','Dua kali setahun',NULL,NULL,NULL,1,NULL,NULL,NULL,NULL,NULL,NULL),
	(223,48,'g','Dua tahunan',NULL,NULL,NULL,1,NULL,NULL,NULL,NULL,NULL,NULL),
	(224,48,'h','Tiga tahunan',NULL,NULL,NULL,1,NULL,NULL,NULL,NULL,NULL,NULL),
	(225,48,'i','Tiga kali seminggu',NULL,NULL,NULL,1,NULL,NULL,NULL,NULL,NULL,NULL),
	(226,48,'j','Tiga kali sebulan',NULL,NULL,NULL,1,NULL,NULL,NULL,NULL,NULL,NULL),
	(227,48,'k','Diperbarui secara berkesinambungan',NULL,NULL,NULL,1,NULL,NULL,NULL,NULL,NULL,NULL),
	(228,48,'m','Bulanan',NULL,NULL,NULL,1,NULL,NULL,NULL,NULL,NULL,NULL),
	(229,48,'q','Tiga bulanan',NULL,NULL,NULL,1,NULL,NULL,NULL,NULL,NULL,NULL),
	(230,48,'s','Dua kali sebulan',NULL,NULL,NULL,1,NULL,NULL,NULL,NULL,NULL,NULL),
	(231,48,'t','Tiga kali dalam setahun',NULL,NULL,NULL,1,NULL,NULL,NULL,NULL,NULL,NULL),
	(232,48,'u','Tidak diketahui',NULL,NULL,NULL,1,NULL,NULL,NULL,NULL,NULL,NULL),
	(233,48,'w','Mingguan',NULL,NULL,NULL,1,NULL,NULL,NULL,NULL,NULL,NULL),
	(234,48,'z','Lainnya',NULL,NULL,NULL,1,NULL,NULL,NULL,NULL,NULL,NULL),
	(235,48,'|','Tidak ada kode yang sesuai',NULL,NULL,NULL,1,NULL,NULL,NULL,NULL,NULL,NULL),
	(236,49,'#','Tidak tersedia',NULL,NULL,NULL,1,NULL,NULL,NULL,NULL,NULL,NULL),
	(237,49,'n','Tak teratur berpola',NULL,NULL,NULL,1,NULL,NULL,NULL,NULL,NULL,NULL),
	(238,49,'r','Teratur',NULL,NULL,NULL,1,NULL,NULL,NULL,NULL,NULL,NULL),
	(239,49,'u','Tidak diketahui',NULL,NULL,NULL,1,NULL,NULL,NULL,NULL,NULL,NULL),
	(240,49,'x','Sama sekali tidak teratur',NULL,NULL,NULL,1,NULL,NULL,NULL,NULL,NULL,NULL),
	(241,49,'|','Tidak ada kode yang sesuai',NULL,NULL,NULL,1,NULL,NULL,NULL,NULL,NULL,NULL),
	(242,50,'#','Selain kode berikut ini',NULL,NULL,NULL,1,NULL,NULL,NULL,NULL,NULL,NULL),
	(243,50,'d','Pangkalan data diperbarui',NULL,NULL,NULL,1,NULL,NULL,NULL,NULL,NULL,NULL),
	(244,50,'l','Lembar lepas diperbarui',NULL,NULL,NULL,1,NULL,NULL,NULL,NULL,NULL,NULL),
	(245,50,'m','Monografi berseri',NULL,NULL,NULL,1,NULL,NULL,NULL,NULL,NULL,NULL),
	(246,50,'n','Surat kabar',NULL,NULL,NULL,1,NULL,NULL,NULL,NULL,NULL,NULL),
	(247,50,'p','Terbitan berkala',NULL,NULL,NULL,1,NULL,NULL,NULL,NULL,NULL,NULL),
	(248,50,'w','Situs web diperbarui',NULL,NULL,NULL,1,NULL,NULL,NULL,NULL,NULL,NULL),
	(249,50,'|','Tidak ada kode yang sesuai',NULL,NULL,NULL,1,NULL,NULL,NULL,NULL,NULL,NULL),
	(250,51,'#','Selain kode berikut ini',NULL,NULL,NULL,1,NULL,NULL,NULL,NULL,NULL,NULL),
	(251,51,'a','Mikrofilm',NULL,NULL,NULL,1,NULL,NULL,NULL,NULL,NULL,NULL),
	(252,51,'b','Mikrofis',NULL,NULL,NULL,1,NULL,NULL,NULL,NULL,NULL,NULL),
	(253,51,'c','Mikrolegap',NULL,NULL,NULL,1,NULL,NULL,NULL,NULL,NULL,NULL),
	(254,51,'d','Cetakan dengan huruf berukuran besar',NULL,NULL,NULL,1,NULL,NULL,NULL,NULL,NULL,NULL),
	(255,51,'e','Surat kabar',NULL,NULL,NULL,1,NULL,NULL,NULL,NULL,NULL,NULL),
	(256,51,'f','Braille',NULL,NULL,NULL,1,NULL,NULL,NULL,NULL,NULL,NULL),
	(257,51,'o','Sambung jaring',NULL,NULL,NULL,1,NULL,NULL,NULL,NULL,NULL,NULL),
	(258,51,'q','Direct electronic',NULL,NULL,NULL,1,NULL,NULL,NULL,NULL,NULL,NULL),
	(259,51,'s','Elektronik',NULL,NULL,NULL,1,NULL,NULL,NULL,NULL,NULL,NULL),
	(260,51,'|','Tidak ada kode yang sesuai',NULL,NULL,NULL,1,NULL,NULL,NULL,NULL,NULL,NULL),
	(261,52,'#','Selain kode berikut ini',NULL,NULL,NULL,1,NULL,NULL,NULL,NULL,NULL,NULL),
	(262,52,'a','Mikrofilm',NULL,NULL,NULL,1,NULL,NULL,NULL,NULL,NULL,NULL),
	(263,52,'b','Mikrofis',NULL,NULL,NULL,1,NULL,NULL,NULL,NULL,NULL,NULL),
	(264,52,'c','Mikrolegap',NULL,NULL,NULL,1,NULL,NULL,NULL,NULL,NULL,NULL),
	(265,52,'d','Cetakan dengan huruf berukuran besar',NULL,NULL,NULL,1,NULL,NULL,NULL,NULL,NULL,NULL),
	(266,52,'f','Braille',NULL,NULL,NULL,1,NULL,NULL,NULL,NULL,NULL,NULL),
	(267,52,'o','Sambung jaring',NULL,NULL,NULL,1,NULL,NULL,NULL,NULL,NULL,NULL),
	(268,52,'q','Direct electronic',NULL,NULL,NULL,1,NULL,NULL,NULL,NULL,NULL,NULL),
	(269,52,'r','Reproduksi dengan cetakan biasa (cetakan terbacakan mata telanjang)',NULL,NULL,NULL,1,NULL,NULL,NULL,NULL,NULL,NULL),
	(270,52,'s','Elektronik',NULL,NULL,NULL,1,NULL,NULL,NULL,NULL,NULL,NULL),
	(271,52,'|','Tidak ada kode yang sesuai',NULL,NULL,NULL,1,NULL,NULL,NULL,NULL,NULL,NULL),
	(272,53,'#','Isi karya tidak terinci',NULL,NULL,NULL,1,NULL,NULL,NULL,NULL,NULL,NULL),
	(273,53,'a','Abstrak / ringkasan',NULL,NULL,NULL,1,NULL,NULL,NULL,NULL,NULL,NULL),
	(274,53,'b','Bibliografi',NULL,NULL,NULL,1,NULL,NULL,NULL,NULL,NULL,NULL),
	(275,53,'c','Katalog',NULL,NULL,NULL,1,NULL,NULL,NULL,NULL,NULL,NULL),
	(276,53,'d','Kamus (termasuk daftar istilah)',NULL,NULL,NULL,1,NULL,NULL,NULL,NULL,NULL,NULL),
	(277,53,'e','Ensiklopedi',NULL,NULL,NULL,1,NULL,NULL,NULL,NULL,NULL,NULL),
	(278,53,'f','Buku pedoman',NULL,NULL,NULL,1,NULL,NULL,NULL,NULL,NULL,NULL),
	(279,53,'g','Dokumen hukum',NULL,NULL,NULL,1,NULL,NULL,NULL,NULL,NULL,NULL),
	(280,53,'h','Biografi',NULL,NULL,NULL,1,NULL,NULL,NULL,NULL,NULL,NULL),
	(281,53,'i','Indeks',NULL,NULL,NULL,1,NULL,NULL,NULL,NULL,NULL,NULL),
	(282,53,'j','Dokumen paten',NULL,NULL,NULL,1,NULL,NULL,NULL,NULL,NULL,NULL),
	(283,53,'k','Diskografi',NULL,NULL,NULL,1,NULL,NULL,NULL,NULL,NULL,NULL),
	(284,53,'l','Undang-undang dan peraturan',NULL,NULL,NULL,1,NULL,NULL,NULL,NULL,NULL,NULL),
	(285,53,'m','Tesis',NULL,NULL,NULL,1,NULL,NULL,NULL,NULL,NULL,NULL),
	(286,53,'n','Survei literatur berdasarkan subjek',NULL,NULL,NULL,1,NULL,NULL,NULL,NULL,NULL,NULL),
	(287,53,'o','Resensi buku',NULL,NULL,NULL,1,NULL,NULL,NULL,NULL,NULL,NULL),
	(288,53,'p','Teks terprogram',NULL,NULL,NULL,1,NULL,NULL,NULL,NULL,NULL,NULL),
	(289,53,'q','Filmografi',NULL,NULL,NULL,1,NULL,NULL,NULL,NULL,NULL,NULL),
	(290,53,'r','Direktori',NULL,NULL,NULL,1,NULL,NULL,NULL,NULL,NULL,NULL),
	(291,53,'s','Statistik',NULL,NULL,NULL,1,NULL,NULL,NULL,NULL,NULL,NULL),
	(292,53,'t','Laporan teknis',NULL,NULL,NULL,1,NULL,NULL,NULL,NULL,NULL,NULL),
	(293,53,'u','Standar / spesifikasi',NULL,NULL,NULL,1,NULL,NULL,NULL,NULL,NULL,NULL),
	(294,53,'v','Kasus hukum / catatan kasus hukum',NULL,NULL,NULL,1,NULL,NULL,NULL,NULL,NULL,NULL),
	(295,53,'w','Laporan dan majalah hukum',NULL,NULL,NULL,1,NULL,NULL,NULL,NULL,NULL,NULL),
	(296,53,'z','Akta perjanjian, nota kesepahaman, dsb.',NULL,NULL,NULL,1,NULL,NULL,NULL,NULL,NULL,NULL),
	(297,53,'5','Kalender',NULL,NULL,NULL,1,NULL,NULL,NULL,NULL,NULL,NULL),
	(298,53,'6','Komik / novel grafis',NULL,NULL,NULL,1,NULL,NULL,NULL,NULL,NULL,NULL),
	(299,53,'|','Tidak ada kode yang sesuai',NULL,NULL,NULL,1,NULL,NULL,NULL,NULL,NULL,NULL),
	(300,54,'#','Isi karya tidak terinci',NULL,NULL,NULL,1,NULL,NULL,NULL,NULL,NULL,NULL),
	(301,54,'a','Abstrak / ringkasan',NULL,NULL,NULL,1,NULL,NULL,NULL,NULL,NULL,NULL),
	(302,54,'b','Bibliografi',NULL,NULL,NULL,1,NULL,NULL,NULL,NULL,NULL,NULL),
	(303,54,'c','Katalog',NULL,NULL,NULL,1,NULL,NULL,NULL,NULL,NULL,NULL),
	(304,54,'d','Kamus (termasuk daftar istilah)',NULL,NULL,NULL,1,NULL,NULL,NULL,NULL,NULL,NULL),
	(305,54,'e','Ensiklopedi',NULL,NULL,NULL,1,NULL,NULL,NULL,NULL,NULL,NULL),
	(306,54,'f','Buku pedoman',NULL,NULL,NULL,1,NULL,NULL,NULL,NULL,NULL,NULL),
	(307,54,'g','Dokumen hukum',NULL,NULL,NULL,1,NULL,NULL,NULL,NULL,NULL,NULL),
	(308,54,'i','Indeks',NULL,NULL,NULL,1,NULL,NULL,NULL,NULL,NULL,NULL),
	(309,54,'k','Diskografi',NULL,NULL,NULL,1,NULL,NULL,NULL,NULL,NULL,NULL),
	(310,54,'l','Undang-undang dan peraturan',NULL,NULL,NULL,1,NULL,NULL,NULL,NULL,NULL,NULL),
	(311,54,'m','Tesis',NULL,NULL,NULL,1,NULL,NULL,NULL,NULL,NULL,NULL),
	(312,54,'n','Survei literatur berdasarkan subjek',NULL,NULL,NULL,1,NULL,NULL,NULL,NULL,NULL,NULL),
	(313,54,'o','Resensi buku',NULL,NULL,NULL,1,NULL,NULL,NULL,NULL,NULL,NULL),
	(314,54,'p','Teks terprogram',NULL,NULL,NULL,1,NULL,NULL,NULL,NULL,NULL,NULL),
	(315,54,'q','Filmografi',NULL,NULL,NULL,1,NULL,NULL,NULL,NULL,NULL,NULL),
	(316,54,'r','Direktori',NULL,NULL,NULL,1,NULL,NULL,NULL,NULL,NULL,NULL),
	(317,54,'s','Statistik',NULL,NULL,NULL,1,NULL,NULL,NULL,NULL,NULL,NULL),
	(318,54,'t','Laporan teknis',NULL,NULL,NULL,1,NULL,NULL,NULL,NULL,NULL,NULL),
	(319,54,'u','Standar / spesifikasi',NULL,NULL,NULL,1,NULL,NULL,NULL,NULL,NULL,NULL),
	(320,54,'v','Kasus hukum / catatan kasus hukum',NULL,NULL,NULL,1,NULL,NULL,NULL,NULL,NULL,NULL),
	(321,54,'w','Laporan dan majalah hukum',NULL,NULL,NULL,1,NULL,NULL,NULL,NULL,NULL,NULL),
	(322,54,'z','Akta perjanjian, nota kesepahaman, dsb.',NULL,NULL,NULL,1,NULL,NULL,NULL,NULL,NULL,NULL),
	(323,54,'5','Kalender',NULL,NULL,NULL,1,NULL,NULL,NULL,NULL,NULL,NULL),
	(324,54,'6','Komik / novel grafis',NULL,NULL,NULL,1,NULL,NULL,NULL,NULL,NULL,NULL),
	(326,55,'#','Bukan terbitan badan pemerintah',NULL,NULL,NULL,1,NULL,NULL,NULL,NULL,NULL,NULL),
	(327,55,'a','Badan otonomi atau semi-otonomi dari federasi (misalnya Malaysia, Republik Yogoslavia)',NULL,NULL,NULL,1,NULL,NULL,NULL,NULL,NULL,NULL),
	(328,55,'c','Terbitan bersama dari beberapa badan pemerintah daerah tingkat kabupaten/kota ke bawah',NULL,NULL,NULL,1,NULL,NULL,NULL,NULL,NULL,NULL),
	(329,55,'f','Badan pemerintah federal/nasional/pusat',NULL,NULL,NULL,1,NULL,NULL,NULL,NULL,NULL,NULL),
	(330,55,'i','Badan internasional antar pemerintah',NULL,NULL,NULL,1,NULL,NULL,NULL,NULL,NULL,NULL),
	(331,55,'l','Badan pemerintah kota atau kabupaten atau yang lebih rendah tingkatannya',NULL,NULL,NULL,1,NULL,NULL,NULL,NULL,NULL,NULL),
	(332,55,'m','Terbitan bersama dari beberapa badan pemerintah provinsi',NULL,NULL,NULL,1,NULL,NULL,NULL,NULL,NULL,NULL),
	(333,55,'o','Terbitan pemerintah (tingkat pemerintahan tidak diketahui',NULL,NULL,NULL,1,NULL,NULL,NULL,NULL,NULL,NULL),
	(334,55,'s','Badan pemerintah negara bagian, provinsi, wilayah, dsb',NULL,NULL,NULL,1,NULL,NULL,NULL,NULL,NULL,NULL),
	(335,55,'u','Tidak dapat dipastikan apakah merupakan terbitan pemerintah atau bukan',NULL,NULL,NULL,1,NULL,NULL,NULL,NULL,NULL,NULL),
	(336,55,'z','Terbitan pemerintah jenis lainnya (tingkat pemerintahan yang tidak terwakili oleh kode lainnya',NULL,NULL,NULL,1,NULL,NULL,NULL,NULL,NULL,NULL),
	(337,55,'|','Tidak ada kode yang sesuai',NULL,NULL,NULL,1,NULL,NULL,NULL,NULL,NULL,NULL),
	(338,56,'0','Bukan terbitan konferensi',NULL,NULL,NULL,1,NULL,NULL,NULL,NULL,NULL,NULL),
	(339,56,'1','Terbitan konferensi',NULL,NULL,NULL,1,NULL,NULL,NULL,NULL,NULL,NULL),
	(340,56,'|','Tidak ada kode yang sesuai',NULL,NULL,NULL,1,NULL,NULL,NULL,NULL,NULL,NULL),
	(341,57,'#','Tidak ada abjad atau aksara khusus / tidak ada judul kunci',NULL,NULL,NULL,1,NULL,NULL,NULL,NULL,NULL,NULL),
	(342,57,'a','Romawi dasar',NULL,NULL,NULL,1,NULL,NULL,NULL,NULL,NULL,NULL),
	(343,57,'b','Romawi diperluas',NULL,NULL,NULL,1,NULL,NULL,NULL,NULL,NULL,NULL),
	(344,57,'c','Cyrillic',NULL,NULL,NULL,1,NULL,NULL,NULL,NULL,NULL,NULL),
	(345,57,'d','Jepang',NULL,NULL,NULL,1,NULL,NULL,NULL,NULL,NULL,NULL),
	(346,57,'e','Cina',NULL,NULL,NULL,1,NULL,NULL,NULL,NULL,NULL,NULL),
	(347,57,'f','Arab',NULL,NULL,NULL,1,NULL,NULL,NULL,NULL,NULL,NULL),
	(348,57,'g','Yunani',NULL,NULL,NULL,1,NULL,NULL,NULL,NULL,NULL,NULL),
	(349,57,'h','Ibrani',NULL,NULL,NULL,1,NULL,NULL,NULL,NULL,NULL,NULL),
	(350,57,'i','Thai',NULL,NULL,NULL,1,NULL,NULL,NULL,NULL,NULL,NULL),
	(351,57,'j','Dewanagari',NULL,NULL,NULL,1,NULL,NULL,NULL,NULL,NULL,NULL),
	(352,57,'k','Korea',NULL,NULL,NULL,1,NULL,NULL,NULL,NULL,NULL,NULL),
	(353,57,'l','Tamil',NULL,NULL,NULL,1,NULL,NULL,NULL,NULL,NULL,NULL),
	(354,57,'u','Tidak diketahui',NULL,NULL,NULL,1,NULL,NULL,NULL,NULL,NULL,NULL),
	(355,57,'z','Lainnya',NULL,NULL,NULL,1,NULL,NULL,NULL,NULL,NULL,NULL),
	(356,57,'|','Tidak ada kode yang sesuai',NULL,NULL,NULL,1,NULL,NULL,NULL,NULL,NULL,NULL),
	(357,58,'#','Konvensi entri tidak ditentukan',NULL,NULL,NULL,1,NULL,NULL,NULL,NULL,NULL,NULL),
	(358,58,'1','Entri mutakhir',NULL,NULL,NULL,1,NULL,NULL,NULL,NULL,NULL,NULL),
	(359,58,'2','Entri terpadu',NULL,NULL,NULL,1,NULL,NULL,NULL,NULL,NULL,NULL),
	(360,58,'|','Tidak ada kode yang sesuai',NULL,NULL,NULL,1,NULL,NULL,NULL,NULL,NULL,NULL),
	(361,61,'d','Atlas',NULL,NULL,NULL,1,NULL,NULL,NULL,NULL,NULL,NULL),
	(362,61,'g','Diagram',NULL,NULL,NULL,1,NULL,NULL,NULL,NULL,NULL,NULL),
	(363,61,'j','Peta',NULL,NULL,NULL,1,NULL,NULL,NULL,NULL,NULL,NULL),
	(364,61,'k','Profil',NULL,NULL,NULL,1,NULL,NULL,NULL,NULL,NULL,NULL),
	(365,61,'q','Model',NULL,NULL,NULL,1,NULL,NULL,NULL,NULL,NULL,NULL),
	(366,61,'r','Citra penginderaan jauh',NULL,NULL,NULL,1,NULL,NULL,NULL,NULL,NULL,NULL),
	(367,61,'s','Penampang',NULL,NULL,NULL,1,NULL,NULL,NULL,NULL,NULL,NULL),
	(368,61,'u','Tidak spesifik',NULL,NULL,NULL,1,NULL,NULL,NULL,NULL,NULL,NULL),
	(369,61,'y','Pemandangan',NULL,NULL,NULL,1,NULL,NULL,NULL,NULL,NULL,NULL),
	(370,61,'z','Lainnya',NULL,NULL,NULL,1,NULL,NULL,NULL,NULL,NULL,NULL),
	(371,61,'|','Tidak ada kode yang sesuai',NULL,NULL,NULL,1,NULL,NULL,NULL,NULL,NULL,NULL),
	(372,62,'a','Satu warna',NULL,NULL,NULL,1,NULL,NULL,NULL,NULL,NULL,NULL),
	(373,62,'b','Banyak warna',NULL,NULL,NULL,1,NULL,NULL,NULL,NULL,NULL,NULL),
	(374,62,'|','Tidak ada kode yang sesuai',NULL,NULL,NULL,1,NULL,NULL,NULL,NULL,NULL,NULL),
	(375,63,'a','Kertas',NULL,NULL,NULL,1,NULL,NULL,NULL,NULL,NULL,NULL),
	(376,63,'b','Kayu',NULL,NULL,NULL,1,NULL,NULL,NULL,NULL,NULL,NULL),
	(377,63,'c','Batu',NULL,NULL,NULL,1,NULL,NULL,NULL,NULL,NULL,NULL),
	(378,63,'d','Logam',NULL,NULL,NULL,1,NULL,NULL,NULL,NULL,NULL,NULL),
	(379,63,'e','Sintetik',NULL,NULL,NULL,1,NULL,NULL,NULL,NULL,NULL,NULL),
	(380,63,'f','Kulit',NULL,NULL,NULL,1,NULL,NULL,NULL,NULL,NULL,NULL),
	(381,63,'g','Tekstil',NULL,NULL,NULL,1,NULL,NULL,NULL,NULL,NULL,NULL),
	(382,63,'j','Kaca',NULL,NULL,NULL,1,NULL,NULL,NULL,NULL,NULL,NULL),
	(383,63,'p','Plaster',NULL,NULL,NULL,1,NULL,NULL,NULL,NULL,NULL,NULL),
	(384,63,'q','Fotografi berbahan fleksibel, positif',NULL,NULL,NULL,1,NULL,NULL,NULL,NULL,NULL,NULL),
	(385,63,'r','Fotografi berbahan fleksibel, negatif',NULL,NULL,NULL,1,NULL,NULL,NULL,NULL,NULL,NULL),
	(386,63,'s','Fotografi berbahan tidak fleksibel, positif',NULL,NULL,NULL,1,NULL,NULL,NULL,NULL,NULL,NULL),
	(387,63,'t','Fotografi berbahan tidak fleksibel, negatif',NULL,NULL,NULL,1,NULL,NULL,NULL,NULL,NULL,NULL),
	(388,63,'u','Tidak diketahui',NULL,NULL,NULL,1,NULL,NULL,NULL,NULL,NULL,NULL),
	(389,63,'v','Kulit binatang',NULL,NULL,NULL,1,NULL,NULL,NULL,NULL,NULL,NULL),
	(390,63,'w','Perkamen',NULL,NULL,NULL,1,NULL,NULL,NULL,NULL,NULL,NULL),
	(391,63,'y','Medium fotografi lainnya',NULL,NULL,NULL,1,NULL,NULL,NULL,NULL,NULL,NULL),
	(392,63,'z','Lainnya',NULL,NULL,NULL,1,NULL,NULL,NULL,NULL,NULL,NULL),
	(393,63,'|','Tidak ada kode yang sesuai',NULL,NULL,NULL,1,NULL,NULL,NULL,NULL,NULL,NULL),
	(394,64,'f','Feksimile',NULL,NULL,NULL,1,NULL,NULL,NULL,NULL,NULL,NULL),
	(395,64,'n','Tidak dapat diterapkan',NULL,NULL,NULL,1,NULL,NULL,NULL,NULL,NULL,NULL),
	(396,64,'u','Tidak diketahui',NULL,NULL,NULL,1,NULL,NULL,NULL,NULL,NULL,NULL),
	(397,64,'z','Lainnya',NULL,NULL,NULL,1,NULL,NULL,NULL,NULL,NULL,NULL),
	(398,64,'|','Tidak ada kode yang sesuai',NULL,NULL,NULL,1,NULL,NULL,NULL,NULL,NULL,NULL),
	(399,65,'a','Fotokopi, cetak garis biru',NULL,NULL,NULL,1,NULL,NULL,NULL,NULL,NULL,NULL),
	(400,65,'b','Fotokopi',NULL,NULL,NULL,1,NULL,NULL,NULL,NULL,NULL,NULL),
	(401,65,'c','Praproduksi',NULL,NULL,NULL,1,NULL,NULL,NULL,NULL,NULL,NULL),
	(402,65,'d','Film',NULL,NULL,NULL,1,NULL,NULL,NULL,NULL,NULL,NULL),
	(403,65,'u','Tidak diketahui',NULL,NULL,NULL,1,NULL,NULL,NULL,NULL,NULL,NULL),
	(404,65,'z','Lainnya',NULL,NULL,NULL,1,NULL,NULL,NULL,NULL,NULL,NULL),
	(405,65,'|','Tidak ada kode yang sesuai',NULL,NULL,NULL,1,NULL,NULL,NULL,NULL,NULL,NULL),
	(406,66,'a','Positif',NULL,NULL,NULL,1,NULL,NULL,NULL,NULL,NULL,NULL),
	(407,66,'b','Negatif',NULL,NULL,NULL,1,NULL,NULL,NULL,NULL,NULL,NULL),
	(408,66,'m','Polaritas campuran antara positif dan negatif',NULL,NULL,NULL,1,NULL,NULL,NULL,NULL,NULL,NULL),
	(409,66,'n','Tidak dapat diterapkan',NULL,NULL,NULL,1,NULL,NULL,NULL,NULL,NULL,NULL),
	(410,66,'|','Tidak ada kode yang sesuai',NULL,NULL,NULL,1,NULL,NULL,NULL,NULL,NULL,NULL),
	(411,67,'#','Tidak ada relief',NULL,NULL,NULL,1,NULL,NULL,NULL,NULL,NULL,NULL),
	(412,67,'a','Kontur',NULL,NULL,NULL,1,NULL,NULL,NULL,NULL,NULL,NULL),
	(413,67,'b','Berbayang',NULL,NULL,NULL,1,NULL,NULL,NULL,NULL,NULL,NULL),
	(414,67,'c','Semburat gradien dan batimetri',NULL,NULL,NULL,1,NULL,NULL,NULL,NULL,NULL,NULL),
	(415,67,'d','Arsir',NULL,NULL,NULL,1,NULL,NULL,NULL,NULL,NULL,NULL),
	(416,67,'e','Batimetri / pendugaan (soundings)',NULL,NULL,NULL,1,NULL,NULL,NULL,NULL,NULL,NULL),
	(417,67,'f','Garis bentuk',NULL,NULL,NULL,1,NULL,NULL,NULL,NULL,NULL,NULL),
	(418,67,'g','Titik ketinggian',NULL,NULL,NULL,1,NULL,NULL,NULL,NULL,NULL,NULL),
	(419,67,'i','Gambar kedalaman',NULL,NULL,NULL,1,NULL,NULL,NULL,NULL,NULL,NULL),
	(420,67,'j','Bentuk tanah',NULL,NULL,NULL,1,NULL,NULL,NULL,NULL,NULL,NULL),
	(421,67,'k','Batimetri / grafis setara',NULL,NULL,NULL,1,NULL,NULL,NULL,NULL,NULL,NULL),
	(422,67,'m','Gambar batuan',NULL,NULL,NULL,1,NULL,NULL,NULL,NULL,NULL,NULL),
	(423,67,'z','Lainnya',NULL,NULL,NULL,1,NULL,NULL,NULL,NULL,NULL,NULL),
	(425,68,'##','Proyeksi tidak dijelaskan',NULL,NULL,NULL,1,NULL,NULL,NULL,NULL,NULL,NULL),
	(426,68,'aa','Aitoff',NULL,NULL,NULL,1,NULL,NULL,NULL,NULL,NULL,NULL),
	(427,68,'bb','Holomografik Goode',NULL,NULL,NULL,1,NULL,NULL,NULL,NULL,NULL,NULL),
	(428,68,'ac','Area setara azimut Lambert',NULL,NULL,NULL,1,NULL,NULL,NULL,NULL,NULL,NULL),
	(429,68,'ad','Ortografi',NULL,NULL,NULL,1,NULL,NULL,NULL,NULL,NULL,NULL),
	(430,68,'ae','Azimutal equidistant',NULL,NULL,NULL,1,NULL,NULL,NULL,NULL,NULL,NULL),
	(431,68,'af','Stereografik',NULL,NULL,NULL,1,NULL,NULL,NULL,NULL,NULL,NULL),
	(432,68,'ag','General vertical near-sided',NULL,NULL,NULL,1,NULL,NULL,NULL,NULL,NULL,NULL),
	(433,68,'am','Modified stereographic for Alaska',NULL,NULL,NULL,1,NULL,NULL,NULL,NULL,NULL,NULL),
	(434,68,'an','Trimetrik Chamberlin',NULL,NULL,NULL,1,NULL,NULL,NULL,NULL,NULL,NULL),
	(435,68,'ap','Stereografik polar',NULL,NULL,NULL,1,NULL,NULL,NULL,NULL,NULL,NULL),
	(436,68,'au','Azimut, jenis tidak diketahui',NULL,NULL,NULL,1,NULL,NULL,NULL,NULL,NULL,NULL),
	(437,68,'az','Azimut, Lainnya',NULL,NULL,NULL,1,NULL,NULL,NULL,NULL,NULL,NULL),
	(438,68,'ba','Gall',NULL,NULL,NULL,1,NULL,NULL,NULL,NULL,NULL,NULL),
	(439,68,'bb','Holomografik Goode',NULL,NULL,NULL,1,NULL,NULL,NULL,NULL,NULL,NULL),
	(440,68,'bc','Lambert\'s cylindrical equal area',NULL,NULL,NULL,1,NULL,NULL,NULL,NULL,NULL,NULL),
	(441,68,'bd','Merkator',NULL,NULL,NULL,1,NULL,NULL,NULL,NULL,NULL,NULL),
	(442,68,'be','Miller',NULL,NULL,NULL,1,NULL,NULL,NULL,NULL,NULL,NULL),
	(443,68,'bf','Mollweide',NULL,NULL,NULL,1,NULL,NULL,NULL,NULL,NULL,NULL),
	(444,68,'bg','Sinusoidal',NULL,NULL,NULL,1,NULL,NULL,NULL,NULL,NULL,NULL),
	(445,68,'bh','Merkator Lintang',NULL,NULL,NULL,1,NULL,NULL,NULL,NULL,NULL,NULL),
	(446,68,'bi','Gauss-Kruger',NULL,NULL,NULL,1,NULL,NULL,NULL,NULL,NULL,NULL),
	(447,68,'bj','Persegi panjang',NULL,NULL,NULL,1,NULL,NULL,NULL,NULL,NULL,NULL),
	(448,68,'bo','Merkator Sadak',NULL,NULL,NULL,1,NULL,NULL,NULL,NULL,NULL,NULL),
	(449,68,'br','Robinson',NULL,NULL,NULL,1,NULL,NULL,NULL,NULL,NULL,NULL),
	(450,68,'bs','Merkator sadak ruang',NULL,NULL,NULL,1,NULL,NULL,NULL,NULL,NULL,NULL),
	(451,68,'bu','Silindris, jenis tidak diketahui',NULL,NULL,NULL,1,NULL,NULL,NULL,NULL,NULL,NULL),
	(452,68,'cb','Bonne',NULL,NULL,NULL,1,NULL,NULL,NULL,NULL,NULL,NULL),
	(453,68,'cc','Kerucut konform Lambert',NULL,NULL,NULL,1,NULL,NULL,NULL,NULL,NULL,NULL),
	(454,68,'ce','Kerucut berjarak sama',NULL,NULL,NULL,1,NULL,NULL,NULL,NULL,NULL,NULL),
	(455,68,'cp','Polyconic',NULL,NULL,NULL,1,NULL,NULL,NULL,NULL,NULL,NULL),
	(456,68,'cu','Kerucut, jenis tidak diketahui',NULL,NULL,NULL,1,NULL,NULL,NULL,NULL,NULL,NULL),
	(457,68,'cz','Kerucut, lainnya',NULL,NULL,NULL,1,NULL,NULL,NULL,NULL,NULL,NULL),
	(458,68,'da','Armadillo',NULL,NULL,NULL,1,NULL,NULL,NULL,NULL,NULL,NULL),
	(459,68,'db','Butterfly',NULL,NULL,NULL,1,NULL,NULL,NULL,NULL,NULL,NULL),
	(460,68,'dc','Eckert',NULL,NULL,NULL,1,NULL,NULL,NULL,NULL,NULL,NULL),
	(461,68,'dd','Goode\'s homolosine',NULL,NULL,NULL,1,NULL,NULL,NULL,NULL,NULL,NULL),
	(462,68,'de','Miller\'s bipolar oblique conformal conic',NULL,NULL,NULL,1,NULL,NULL,NULL,NULL,NULL,NULL),
	(463,68,'df','Van Den Grinten',NULL,NULL,NULL,1,NULL,NULL,NULL,NULL,NULL,NULL),
	(464,68,'dg','Dimaxion',NULL,NULL,NULL,1,NULL,NULL,NULL,NULL,NULL,NULL),
	(465,68,'dh','Cordiform',NULL,NULL,NULL,1,NULL,NULL,NULL,NULL,NULL,NULL),
	(466,68,'dl','Lambert conformal',NULL,NULL,NULL,1,NULL,NULL,NULL,NULL,NULL,NULL),
	(467,68,'zz','Lainnya',NULL,NULL,NULL,1,NULL,NULL,NULL,NULL,NULL,NULL),
	(468,68,'||','Tidak ada kode yang sesuai',NULL,NULL,NULL,1,NULL,NULL,NULL,NULL,NULL,NULL),
	(469,69,'#','Tidak tersedia',NULL,NULL,NULL,1,NULL,NULL,NULL,NULL,NULL,NULL),
	(470,69,'a','Peta tunggal',NULL,NULL,NULL,1,NULL,NULL,NULL,NULL,NULL,NULL),
	(471,69,'b','Kumpulan peta',NULL,NULL,NULL,1,NULL,NULL,NULL,NULL,NULL,NULL),
	(472,69,'c','Peta berseri',NULL,NULL,NULL,1,NULL,NULL,NULL,NULL,NULL,NULL),
	(473,69,'d','Bola dunia (globe)',NULL,NULL,NULL,1,NULL,NULL,NULL,NULL,NULL,NULL),
	(474,69,'e','Atlas',NULL,NULL,NULL,1,NULL,NULL,NULL,NULL,NULL,NULL),
	(475,69,'f','Peta terpisah (bahan sertaan terbitan lain)',NULL,NULL,NULL,1,NULL,NULL,NULL,NULL,NULL,NULL),
	(476,69,'g','Peta yang dijilid menjadi satu bagian dari karya lain',NULL,NULL,NULL,1,NULL,NULL,NULL,NULL,NULL,NULL),
	(477,69,'u','Tidak diketahui',NULL,NULL,NULL,1,NULL,NULL,NULL,NULL,NULL,NULL),
	(478,69,'z','Lainnya',NULL,NULL,NULL,1,NULL,NULL,NULL,NULL,NULL,NULL),
	(479,69,'|','Tidak ada kode yang sesuai',NULL,NULL,NULL,1,NULL,NULL,NULL,NULL,NULL,NULL),
	(480,72,'a','Bahan grafis tidak diproyeksikan',NULL,NULL,NULL,1,NULL,NULL,NULL,NULL,NULL,NULL),
	(481,73,'a','Kartu aktivitas',NULL,NULL,NULL,1,NULL,NULL,NULL,NULL,NULL,NULL),
	(482,73,'c','Kolase',NULL,NULL,NULL,1,NULL,NULL,NULL,NULL,NULL,NULL),
	(483,73,'d','Gambar coretan tangan',NULL,NULL,NULL,1,NULL,NULL,NULL,NULL,NULL,NULL),
	(484,73,'e','Lukisan',NULL,NULL,NULL,1,NULL,NULL,NULL,NULL,NULL,NULL),
	(485,73,'f','Cetakan fotomekanis',NULL,NULL,NULL,1,NULL,NULL,NULL,NULL,NULL,NULL),
	(486,73,'g','Foto negatif',NULL,NULL,NULL,1,NULL,NULL,NULL,NULL,NULL,NULL),
	(487,73,'h','Foto tercetak',NULL,NULL,NULL,1,NULL,NULL,NULL,NULL,NULL,NULL),
	(488,73,'i','Gambar',NULL,NULL,NULL,1,NULL,NULL,NULL,NULL,NULL,NULL),
	(489,73,'j','Bahan tercetak',NULL,NULL,NULL,1,NULL,NULL,NULL,NULL,NULL,NULL),
	(490,73,'k','Poster',NULL,NULL,NULL,1,NULL,NULL,NULL,NULL,NULL,NULL),
	(491,73,'l','Gambar teknik',NULL,NULL,NULL,1,NULL,NULL,NULL,NULL,NULL,NULL),
	(492,73,'n','Diagram',NULL,NULL,NULL,1,NULL,NULL,NULL,NULL,NULL,NULL),
	(493,73,'o','Kartu kilas (flash card)',NULL,NULL,NULL,1,NULL,NULL,NULL,NULL,NULL,NULL),
	(494,73,'p','Kartu pos',NULL,NULL,NULL,1,NULL,NULL,NULL,NULL,NULL,NULL),
	(495,73,'q','Ikon',NULL,NULL,NULL,1,NULL,NULL,NULL,NULL,NULL,NULL),
	(496,73,'r','Radiograf',NULL,NULL,NULL,1,NULL,NULL,NULL,NULL,NULL,NULL),
	(497,73,'s','Study print',NULL,NULL,NULL,1,NULL,NULL,NULL,NULL,NULL,NULL),
	(498,73,'u','Tidak spesifik',NULL,NULL,NULL,1,NULL,NULL,NULL,NULL,NULL,NULL),
	(499,73,'z','Lainnya',NULL,NULL,NULL,1,NULL,NULL,NULL,NULL,NULL,NULL),
	(500,73,'|','Tidak ada kode yang sesuai',NULL,NULL,NULL,1,NULL,NULL,NULL,NULL,NULL,NULL),
	(501,74,'a','Monokrom (tidak termasuk hitam)',NULL,NULL,NULL,1,NULL,NULL,NULL,NULL,NULL,NULL),
	(502,74,'b','Hitam putih',NULL,NULL,NULL,1,NULL,NULL,NULL,NULL,NULL,NULL),
	(503,74,'c','Banyak warna',NULL,NULL,NULL,1,NULL,NULL,NULL,NULL,NULL,NULL),
	(504,74,'h','Pewarnaan manual (hand-colored)',NULL,NULL,NULL,1,NULL,NULL,NULL,NULL,NULL,NULL),
	(505,74,'m','Campuran',NULL,NULL,NULL,1,NULL,NULL,NULL,NULL,NULL,NULL),
	(506,74,'u','Tidak diketahui',NULL,NULL,NULL,1,NULL,NULL,NULL,NULL,NULL,NULL),
	(507,74,'z','Lainnya',NULL,NULL,NULL,1,NULL,NULL,NULL,NULL,NULL,NULL),
	(508,74,'|','Tidak ada kode yang sesuai',NULL,NULL,NULL,1,NULL,NULL,NULL,NULL,NULL,NULL),
	(509,75,'a','Kanvas',NULL,NULL,NULL,1,NULL,NULL,NULL,NULL,NULL,NULL),
	(510,75,'b','Karton warna gading',NULL,NULL,NULL,1,NULL,NULL,NULL,NULL,NULL,NULL),
	(511,75,'c','Karton',NULL,NULL,NULL,1,NULL,NULL,NULL,NULL,NULL,NULL),
	(512,75,'d','Kaca',NULL,NULL,NULL,1,NULL,NULL,NULL,NULL,NULL,NULL),
	(513,75,'e','bahan sintetik',NULL,NULL,NULL,1,NULL,NULL,NULL,NULL,NULL,NULL),
	(514,75,'f','Kulit',NULL,NULL,NULL,1,NULL,NULL,NULL,NULL,NULL,NULL),
	(515,75,'g','Tekstil',NULL,NULL,NULL,1,NULL,NULL,NULL,NULL,NULL,NULL),
	(516,75,'h','Logam',NULL,NULL,NULL,1,NULL,NULL,NULL,NULL,NULL,NULL),
	(517,75,'i','Plastik',NULL,NULL,NULL,1,NULL,NULL,NULL,NULL,NULL,NULL),
	(518,75,'l','Vinil',NULL,NULL,NULL,1,NULL,NULL,NULL,NULL,NULL,NULL),
	(519,75,'m','Koleksi campuran',NULL,NULL,NULL,1,NULL,NULL,NULL,NULL,NULL,NULL),
	(520,75,'n','Velum',NULL,NULL,NULL,1,NULL,NULL,NULL,NULL,NULL,NULL),
	(521,75,'o','Kertas',NULL,NULL,NULL,1,NULL,NULL,NULL,NULL,NULL,NULL),
	(522,75,'p','Plester',NULL,NULL,NULL,1,NULL,NULL,NULL,NULL,NULL,NULL),
	(523,75,'q','Papan karton',NULL,NULL,NULL,1,NULL,NULL,NULL,NULL,NULL,NULL),
	(524,75,'r','Porselen',NULL,NULL,NULL,1,NULL,NULL,NULL,NULL,NULL,NULL),
	(525,75,'s','Batu',NULL,NULL,NULL,1,NULL,NULL,NULL,NULL,NULL,NULL),
	(526,75,'t','Kayu',NULL,NULL,NULL,1,NULL,NULL,NULL,NULL,NULL,NULL),
	(527,75,'u','Tidak diketahui',NULL,NULL,NULL,1,NULL,NULL,NULL,NULL,NULL,NULL),
	(528,75,'v','Kulit binatang',NULL,NULL,NULL,1,NULL,NULL,NULL,NULL,NULL,NULL),
	(529,75,'w','Perkamen',NULL,NULL,NULL,1,NULL,NULL,NULL,NULL,NULL,NULL),
	(530,75,'z','Lainnya',NULL,NULL,NULL,1,NULL,NULL,NULL,NULL,NULL,NULL),
	(531,75,'|','Tidak ada kode yang sesuai',NULL,NULL,NULL,1,NULL,NULL,NULL,NULL,NULL,NULL),
	(532,76,'#','Tidak ada bahan penunjang',NULL,NULL,NULL,1,NULL,NULL,NULL,NULL,NULL,NULL),
	(533,76,'a','Kanvas',NULL,NULL,NULL,1,NULL,NULL,NULL,NULL,NULL,NULL),
	(534,76,'b','Karton warna gading',NULL,NULL,NULL,1,NULL,NULL,NULL,NULL,NULL,NULL),
	(535,76,'c','Karton',NULL,NULL,NULL,1,NULL,NULL,NULL,NULL,NULL,NULL),
	(536,76,'d','Kaca',NULL,NULL,NULL,1,NULL,NULL,NULL,NULL,NULL,NULL),
	(537,76,'e','Bahan sintetik',NULL,NULL,NULL,1,NULL,NULL,NULL,NULL,NULL,NULL),
	(538,76,'f','Kulit',NULL,NULL,NULL,1,NULL,NULL,NULL,NULL,NULL,NULL),
	(539,76,'g','Tekstil',NULL,NULL,NULL,1,NULL,NULL,NULL,NULL,NULL,NULL),
	(540,76,'h','Logam',NULL,NULL,NULL,1,NULL,NULL,NULL,NULL,NULL,NULL),
	(541,76,'i','Plastik',NULL,NULL,NULL,1,NULL,NULL,NULL,NULL,NULL,NULL),
	(542,76,'l','Vinil',NULL,NULL,NULL,1,NULL,NULL,NULL,NULL,NULL,NULL),
	(543,76,'m','Koleksi campuran',NULL,NULL,NULL,1,NULL,NULL,NULL,NULL,NULL,NULL),
	(544,76,'n','Velum',NULL,NULL,NULL,1,NULL,NULL,NULL,NULL,NULL,NULL),
	(545,76,'o','Kertas',NULL,NULL,NULL,1,NULL,NULL,NULL,NULL,NULL,NULL),
	(546,76,'p','Plester',NULL,NULL,NULL,1,NULL,NULL,NULL,NULL,NULL,NULL),
	(547,76,'q','Papan',NULL,NULL,NULL,1,NULL,NULL,NULL,NULL,NULL,NULL),
	(548,76,'r','Porselen',NULL,NULL,NULL,1,NULL,NULL,NULL,NULL,NULL,NULL),
	(549,76,'s','Batu',NULL,NULL,NULL,1,NULL,NULL,NULL,NULL,NULL,NULL),
	(550,76,'t','Kayu',NULL,NULL,NULL,1,NULL,NULL,NULL,NULL,NULL,NULL),
	(551,76,'u','Tidak diketahui',NULL,NULL,NULL,1,NULL,NULL,NULL,NULL,NULL,NULL),
	(552,76,'v','Kulit binatang',NULL,NULL,NULL,1,NULL,NULL,NULL,NULL,NULL,NULL),
	(553,76,'w','Perkamen',NULL,NULL,NULL,1,NULL,NULL,NULL,NULL,NULL,NULL),
	(554,76,'z','Lainnya',NULL,NULL,NULL,1,NULL,NULL,NULL,NULL,NULL,NULL),
	(555,78,'v','Rekaman video',NULL,NULL,NULL,1,NULL,NULL,NULL,NULL,NULL,NULL),
	(556,79,'c','Video kartrij',NULL,NULL,NULL,1,NULL,NULL,NULL,NULL,NULL,NULL),
	(557,79,'d','Cakram video',NULL,NULL,NULL,1,NULL,NULL,NULL,NULL,NULL,NULL),
	(558,79,'f','Kaset video',NULL,NULL,NULL,1,NULL,NULL,NULL,NULL,NULL,NULL),
	(559,79,'r','Video gulungan',NULL,NULL,NULL,1,NULL,NULL,NULL,NULL,NULL,NULL),
	(560,79,'u','Tidak spesifik',NULL,NULL,NULL,1,NULL,NULL,NULL,NULL,NULL,NULL),
	(561,79,'z','Lainnya',NULL,NULL,NULL,1,NULL,NULL,NULL,NULL,NULL,NULL),
	(562,79,'|','Tidak ada kode yang sesuai',NULL,NULL,NULL,1,NULL,NULL,NULL,NULL,NULL,NULL),
	(563,80,'a','Satu warna / monokrom (Tidak termasuk hitam)',NULL,NULL,NULL,1,NULL,NULL,NULL,NULL,NULL,NULL),
	(564,80,'b','Hitam putih',NULL,NULL,NULL,1,NULL,NULL,NULL,NULL,NULL,NULL),
	(565,80,'c','Banyak warna',NULL,NULL,NULL,1,NULL,NULL,NULL,NULL,NULL,NULL),
	(566,80,'m','Campuran',NULL,NULL,NULL,1,NULL,NULL,NULL,NULL,NULL,NULL),
	(567,80,'n','Tidak dapat diterapkan',NULL,NULL,NULL,1,NULL,NULL,NULL,NULL,NULL,NULL),
	(568,80,'u','Tidak diketahui',NULL,NULL,NULL,1,NULL,NULL,NULL,NULL,NULL,NULL),
	(569,80,'z','Lainnya',NULL,NULL,NULL,1,NULL,NULL,NULL,NULL,NULL,NULL),
	(570,80,'|','Tidak ada kode yang sesuai',NULL,NULL,NULL,1,NULL,NULL,NULL,NULL,NULL,NULL),
	(571,81,'a','Beta ( inci, video kaset)',NULL,NULL,NULL,1,NULL,NULL,NULL,NULL,NULL,NULL),
	(572,81,'b','VHS ( inci, video kaset)',NULL,NULL,NULL,1,NULL,NULL,NULL,NULL,NULL,NULL),
	(573,81,'c','U-matic ( inci, video kaset)',NULL,NULL,NULL,1,NULL,NULL,NULL,NULL,NULL,NULL),
	(574,81,'d','EIAJ ( inci, gulungan)',NULL,NULL,NULL,1,NULL,NULL,NULL,NULL,NULL,NULL),
	(575,81,'e','Jenis C (1 inci, gulungan)',NULL,NULL,NULL,1,NULL,NULL,NULL,NULL,NULL,NULL),
	(576,81,'f','Quadruplex (1 inci or 2 inci, gulungan)',NULL,NULL,NULL,1,NULL,NULL,NULL,NULL,NULL,NULL),
	(577,81,'g','Cakram laser (Laserdisc)',NULL,NULL,NULL,1,NULL,NULL,NULL,NULL,NULL,NULL),
	(578,81,'h','CED (Capacitance Electronic Disc) Cakram video (videodisc)',NULL,NULL,NULL,1,NULL,NULL,NULL,NULL,NULL,NULL),
	(579,81,'i','Betacam ( inci, video kaset)',NULL,NULL,NULL,1,NULL,NULL,NULL,NULL,NULL,NULL),
	(580,81,'j','Betacam SP ( inci, video kaset)',NULL,NULL,NULL,1,NULL,NULL,NULL,NULL,NULL,NULL),
	(581,81,'k','Super-VHS ( inci, video kaset)',NULL,NULL,NULL,1,NULL,NULL,NULL,NULL,NULL,NULL),
	(582,81,'m','M-II ( inci, video kaset)',NULL,NULL,NULL,1,NULL,NULL,NULL,NULL,NULL,NULL),
	(583,81,'o','D-2 ( inci, video kaset)',NULL,NULL,NULL,1,NULL,NULL,NULL,NULL,NULL,NULL),
	(584,81,'p','8 mm',NULL,NULL,NULL,1,NULL,NULL,NULL,NULL,NULL,NULL),
	(585,81,'q','Hi-8 mm',NULL,NULL,NULL,1,NULL,NULL,NULL,NULL,NULL,NULL),
	(586,81,'s','Cakram Blu-ray',NULL,NULL,NULL,1,NULL,NULL,NULL,NULL,NULL,NULL),
	(587,81,'u','Tidak diketahui',NULL,NULL,NULL,1,NULL,NULL,NULL,NULL,NULL,NULL),
	(588,81,'v','DVD',NULL,NULL,NULL,1,NULL,NULL,NULL,NULL,NULL,NULL),
	(589,81,'z','Lainnya',NULL,NULL,NULL,1,NULL,NULL,NULL,NULL,NULL,NULL),
	(590,81,'|','Tidak ada kode yang sesuai',NULL,NULL,NULL,1,NULL,NULL,NULL,NULL,NULL,NULL),
	(591,82,'#','Tanpa suara',NULL,NULL,NULL,1,NULL,NULL,NULL,NULL,NULL,NULL),
	(592,82,'a','Suara menyatu pada medium',NULL,NULL,NULL,1,NULL,NULL,NULL,NULL,NULL,NULL),
	(593,82,'b','Suara terpisah dari medium',NULL,NULL,NULL,1,NULL,NULL,NULL,NULL,NULL,NULL),
	(594,82,'u','Tidak diketahui',NULL,NULL,NULL,1,NULL,NULL,NULL,NULL,NULL,NULL),
	(595,82,'|','Tidak ada kode yang sesuai',NULL,NULL,NULL,1,NULL,NULL,NULL,NULL,NULL,NULL),
	(596,83,'#','Tanpa suara',NULL,NULL,NULL,1,NULL,NULL,NULL,NULL,NULL,NULL),
	(597,83,'a','Trek suara optik pada film',NULL,NULL,NULL,1,NULL,NULL,NULL,NULL,NULL,NULL),
	(598,83,'b','Trek magnetik pada film',NULL,NULL,NULL,1,NULL,NULL,NULL,NULL,NULL,NULL),
	(599,83,'c','Pita audio magnetik pada kartrij',NULL,NULL,NULL,1,NULL,NULL,NULL,NULL,NULL,NULL),
	(600,83,'d','Cakram suara (Sound disc)',NULL,NULL,NULL,1,NULL,NULL,NULL,NULL,NULL,NULL),
	(601,83,'e','Pita audio magnetik gulungan',NULL,NULL,NULL,1,NULL,NULL,NULL,NULL,NULL,NULL),
	(602,83,'f','Pita audio magnetik pada kaset',NULL,NULL,NULL,1,NULL,NULL,NULL,NULL,NULL,NULL),
	(603,83,'g','Jalur suara optik dan magnetik pada film',NULL,NULL,NULL,1,NULL,NULL,NULL,NULL,NULL,NULL),
	(604,83,'h','Pita video',NULL,NULL,NULL,1,NULL,NULL,NULL,NULL,NULL,NULL),
	(605,83,'i','Cakram video',NULL,NULL,NULL,1,NULL,NULL,NULL,NULL,NULL,NULL),
	(606,83,'u','Tidak diketahui',NULL,NULL,NULL,1,NULL,NULL,NULL,NULL,NULL,NULL),
	(607,83,'z','Lainnya',NULL,NULL,NULL,1,NULL,NULL,NULL,NULL,NULL,NULL),
	(608,83,'|','Tidak ada kode yang sesuai',NULL,NULL,NULL,1,NULL,NULL,NULL,NULL,NULL,NULL),
	(609,84,'a','8 mm',NULL,NULL,NULL,1,NULL,NULL,NULL,NULL,NULL,NULL),
	(610,84,'m',' inci',NULL,NULL,NULL,1,NULL,NULL,NULL,NULL,NULL,NULL),
	(611,84,'o',' inci',NULL,NULL,NULL,1,NULL,NULL,NULL,NULL,NULL,NULL),
	(612,84,'p','1 inci',NULL,NULL,NULL,1,NULL,NULL,NULL,NULL,NULL,NULL),
	(613,84,'q','2 inci',NULL,NULL,NULL,1,NULL,NULL,NULL,NULL,NULL,NULL),
	(614,84,'r',' inci',NULL,NULL,NULL,1,NULL,NULL,NULL,NULL,NULL,NULL),
	(615,84,'u','Tidak diketahui',NULL,NULL,NULL,1,NULL,NULL,NULL,NULL,NULL,NULL),
	(616,84,'z','Lainnya',NULL,NULL,NULL,1,NULL,NULL,NULL,NULL,NULL,NULL),
	(617,84,'|','Tidak ada kode yang sesuai',NULL,NULL,NULL,1,NULL,NULL,NULL,NULL,NULL,NULL),
	(618,85,'k','Campuran',NULL,NULL,NULL,1,NULL,NULL,NULL,NULL,NULL,NULL),
	(619,85,'m','Monaural',NULL,NULL,NULL,1,NULL,NULL,NULL,NULL,NULL,NULL),
	(620,85,'n','Tidak dapat diterapkan',NULL,NULL,NULL,1,NULL,NULL,NULL,NULL,NULL,NULL),
	(621,85,'q','Kudrafonik, saluran ganda, atau surround',NULL,NULL,NULL,1,NULL,NULL,NULL,NULL,NULL,NULL),
	(622,85,'s','Stereofonik',NULL,NULL,NULL,1,NULL,NULL,NULL,NULL,NULL,NULL),
	(623,85,'u','Tidak diketahui',NULL,NULL,NULL,1,NULL,NULL,NULL,NULL,NULL,NULL),
	(624,85,'z','Lainnya',NULL,NULL,NULL,1,NULL,NULL,NULL,NULL,NULL,NULL),
	(625,85,'|','Tidak ada kode yang sesuai',NULL,NULL,NULL,1,NULL,NULL,NULL,NULL,NULL,NULL),
	(626,86,'000','Lama waktu tayang lebih dari tiga karakter',NULL,NULL,NULL,1,NULL,NULL,NULL,NULL,NULL,NULL),
	(627,86,'001-999','Lama waktu tayang',NULL,NULL,NULL,1,NULL,NULL,NULL,NULL,NULL,NULL),
	(628,86,'---','Lama waktu tayang tidak diketahui',NULL,NULL,NULL,1,NULL,NULL,NULL,NULL,NULL,NULL),
	(629,86,'nnn','Tidak dapat diterapkan',NULL,NULL,NULL,1,NULL,NULL,NULL,NULL,NULL,NULL),
	(630,86,'|||','Tidak ada kode yang sesuai',NULL,NULL,NULL,1,NULL,NULL,NULL,NULL,NULL,NULL),
	(631,88,'a','Animasi',NULL,NULL,NULL,1,NULL,NULL,NULL,NULL,NULL,NULL),
	(632,88,'c','Animasi dan aksi hidup (live action)',NULL,NULL,NULL,1,NULL,NULL,NULL,NULL,NULL,NULL),
	(633,88,'l','Aksi hidup (live action)',NULL,NULL,NULL,1,NULL,NULL,NULL,NULL,NULL,NULL),
	(634,88,'n','Tidak dapat diterapkan',NULL,NULL,NULL,1,NULL,NULL,NULL,NULL,NULL,NULL),
	(635,88,'u','Tidak diketahui',NULL,NULL,NULL,1,NULL,NULL,NULL,NULL,NULL,NULL),
	(636,88,'z','Teknik lain',NULL,NULL,NULL,1,NULL,NULL,NULL,NULL,NULL,NULL),
	(637,88,'|','Tidak ada kode yang sesuai',NULL,NULL,NULL,1,NULL,NULL,NULL,NULL,NULL,NULL),
	(638,90,'q','Musik bernotasi',NULL,NULL,NULL,1,NULL,NULL,NULL,NULL,NULL,NULL),
	(639,91,'u','Tidak spesifik',NULL,NULL,NULL,1,NULL,NULL,NULL,NULL,NULL,NULL),
	(640,91,'|','Tidak ada kode yang sesuai',NULL,NULL,NULL,1,NULL,NULL,NULL,NULL,NULL,NULL),
	(641,99,'o','Kit',NULL,NULL,NULL,1,NULL,NULL,NULL,NULL,NULL,NULL),
	(642,100,'u','Tidak spesifik',NULL,NULL,NULL,1,NULL,NULL,NULL,NULL,NULL,NULL),
	(643,100,'|','Tidak ada kode yang sesuai',NULL,NULL,NULL,1,NULL,NULL,NULL,NULL,NULL,NULL),
	(644,103,'d','Cakram suara',NULL,NULL,NULL,1,NULL,NULL,NULL,NULL,NULL,NULL),
	(645,103,'e','Silinder',NULL,NULL,NULL,1,NULL,NULL,NULL,NULL,NULL,NULL),
	(646,103,'g','Kartrij suara',NULL,NULL,NULL,1,NULL,NULL,NULL,NULL,NULL,NULL),
	(647,103,'i','Sound-track film',NULL,NULL,NULL,1,NULL,NULL,NULL,NULL,NULL,NULL),
	(648,103,'q','Rol',NULL,NULL,NULL,1,NULL,NULL,NULL,NULL,NULL,NULL),
	(649,103,'s','Kaset suara',NULL,NULL,NULL,1,NULL,NULL,NULL,NULL,NULL,NULL),
	(650,103,'t','Ril pita suara',NULL,NULL,NULL,1,NULL,NULL,NULL,NULL,NULL,NULL),
	(651,103,'u','Tidak spesifik',NULL,NULL,NULL,1,NULL,NULL,NULL,NULL,NULL,NULL),
	(652,103,'w','Rekaman kawat (Wire recording)',NULL,NULL,NULL,1,NULL,NULL,NULL,NULL,NULL,NULL),
	(653,103,'z','Lainnya',NULL,NULL,NULL,1,NULL,NULL,NULL,NULL,NULL,NULL),
	(654,103,'|','Tidak ada kode yang sesuai',NULL,NULL,NULL,1,NULL,NULL,NULL,NULL,NULL,NULL),
	(655,104,'a','16 rpm',NULL,NULL,NULL,1,NULL,NULL,NULL,NULL,NULL,NULL),
	(656,104,'b','33 1/3 rpm',NULL,NULL,NULL,1,NULL,NULL,NULL,NULL,NULL,NULL),
	(657,104,'c','45 rpm',NULL,NULL,NULL,1,NULL,NULL,NULL,NULL,NULL,NULL),
	(658,104,'d','78 rpm',NULL,NULL,NULL,1,NULL,NULL,NULL,NULL,NULL,NULL),
	(659,104,'e','8 rpm',NULL,NULL,NULL,1,NULL,NULL,NULL,NULL,NULL,NULL),
	(660,104,'f','1.4 m. per detik',NULL,NULL,NULL,1,NULL,NULL,NULL,NULL,NULL,NULL),
	(661,104,'h','120 rpm',NULL,NULL,NULL,1,NULL,NULL,NULL,NULL,NULL,NULL),
	(662,104,'i','160 rpm',NULL,NULL,NULL,1,NULL,NULL,NULL,NULL,NULL,NULL),
	(663,104,'k','15/16 ips',NULL,NULL,NULL,1,NULL,NULL,NULL,NULL,NULL,NULL),
	(664,104,'l','1 7/8 ips',NULL,NULL,NULL,1,NULL,NULL,NULL,NULL,NULL,NULL),
	(665,104,'m','3  ips',NULL,NULL,NULL,1,NULL,NULL,NULL,NULL,NULL,NULL),
	(666,104,'o','7  ips',NULL,NULL,NULL,1,NULL,NULL,NULL,NULL,NULL,NULL),
	(667,104,'p','15 ips',NULL,NULL,NULL,1,NULL,NULL,NULL,NULL,NULL,NULL),
	(668,104,'r','30 ips',NULL,NULL,NULL,1,NULL,NULL,NULL,NULL,NULL,NULL),
	(669,104,'u','Tidak diketahui',NULL,NULL,NULL,1,NULL,NULL,NULL,NULL,NULL,NULL),
	(670,104,'z','Lainnya',NULL,NULL,NULL,1,NULL,NULL,NULL,NULL,NULL,NULL),
	(671,104,'|','Tidak ada kode yang sesuai',NULL,NULL,NULL,1,NULL,NULL,NULL,NULL,NULL,NULL),
	(672,105,'m','Monaural',NULL,NULL,NULL,1,NULL,NULL,NULL,NULL,NULL,NULL),
	(673,105,'q','Kuadrafonik',NULL,NULL,NULL,1,NULL,NULL,NULL,NULL,NULL,NULL),
	(674,105,'s','Stereofonik',NULL,NULL,NULL,1,NULL,NULL,NULL,NULL,NULL,NULL),
	(675,105,'u','Tidak diketahui',NULL,NULL,NULL,1,NULL,NULL,NULL,NULL,NULL,NULL),
	(676,105,'z','Lainnya',NULL,NULL,NULL,1,NULL,NULL,NULL,NULL,NULL,NULL),
	(677,105,'|','Tidak ada kode yang sesuai',NULL,NULL,NULL,1,NULL,NULL,NULL,NULL,NULL,NULL),
	(678,106,'m','Alur mikro/halus',NULL,NULL,NULL,1,NULL,NULL,NULL,NULL,NULL,NULL),
	(679,106,'n','Tidak dapat diterapkan',NULL,NULL,NULL,1,NULL,NULL,NULL,NULL,NULL,NULL),
	(680,106,'s','Kasar/standar',NULL,NULL,NULL,1,NULL,NULL,NULL,NULL,NULL,NULL),
	(681,106,'u','Tidak diketahui',NULL,NULL,NULL,1,NULL,NULL,NULL,NULL,NULL,NULL),
	(682,106,'z','Lainnya',NULL,NULL,NULL,1,NULL,NULL,NULL,NULL,NULL,NULL),
	(683,106,'|','Tidak ada kode yang sesuai',NULL,NULL,NULL,1,NULL,NULL,NULL,NULL,NULL,NULL),
	(684,107,'a','3 inci',NULL,NULL,NULL,1,NULL,NULL,NULL,NULL,NULL,NULL),
	(685,107,'b','5 inci',NULL,NULL,NULL,1,NULL,NULL,NULL,NULL,NULL,NULL),
	(686,107,'c','7 inci',NULL,NULL,NULL,1,NULL,NULL,NULL,NULL,NULL,NULL),
	(687,107,'d','10 inci',NULL,NULL,NULL,1,NULL,NULL,NULL,NULL,NULL,NULL),
	(688,107,'e','12 inci',NULL,NULL,NULL,1,NULL,NULL,NULL,NULL,NULL,NULL),
	(689,107,'f','16 inci',NULL,NULL,NULL,1,NULL,NULL,NULL,NULL,NULL,NULL),
	(690,107,'g','4  inci or 12 cm',NULL,NULL,NULL,1,NULL,NULL,NULL,NULL,NULL,NULL),
	(691,107,'j','3 7/8 x 2  inci',NULL,NULL,NULL,1,NULL,NULL,NULL,NULL,NULL,NULL),
	(692,107,'n','Tidak dapat diterapkan',NULL,NULL,NULL,1,NULL,NULL,NULL,NULL,NULL,NULL),
	(693,107,'o','5  x 3 7/8 inci',NULL,NULL,NULL,1,NULL,NULL,NULL,NULL,NULL,NULL),
	(694,107,'s','2  x 4 inci',NULL,NULL,NULL,1,NULL,NULL,NULL,NULL,NULL,NULL),
	(695,107,'u','Tidak diketahui',NULL,NULL,NULL,1,NULL,NULL,NULL,NULL,NULL,NULL),
	(696,107,'z','Lainnya',NULL,NULL,NULL,1,NULL,NULL,NULL,NULL,NULL,NULL),
	(697,107,'|','Tidak ada kode yang sesuai',NULL,NULL,NULL,1,NULL,NULL,NULL,NULL,NULL,NULL),
	(698,108,'l','1/8 inci',NULL,NULL,NULL,1,NULL,NULL,NULL,NULL,NULL,NULL),
	(699,108,'m',' inci',NULL,NULL,NULL,1,NULL,NULL,NULL,NULL,NULL,NULL),
	(700,108,'n','Tidak dapat diterapkan',NULL,NULL,NULL,1,NULL,NULL,NULL,NULL,NULL,NULL),
	(701,108,'o',' inci',NULL,NULL,NULL,1,NULL,NULL,NULL,NULL,NULL,NULL),
	(702,108,'p','1 inci',NULL,NULL,NULL,1,NULL,NULL,NULL,NULL,NULL,NULL),
	(703,108,'u','Tidak diketahui',NULL,NULL,NULL,1,NULL,NULL,NULL,NULL,NULL,NULL),
	(704,108,'z','Lainnya',NULL,NULL,NULL,1,NULL,NULL,NULL,NULL,NULL,NULL),
	(705,108,'|','Tidak ada kode yang sesuai',NULL,NULL,NULL,1,NULL,NULL,NULL,NULL,NULL,NULL),
	(706,109,'a','Trek penuh (1)',NULL,NULL,NULL,1,NULL,NULL,NULL,NULL,NULL,NULL),
	(707,109,'b','Trek setengah (2)',NULL,NULL,NULL,1,NULL,NULL,NULL,NULL,NULL,NULL),
	(708,109,'c','Trek seperempat (4)',NULL,NULL,NULL,1,NULL,NULL,NULL,NULL,NULL,NULL),
	(709,109,'d','Trek delapan',NULL,NULL,NULL,1,NULL,NULL,NULL,NULL,NULL,NULL),
	(710,109,'e','Trek dua belas',NULL,NULL,NULL,1,NULL,NULL,NULL,NULL,NULL,NULL),
	(711,109,'f','Trek enam belas',NULL,NULL,NULL,1,NULL,NULL,NULL,NULL,NULL,NULL),
	(712,109,'n','Tidak dapat diterapkan',NULL,NULL,NULL,1,NULL,NULL,NULL,NULL,NULL,NULL),
	(713,109,'u','Tidak diketahui',NULL,NULL,NULL,1,NULL,NULL,NULL,NULL,NULL,NULL),
	(714,109,'z','Lainnya',NULL,NULL,NULL,1,NULL,NULL,NULL,NULL,NULL,NULL),
	(715,109,'|','Tidak ada kode yang sesuai',NULL,NULL,NULL,1,NULL,NULL,NULL,NULL,NULL,NULL),
	(716,110,'a','Pita master',NULL,NULL,NULL,1,NULL,NULL,NULL,NULL,NULL,NULL),
	(717,110,'b','Master duplikasi pita',NULL,NULL,NULL,1,NULL,NULL,NULL,NULL,NULL,NULL),
	(718,110,'d','Cakram master (negatif)',NULL,NULL,NULL,1,NULL,NULL,NULL,NULL,NULL,NULL),
	(719,110,'i','Instan (rekaman di lokasi)',NULL,NULL,NULL,1,NULL,NULL,NULL,NULL,NULL,NULL),
	(720,110,'m','Produksi massal',NULL,NULL,NULL,1,NULL,NULL,NULL,NULL,NULL,NULL),
	(721,110,'n','Tidak dapat diterapkan',NULL,NULL,NULL,1,NULL,NULL,NULL,NULL,NULL,NULL),
	(722,110,'r','Biang (positif) = Mother (positive)',NULL,NULL,NULL,1,NULL,NULL,NULL,NULL,NULL,NULL),
	(723,110,'s','Stamper (negatif)',NULL,NULL,NULL,1,NULL,NULL,NULL,NULL,NULL,NULL),
	(724,110,'t','Penekanan uji (Test pressing)',NULL,NULL,NULL,1,NULL,NULL,NULL,NULL,NULL,NULL),
	(725,110,'u','Tidak diketahui',NULL,NULL,NULL,1,NULL,NULL,NULL,NULL,NULL,NULL),
	(726,110,'z','Lainnya',NULL,NULL,NULL,1,NULL,NULL,NULL,NULL,NULL,NULL),
	(727,110,'|','Tidak ada kode yang sesuai',NULL,NULL,NULL,1,NULL,NULL,NULL,NULL,NULL,NULL),
	(728,111,'a','Salutan lak',NULL,NULL,NULL,1,NULL,NULL,NULL,NULL,NULL,NULL),
	(729,111,'b','Selulosa nitrat',NULL,NULL,NULL,1,NULL,NULL,NULL,NULL,NULL,NULL),
	(730,111,'c','Pita asetat dengan fero oksida',NULL,NULL,NULL,1,NULL,NULL,NULL,NULL,NULL,NULL),
	(731,111,'g','Kaca dengan lak',NULL,NULL,NULL,1,NULL,NULL,NULL,NULL,NULL,NULL),
	(732,111,'i','Aluminium dengan lak',NULL,NULL,NULL,1,NULL,NULL,NULL,NULL,NULL,NULL),
	(733,111,'l','Logam',NULL,NULL,NULL,1,NULL,NULL,NULL,NULL,NULL,NULL),
	(734,111,'m','Plastik dengan logam',NULL,NULL,NULL,1,NULL,NULL,NULL,NULL,NULL,NULL),
	(735,111,'p','Plastik',NULL,NULL,NULL,1,NULL,NULL,NULL,NULL,NULL,NULL),
	(736,111,'r','Kertas dengan lak atau fero oksida',NULL,NULL,NULL,1,NULL,NULL,NULL,NULL,NULL,NULL),
	(737,111,'s','Lak',NULL,NULL,NULL,1,NULL,NULL,NULL,NULL,NULL,NULL),
	(738,111,'w','Lilin',NULL,NULL,NULL,1,NULL,NULL,NULL,NULL,NULL,NULL),
	(739,111,'u','Tidak diketahui',NULL,NULL,NULL,1,NULL,NULL,NULL,NULL,NULL,NULL),
	(740,111,'z','Lainnya',NULL,NULL,NULL,1,NULL,NULL,NULL,NULL,NULL,NULL),
	(741,111,'|','Tidak ada kode yang sesuai',NULL,NULL,NULL,1,NULL,NULL,NULL,NULL,NULL,NULL),
	(742,112,'h','Pemotongan ke atas dan ke bawah (Hill-and-dale cutting)',NULL,NULL,NULL,1,NULL,NULL,NULL,NULL,NULL,NULL),
	(743,112,'l','Pemotongan lateral atau kombinasi',NULL,NULL,NULL,1,NULL,NULL,NULL,NULL,NULL,NULL),
	(744,112,'n','Tidak dapat diterapkan',NULL,NULL,NULL,1,NULL,NULL,NULL,NULL,NULL,NULL),
	(745,112,'u','Tidak diketahui',NULL,NULL,NULL,1,NULL,NULL,NULL,NULL,NULL,NULL),
	(746,112,'|','Tidak ada kode yang sesuai',NULL,NULL,NULL,1,NULL,NULL,NULL,NULL,NULL,NULL),
	(747,113,'a','Standar NAB (National Associating of Broadcasters)',NULL,NULL,NULL,1,NULL,NULL,NULL,NULL,NULL,NULL),
	(748,113,'b','Standar CCIR (Comite Consultatif de la Radiodiffusion playback equalization)',NULL,NULL,NULL,1,NULL,NULL,NULL,NULL,NULL,NULL),
	(749,113,'c','Dolby - B encoded',NULL,NULL,NULL,1,NULL,NULL,NULL,NULL,NULL,NULL),
	(750,113,'d','DBX encoded',NULL,NULL,NULL,1,NULL,NULL,NULL,NULL,NULL,NULL),
	(751,113,'e','Perekam digital',NULL,NULL,NULL,1,NULL,NULL,NULL,NULL,NULL,NULL),
	(752,113,'f','Dolby - A encoded',NULL,NULL,NULL,1,NULL,NULL,NULL,NULL,NULL,NULL),
	(753,113,'g','Dolby - C encoded',NULL,NULL,NULL,1,NULL,NULL,NULL,NULL,NULL,NULL),
	(754,113,'h','CX encoded',NULL,NULL,NULL,1,NULL,NULL,NULL,NULL,NULL,NULL),
	(755,113,'n','Tidak dapat diterapkan',NULL,NULL,NULL,1,NULL,NULL,NULL,NULL,NULL,NULL),
	(756,113,'u','Tidak diketahui',NULL,NULL,NULL,1,NULL,NULL,NULL,NULL,NULL,NULL),
	(757,113,'z','Lainnya',NULL,NULL,NULL,1,NULL,NULL,NULL,NULL,NULL,NULL),
	(758,113,'|','Tidak ada kode yang sesuai',NULL,NULL,NULL,1,NULL,NULL,NULL,NULL,NULL,NULL),
	(759,114,'a','Pengambilan akustis, penyimpanan langsung',NULL,NULL,NULL,1,NULL,NULL,NULL,NULL,NULL,NULL),
	(760,114,'b','Penyimpanan langsung, tidak akustis',NULL,NULL,NULL,1,NULL,NULL,NULL,NULL,NULL,NULL),
	(761,114,'d','Penyimpanan digital',NULL,NULL,NULL,1,NULL,NULL,NULL,NULL,NULL,NULL),
	(762,114,'e','Penyimpanan elektronik analog',NULL,NULL,NULL,1,NULL,NULL,NULL,NULL,NULL,NULL),
	(763,114,'u','Tidak diketahui',NULL,NULL,NULL,1,NULL,NULL,NULL,NULL,NULL,NULL),
	(764,114,'z','Lainnya',NULL,NULL,NULL,1,NULL,NULL,NULL,NULL,NULL,NULL),
	(765,114,'|','Tidak ada kode yang sesuai',NULL,NULL,NULL,1,NULL,NULL,NULL,NULL,NULL,NULL),
	(766,115,'an','Lagu kebangsaan',NULL,NULL,NULL,1,NULL,NULL,NULL,NULL,NULL,NULL),
	(767,115,'bd','Balada',NULL,NULL,NULL,1,NULL,NULL,NULL,NULL,NULL,NULL),
	(768,115,'bg','Musik bluegrass',NULL,NULL,NULL,1,NULL,NULL,NULL,NULL,NULL,NULL),
	(769,115,'bl','Musik blues',NULL,NULL,NULL,1,NULL,NULL,NULL,NULL,NULL,NULL),
	(770,115,'bt','Musik balet',NULL,NULL,NULL,1,NULL,NULL,NULL,NULL,NULL,NULL),
	(771,115,'ca','Chaconnes',NULL,NULL,NULL,1,NULL,NULL,NULL,NULL,NULL,NULL),
	(772,115,'cb','Lagu rohani (Chant) untuk agama lain selain kristen',NULL,NULL,NULL,1,NULL,NULL,NULL,NULL,NULL,NULL),
	(773,115,'cc','Lagu rohani (Chant) Kristen',NULL,NULL,NULL,1,NULL,NULL,NULL,NULL,NULL,NULL),
	(774,115,'cg','Concerti grossi',NULL,NULL,NULL,1,NULL,NULL,NULL,NULL,NULL,NULL),
	(775,115,'ch','Paduan suara (Chorales)',NULL,NULL,NULL,1,NULL,NULL,NULL,NULL,NULL,NULL),
	(776,115,'cl','Paduan suara pembuka (Chorale preludes',NULL,NULL,NULL,1,NULL,NULL,NULL,NULL,NULL,NULL),
	(777,115,'cn','Kanon dan rounds',NULL,NULL,NULL,1,NULL,NULL,NULL,NULL,NULL,NULL),
	(778,115,'co','Konser',NULL,NULL,NULL,1,NULL,NULL,NULL,NULL,NULL,NULL),
	(779,115,'cp','Chansons, polifonik',NULL,NULL,NULL,1,NULL,NULL,NULL,NULL,NULL,NULL),
	(780,115,'cr','Lagu gembira (Carols)',NULL,NULL,NULL,1,NULL,NULL,NULL,NULL,NULL,NULL),
	(781,115,'cs','Chance compositions',NULL,NULL,NULL,1,NULL,NULL,NULL,NULL,NULL,NULL),
	(782,115,'ct','Kantata',NULL,NULL,NULL,1,NULL,NULL,NULL,NULL,NULL,NULL),
	(783,115,'cy','Musik country',NULL,NULL,NULL,1,NULL,NULL,NULL,NULL,NULL,NULL),
	(784,115,'cz','Canzonas',NULL,NULL,NULL,1,NULL,NULL,NULL,NULL,NULL,NULL),
	(785,115,'df','Musik dansa',NULL,NULL,NULL,1,NULL,NULL,NULL,NULL,NULL,NULL),
	(786,115,'dv','Divertimentos, serenade, cassation, divertissement, notturni',NULL,NULL,NULL,1,NULL,NULL,NULL,NULL,NULL,NULL),
	(787,115,'fg','Fugue',NULL,NULL,NULL,1,NULL,NULL,NULL,NULL,NULL,NULL),
	(788,115,'fm','Musik rakyat',NULL,NULL,NULL,1,NULL,NULL,NULL,NULL,NULL,NULL),
	(789,115,'ft','Fantasia',NULL,NULL,NULL,1,NULL,NULL,NULL,NULL,NULL,NULL),
	(790,115,'gm','Musik gospel',NULL,NULL,NULL,1,NULL,NULL,NULL,NULL,NULL,NULL),
	(791,115,'hy','Hymne',NULL,NULL,NULL,1,NULL,NULL,NULL,NULL,NULL,NULL),
	(792,115,'jz','Jazz',NULL,NULL,NULL,1,NULL,NULL,NULL,NULL,NULL,NULL),
	(793,115,'mc','Musical revues and comedies',NULL,NULL,NULL,1,NULL,NULL,NULL,NULL,NULL,NULL),
	(794,115,'md','Madrigal',NULL,NULL,NULL,1,NULL,NULL,NULL,NULL,NULL,NULL),
	(795,115,'mi','Minuet',NULL,NULL,NULL,1,NULL,NULL,NULL,NULL,NULL,NULL),
	(796,115,'mo','Motet',NULL,NULL,NULL,1,NULL,NULL,NULL,NULL,NULL,NULL),
	(797,115,'mp','Musik film',NULL,NULL,NULL,1,NULL,NULL,NULL,NULL,NULL,NULL),
	(798,115,'mr','Mars',NULL,NULL,NULL,1,NULL,NULL,NULL,NULL,NULL,NULL),
	(799,115,'ms','Misa',NULL,NULL,NULL,1,NULL,NULL,NULL,NULL,NULL,NULL),
	(800,115,'mu','Bentuk majemuk',NULL,NULL,NULL,1,NULL,NULL,NULL,NULL,NULL,NULL),
	(801,115,'mz','Mazurka',NULL,NULL,NULL,1,NULL,NULL,NULL,NULL,NULL,NULL),
	(802,115,'nc','Nocturne',NULL,NULL,NULL,1,NULL,NULL,NULL,NULL,NULL,NULL),
	(803,115,'nn','Tidak dapat diterapkan',NULL,NULL,NULL,1,NULL,NULL,NULL,NULL,NULL,NULL),
	(804,115,'op','Opera',NULL,NULL,NULL,1,NULL,NULL,NULL,NULL,NULL,NULL),
	(805,115,'or','Oratorio',NULL,NULL,NULL,1,NULL,NULL,NULL,NULL,NULL,NULL),
	(806,115,'ov','Overture',NULL,NULL,NULL,1,NULL,NULL,NULL,NULL,NULL,NULL),
	(807,115,'pg','Musik program',NULL,NULL,NULL,1,NULL,NULL,NULL,NULL,NULL,NULL),
	(808,115,'pm','Passion music',NULL,NULL,NULL,1,NULL,NULL,NULL,NULL,NULL,NULL),
	(809,115,'po','Polonaise',NULL,NULL,NULL,1,NULL,NULL,NULL,NULL,NULL,NULL),
	(810,115,'pp','Musik populer',NULL,NULL,NULL,1,NULL,NULL,NULL,NULL,NULL,NULL),
	(811,115,'pr','Prelude',NULL,NULL,NULL,1,NULL,NULL,NULL,NULL,NULL,NULL),
	(812,115,'ps','Passacaglia',NULL,NULL,NULL,1,NULL,NULL,NULL,NULL,NULL,NULL),
	(813,115,'pt','Part-songs',NULL,NULL,NULL,1,NULL,NULL,NULL,NULL,NULL,NULL),
	(814,115,'pv','Pavan',NULL,NULL,NULL,1,NULL,NULL,NULL,NULL,NULL,NULL),
	(815,115,'rc','Rock',NULL,NULL,NULL,1,NULL,NULL,NULL,NULL,NULL,NULL),
	(816,115,'rd','Rondo',NULL,NULL,NULL,1,NULL,NULL,NULL,NULL,NULL,NULL),
	(817,115,'rg','Ragtime',NULL,NULL,NULL,1,NULL,NULL,NULL,NULL,NULL,NULL),
	(818,115,'ri','Ricercars',NULL,NULL,NULL,1,NULL,NULL,NULL,NULL,NULL,NULL),
	(819,115,'rp','Rhapsodi',NULL,NULL,NULL,1,NULL,NULL,NULL,NULL,NULL,NULL),
	(820,115,'rq','Requiem',NULL,NULL,NULL,1,NULL,NULL,NULL,NULL,NULL,NULL),
	(821,115,'sd','Square dance music',NULL,NULL,NULL,1,NULL,NULL,NULL,NULL,NULL,NULL),
	(822,115,'sg','Lagu',NULL,NULL,NULL,1,NULL,NULL,NULL,NULL,NULL,NULL),
	(823,115,'sn','Sonata',NULL,NULL,NULL,1,NULL,NULL,NULL,NULL,NULL,NULL),
	(824,115,'sp','Symphonic poems',NULL,NULL,NULL,1,NULL,NULL,NULL,NULL,NULL,NULL),
	(825,115,'st','Pelajaran dan latihan',NULL,NULL,NULL,1,NULL,NULL,NULL,NULL,NULL,NULL),
	(826,115,'su','Suite',NULL,NULL,NULL,1,NULL,NULL,NULL,NULL,NULL,NULL),
	(827,115,'sy','Simfoni',NULL,NULL,NULL,1,NULL,NULL,NULL,NULL,NULL,NULL),
	(828,115,'tc','Toccatas',NULL,NULL,NULL,1,NULL,NULL,NULL,NULL,NULL,NULL),
	(829,115,'tl','Teatro lirico',NULL,NULL,NULL,1,NULL,NULL,NULL,NULL,NULL,NULL),
	(830,115,'ts','Trio-sonata',NULL,NULL,NULL,1,NULL,NULL,NULL,NULL,NULL,NULL),
	(831,115,'uu','Tidak diketahui',NULL,NULL,NULL,1,NULL,NULL,NULL,NULL,NULL,NULL),
	(832,115,'vr','Bervariasi',NULL,NULL,NULL,1,NULL,NULL,NULL,NULL,NULL,NULL),
	(833,115,'vw','Waltz',NULL,NULL,NULL,1,NULL,NULL,NULL,NULL,NULL,NULL),
	(834,115,'za','Zarzuelas',NULL,NULL,NULL,1,NULL,NULL,NULL,NULL,NULL,NULL),
	(835,115,'zz','Lainnya',NULL,NULL,NULL,1,NULL,NULL,NULL,NULL,NULL,NULL),
	(836,115,'||','Tidak ada kode yang sesuai',NULL,NULL,NULL,1,NULL,NULL,NULL,NULL,NULL,NULL),
	(837,116,'a','Notasi penuh',NULL,NULL,NULL,1,NULL,NULL,NULL,NULL,NULL,NULL),
	(838,116,'b','Notasi penuh, miniatur atau ringkas',NULL,NULL,NULL,1,NULL,NULL,NULL,NULL,NULL,NULL),
	(839,116,'c','Pengiring disederhanakan untuk keyboard',NULL,NULL,NULL,1,NULL,NULL,NULL,NULL,NULL,NULL),
	(840,116,'d','Notasi untuk vokal (Voice score)',NULL,NULL,NULL,1,NULL,NULL,NULL,NULL,NULL,NULL),
	(841,116,'e','Notasi ringkas atau Notasi untuk konduktor piano (Condensed score or piano-conductor score)',NULL,NULL,NULL,1,NULL,NULL,NULL,NULL,NULL,NULL),
	(842,116,'g','Notasi tertutup (Close score)',NULL,NULL,NULL,1,NULL,NULL,NULL,NULL,NULL,NULL),
	(843,116,'h','Notasi refrein (Chorus score)',NULL,NULL,NULL,1,NULL,NULL,NULL,NULL,NULL,NULL),
	(844,116,'i','Notasi ringkas (Condensed score)',NULL,NULL,NULL,1,NULL,NULL,NULL,NULL,NULL,NULL),
	(845,116,'j','Performer-conductor part',NULL,NULL,NULL,1,NULL,NULL,NULL,NULL,NULL,NULL),
	(846,116,'m','Bentuk notasi majemuk (Multiple score formats)',NULL,NULL,NULL,1,NULL,NULL,NULL,NULL,NULL,NULL),
	(847,116,'n','Tidak dapat diterapkan',NULL,NULL,NULL,1,NULL,NULL,NULL,NULL,NULL,NULL),
	(848,116,'u','Tidak diketahui',NULL,NULL,NULL,1,NULL,NULL,NULL,NULL,NULL,NULL),
	(849,116,'z','Lainnya',NULL,NULL,NULL,1,NULL,NULL,NULL,NULL,NULL,NULL),
	(850,116,'|','Tidak ada kode yang sesuai',NULL,NULL,NULL,1,NULL,NULL,NULL,NULL,NULL,NULL),
	(851,117,'#','Tidak ada bagian atau tidak dijelaskan',NULL,NULL,NULL,1,NULL,NULL,NULL,NULL,NULL,NULL),
	(852,117,'d','Bagian instrumental dan vokal',NULL,NULL,NULL,1,NULL,NULL,NULL,NULL,NULL,NULL),
	(853,117,'e','Bagian instrumental',NULL,NULL,NULL,1,NULL,NULL,NULL,NULL,NULL,NULL),
	(854,117,'f','Bagian vokal',NULL,NULL,NULL,1,NULL,NULL,NULL,NULL,NULL,NULL),
	(855,117,'n','Tidak dapat diterapkan',NULL,NULL,NULL,1,NULL,NULL,NULL,NULL,NULL,NULL),
	(856,117,'u','Tidak diketahui',NULL,NULL,NULL,1,NULL,NULL,NULL,NULL,NULL,NULL),
	(857,117,'|','Tidak ada kode yang sesuai',NULL,NULL,NULL,1,NULL,NULL,NULL,NULL,NULL,NULL),
	(858,118,'#','Tidak ada bahan sertaan',NULL,NULL,NULL,1,NULL,NULL,NULL,NULL,NULL,NULL),
	(859,118,'a','Diskografi',NULL,NULL,NULL,1,NULL,NULL,NULL,NULL,NULL,NULL),
	(860,118,'b','Bibliografi',NULL,NULL,NULL,1,NULL,NULL,NULL,NULL,NULL,NULL),
	(861,118,'c','Indeks tematik',NULL,NULL,NULL,1,NULL,NULL,NULL,NULL,NULL,NULL),
	(862,118,'d','Libretto atau teks',NULL,NULL,NULL,1,NULL,NULL,NULL,NULL,NULL,NULL),
	(863,118,'e','Biografi komponis atau pencipta',NULL,NULL,NULL,1,NULL,NULL,NULL,NULL,NULL,NULL),
	(864,118,'f','Biografi pemain atau sejarah ansambel',NULL,NULL,NULL,1,NULL,NULL,NULL,NULL,NULL,NULL),
	(865,118,'g','Informasi teknis atau historis tentang instrumen musik',NULL,NULL,NULL,1,NULL,NULL,NULL,NULL,NULL,NULL),
	(866,118,'h','Informasi teknis tentang musik',NULL,NULL,NULL,1,NULL,NULL,NULL,NULL,NULL,NULL),
	(867,118,'i','Informasi historis',NULL,NULL,NULL,1,NULL,NULL,NULL,NULL,NULL,NULL),
	(868,118,'k','Informasi etnologis',NULL,NULL,NULL,1,NULL,NULL,NULL,NULL,NULL,NULL),
	(869,118,'r','Instruksi/petunjuk',NULL,NULL,NULL,1,NULL,NULL,NULL,NULL,NULL,NULL),
	(870,118,'s','Musik',NULL,NULL,NULL,1,NULL,NULL,NULL,NULL,NULL,NULL),
	(871,118,'z','Lainnya',NULL,NULL,NULL,1,NULL,NULL,NULL,NULL,NULL,NULL),
	(872,118,'|','Tidak ada kode yang sesuai',NULL,NULL,NULL,1,NULL,NULL,NULL,NULL,NULL,NULL),
	(873,119,'#','Bahan merupakan rekaman suara musik',NULL,NULL,NULL,1,NULL,NULL,NULL,NULL,NULL,NULL),
	(874,119,'a','Otobiografi',NULL,NULL,NULL,1,NULL,NULL,NULL,NULL,NULL,NULL),
	(875,119,'b','Biografi',NULL,NULL,NULL,1,NULL,NULL,NULL,NULL,NULL,NULL),
	(876,119,'c','Prosiding pertemuan, konferensi, dsb',NULL,NULL,NULL,1,NULL,NULL,NULL,NULL,NULL,NULL),
	(877,119,'d','Drama',NULL,NULL,NULL,1,NULL,NULL,NULL,NULL,NULL,NULL),
	(878,119,'e','Esai',NULL,NULL,NULL,1,NULL,NULL,NULL,NULL,NULL,NULL),
	(879,119,'f','Fiksi',NULL,NULL,NULL,1,NULL,NULL,NULL,NULL,NULL,NULL),
	(880,119,'g','Laporan/reportase',NULL,NULL,NULL,1,NULL,NULL,NULL,NULL,NULL,NULL),
	(881,119,'h','Sejarah',NULL,NULL,NULL,1,NULL,NULL,NULL,NULL,NULL,NULL),
	(882,119,'i','Instruksi/petunjuk',NULL,NULL,NULL,1,NULL,NULL,NULL,NULL,NULL,NULL),
	(883,119,'j','Bahasa instruksi',NULL,NULL,NULL,1,NULL,NULL,NULL,NULL,NULL,NULL),
	(884,119,'k','Komedi',NULL,NULL,NULL,1,NULL,NULL,NULL,NULL,NULL,NULL),
	(885,119,'l','Kuliah, ceramah',NULL,NULL,NULL,1,NULL,NULL,NULL,NULL,NULL,NULL),
	(886,119,'m','Memoar',NULL,NULL,NULL,1,NULL,NULL,NULL,NULL,NULL,NULL),
	(887,119,'n','Tidak dapat diterapkan',NULL,NULL,NULL,1,NULL,NULL,NULL,NULL,NULL,NULL),
	(888,119,'o','Cerita rakyat',NULL,NULL,NULL,1,NULL,NULL,NULL,NULL,NULL,NULL),
	(889,119,'p','Puisi',NULL,NULL,NULL,1,NULL,NULL,NULL,NULL,NULL,NULL),
	(890,119,'r','Geladi',NULL,NULL,NULL,1,NULL,NULL,NULL,NULL,NULL,NULL),
	(891,119,'s','Bunyi',NULL,NULL,NULL,1,NULL,NULL,NULL,NULL,NULL,NULL),
	(892,119,'t','Wawancara',NULL,NULL,NULL,1,NULL,NULL,NULL,NULL,NULL,NULL),
	(893,119,'z','Lainnya',NULL,NULL,NULL,1,NULL,NULL,NULL,NULL,NULL,NULL),
	(894,119,'|','Tidak ada kode yang sesuai',NULL,NULL,NULL,1,NULL,NULL,NULL,NULL,NULL,NULL),
	(895,120,'#','Bukan aransemen atau transposisi atau tidak ditentukan',NULL,NULL,NULL,1,NULL,NULL,NULL,NULL,NULL,NULL),
	(896,120,'a','Transposisi',NULL,NULL,NULL,1,NULL,NULL,NULL,NULL,NULL,NULL),
	(897,120,'b','Aransemen',NULL,NULL,NULL,1,NULL,NULL,NULL,NULL,NULL,NULL),
	(898,120,'c','Ditransposisi dan dibuatkan aransemennya',NULL,NULL,NULL,1,NULL,NULL,NULL,NULL,NULL,NULL),
	(899,120,'n','Tidak dapat diterapkan',NULL,NULL,NULL,1,NULL,NULL,NULL,NULL,NULL,NULL),
	(900,120,'u','Tidak diketahui',NULL,NULL,NULL,1,NULL,NULL,NULL,NULL,NULL,NULL),
	(901,120,'|','Tidak ada kode yang sesuai',NULL,NULL,NULL,1,NULL,NULL,NULL,NULL,NULL,NULL),
	(902,123,'a','Kartu aperture',NULL,NULL,NULL,1,NULL,NULL,NULL,NULL,NULL,NULL),
	(903,123,'b','Kartrij mikrofilm',NULL,NULL,NULL,1,NULL,NULL,NULL,NULL,NULL,NULL),
	(904,123,'c','Kaset mikrofilm',NULL,NULL,NULL,1,NULL,NULL,NULL,NULL,NULL,NULL),
	(905,123,'d','Mikrofilm gulungan',NULL,NULL,NULL,1,NULL,NULL,NULL,NULL,NULL,NULL),
	(906,123,'e','Mikrofis',NULL,NULL,NULL,1,NULL,NULL,NULL,NULL,NULL,NULL),
	(907,123,'f','Kaset mikrofis',NULL,NULL,NULL,1,NULL,NULL,NULL,NULL,NULL,NULL),
	(908,123,'h','Slip mikrofilm',NULL,NULL,NULL,1,NULL,NULL,NULL,NULL,NULL,NULL),
	(909,123,'j','Rol mikrofilm',NULL,NULL,NULL,1,NULL,NULL,NULL,NULL,NULL,NULL),
	(910,123,'g','Mikrolegap',NULL,NULL,NULL,1,NULL,NULL,NULL,NULL,NULL,NULL),
	(911,123,'u','Tidak spesifik',NULL,NULL,NULL,1,NULL,NULL,NULL,NULL,NULL,NULL),
	(912,123,'z','Bentuk mikro lainnya',NULL,NULL,NULL,1,NULL,NULL,NULL,NULL,NULL,NULL),
	(913,123,'|','Tidak ada kode yang sesuai',NULL,NULL,NULL,1,NULL,NULL,NULL,NULL,NULL,NULL),
	(914,124,'a','Positif',NULL,NULL,NULL,1,NULL,NULL,NULL,NULL,NULL,NULL),
	(915,124,'b','Negatif',NULL,NULL,NULL,1,NULL,NULL,NULL,NULL,NULL,NULL),
	(916,124,'m','Polaritas campuran',NULL,NULL,NULL,1,NULL,NULL,NULL,NULL,NULL,NULL),
	(917,124,'u','Tidak diketahui',NULL,NULL,NULL,1,NULL,NULL,NULL,NULL,NULL,NULL),
	(918,124,'|','Tidak ada kode yang sesuai',NULL,NULL,NULL,1,NULL,NULL,NULL,NULL,NULL,NULL),
	(919,125,'a','8 mm',NULL,NULL,NULL,1,NULL,NULL,NULL,NULL,NULL,NULL),
	(920,125,'d','16 mm',NULL,NULL,NULL,1,NULL,NULL,NULL,NULL,NULL,NULL),
	(921,125,'f','35 mm',NULL,NULL,NULL,1,NULL,NULL,NULL,NULL,NULL,NULL),
	(922,125,'g','70 mm',NULL,NULL,NULL,1,NULL,NULL,NULL,NULL,NULL,NULL),
	(923,125,'h','105 mm',NULL,NULL,NULL,1,NULL,NULL,NULL,NULL,NULL,NULL),
	(924,125,'l','8x13 cm atau 3x5 inci',NULL,NULL,NULL,1,NULL,NULL,NULL,NULL,NULL,NULL),
	(925,125,'m','11x15 cm atau 4x6 inci',NULL,NULL,NULL,1,NULL,NULL,NULL,NULL,NULL,NULL),
	(926,125,'o','16x23 cm atau 6x9 inci',NULL,NULL,NULL,1,NULL,NULL,NULL,NULL,NULL,NULL),
	(927,125,'p','8x139x19 cm',NULL,NULL,NULL,1,NULL,NULL,NULL,NULL,NULL,NULL),
	(928,125,'u','Tidak diketahui',NULL,NULL,NULL,1,NULL,NULL,NULL,NULL,NULL,NULL),
	(929,125,'z','Dimensi lainnya',NULL,NULL,NULL,1,NULL,NULL,NULL,NULL,NULL,NULL),
	(930,125,'|','Tidak ada kode yang sesuai',NULL,NULL,NULL,1,NULL,NULL,NULL,NULL,NULL,NULL),
	(931,126,'a','Reduksi rendah (kurang dari 16x)(kurang dari 16:1)',NULL,NULL,NULL,1,NULL,NULL,NULL,NULL,NULL,NULL),
	(932,126,'b','Reduksi normal (16x-30x)(16:1-30:1)',NULL,NULL,NULL,1,NULL,NULL,NULL,NULL,NULL,NULL),
	(933,126,'c','Reduksi tinggi (16x-90x)(16:1-90:1)',NULL,NULL,NULL,1,NULL,NULL,NULL,NULL,NULL,NULL),
	(934,126,'d','Reduksi sangat tinggi (31x-60x)(31:1-60:1)',NULL,NULL,NULL,1,NULL,NULL,NULL,NULL,NULL,NULL),
	(935,126,'e','Reduksi ultra tinggi (di atas 90x)(di atas 90:1)',NULL,NULL,NULL,1,NULL,NULL,NULL,NULL,NULL,NULL),
	(936,126,'u','Tidak diketahui',NULL,NULL,NULL,1,NULL,NULL,NULL,NULL,NULL,NULL),
	(937,126,'v','Perbandingan reduksi bervariasi',NULL,NULL,NULL,1,NULL,NULL,NULL,NULL,NULL,NULL),
	(938,126,'|','Tidak ada kode yang sesuai',NULL,NULL,NULL,1,NULL,NULL,NULL,NULL,NULL,NULL),
	(939,127,'e150','Reduksi ultra tinggi, bentuk aslinya 150x bentuk mikro',NULL,NULL,NULL,1,NULL,NULL,NULL,NULL,NULL,NULL),
	(940,127,'c072','Reduksi tinggi, bentuk aslinya 72x bentuk mikro',NULL,NULL,NULL,1,NULL,NULL,NULL,NULL,NULL,NULL),
	(941,127,'u','Reduksi bentuk mikro terhadap bentuk aslinya tidak diketahui',NULL,NULL,NULL,1,NULL,NULL,NULL,NULL,NULL,NULL),
	(942,128,'b','Hitam putih / Monokrom (mis. hijau)',NULL,NULL,NULL,1,NULL,NULL,NULL,NULL,NULL,NULL),
	(943,128,'c','Banyak warna',NULL,NULL,NULL,1,NULL,NULL,NULL,NULL,NULL,NULL),
	(944,128,'m','Kombinasi monokrom dan berwarna',NULL,NULL,NULL,1,NULL,NULL,NULL,NULL,NULL,NULL),
	(945,128,'u','Tidak diketahui',NULL,NULL,NULL,1,NULL,NULL,NULL,NULL,NULL,NULL),
	(946,128,'z','Lain-lain',NULL,NULL,NULL,1,NULL,NULL,NULL,NULL,NULL,NULL),
	(947,128,'|','Tidak ada kode yang sesuai',NULL,NULL,NULL,1,NULL,NULL,NULL,NULL,NULL,NULL),
	(948,129,'a','Perak halida',NULL,NULL,NULL,1,NULL,NULL,NULL,NULL,NULL,NULL),
	(949,129,'b','Diazo',NULL,NULL,NULL,1,NULL,NULL,NULL,NULL,NULL,NULL),
	(950,129,'c','Vesikular',NULL,NULL,NULL,1,NULL,NULL,NULL,NULL,NULL,NULL),
	(951,129,'m','Emulsi campuran',NULL,NULL,NULL,1,NULL,NULL,NULL,NULL,NULL,NULL),
	(952,129,'n','Tidak dapat diterapkan',NULL,NULL,NULL,1,NULL,NULL,NULL,NULL,NULL,NULL),
	(953,129,'u','Tidak diketahui',NULL,NULL,NULL,1,NULL,NULL,NULL,NULL,NULL,NULL),
	(954,129,'z','Lain-lain',NULL,NULL,NULL,1,NULL,NULL,NULL,NULL,NULL,NULL),
	(955,129,'|','Tidak ada kode yang sesuai',NULL,NULL,NULL,1,NULL,NULL,NULL,NULL,NULL,NULL),
	(956,130,'a','Generasi pertama (master)',NULL,NULL,NULL,1,NULL,NULL,NULL,NULL,NULL,NULL),
	(957,130,'b','Kopi untuk pencetakan (printing master)',NULL,NULL,NULL,1,NULL,NULL,NULL,NULL,NULL,NULL),
	(958,130,'c','Kopi untuk pemakaian (service copy)',NULL,NULL,NULL,1,NULL,NULL,NULL,NULL,NULL,NULL),
	(959,130,'m','Generasi campuran (mixed generation)',NULL,NULL,NULL,1,NULL,NULL,NULL,NULL,NULL,NULL),
	(960,130,'u','Tidak diketahui',NULL,NULL,NULL,1,NULL,NULL,NULL,NULL,NULL,NULL),
	(961,130,'|','Tidak ada kode yang sesuai',NULL,NULL,NULL,1,NULL,NULL,NULL,NULL,NULL,NULL),
	(962,3,'#','Tidak terdapat modifikasi',NULL,NULL,NULL,1,NULL,NULL,NULL,NULL,NULL,NULL),
	(963,3,'d','Tanda hubung dihilangkan',NULL,NULL,NULL,1,NULL,NULL,NULL,NULL,NULL,NULL),
	(964,3,'o','Cantuman dan kartu tercetak diromanisasi/ditransliterasi',NULL,NULL,NULL,1,NULL,NULL,NULL,NULL,NULL,NULL),
	(965,3,'r','Cantuman diromanisasi/ditransliterasi, kartu aksara asli',NULL,NULL,NULL,1,NULL,NULL,NULL,NULL,NULL,NULL),
	(966,3,'s','Cantuman disingkat',NULL,NULL,NULL,1,NULL,NULL,NULL,NULL,NULL,NULL),
	(967,3,'x','Karakter Campuran',NULL,NULL,NULL,1,NULL,NULL,NULL,NULL,NULL,NULL),
	(968,3,'|','Tidak ada kode yang sesuai',NULL,NULL,NULL,1,NULL,NULL,NULL,NULL,NULL,NULL),
	(969,34,'v','Rekaman video',NULL,NULL,NULL,1,NULL,NULL,NULL,NULL,NULL,NULL),
	(970,37,'a','Beta (1/2 in, video kaset)',NULL,NULL,NULL,1,NULL,NULL,NULL,NULL,NULL,NULL),
	(971,37,'b','VHS (1/2 in, video kaset)',NULL,NULL,NULL,1,NULL,NULL,NULL,NULL,NULL,NULL),
	(972,37,'c','U-matic (3/4 in, video kaset)',NULL,NULL,NULL,1,NULL,NULL,NULL,NULL,NULL,NULL),
	(973,37,'d','EIAJ (1/2 in, gulungan)',NULL,NULL,NULL,1,NULL,NULL,NULL,NULL,NULL,NULL),
	(974,37,'e','Jenis C (1 in, gulungan)',NULL,NULL,NULL,1,NULL,NULL,NULL,NULL,NULL,NULL),
	(975,37,'f','Quadruplex (1 in or 2 in, gulungan)',NULL,NULL,NULL,1,NULL,NULL,NULL,NULL,NULL,NULL),
	(976,37,'g','Cakram laser (Laserdisc)',NULL,NULL,NULL,1,NULL,NULL,NULL,NULL,NULL,NULL),
	(977,37,'h','CED (Capacitance Electronic Disc) Cakram video (videodisc)',NULL,NULL,NULL,1,NULL,NULL,NULL,NULL,NULL,NULL),
	(978,37,'i','Betacam (1/2 in, video kaset)',NULL,NULL,NULL,1,NULL,NULL,NULL,NULL,NULL,NULL),
	(979,37,'j','Betacam SP (1/2 in, video kaset)',NULL,NULL,NULL,1,NULL,NULL,NULL,NULL,NULL,NULL),
	(980,37,'k','Super-VHS (1/2 in, video kaset)',NULL,NULL,NULL,1,NULL,NULL,NULL,NULL,NULL,NULL),
	(981,37,'m','M-II (1/2 in, video kaset)',NULL,NULL,NULL,1,NULL,NULL,NULL,NULL,NULL,NULL),
	(982,37,'o','D-2 (3/4 in, video kaset)',NULL,NULL,NULL,1,NULL,NULL,NULL,NULL,NULL,NULL),
	(983,37,'p','8 mm',NULL,NULL,NULL,1,NULL,NULL,NULL,NULL,NULL,NULL),
	(984,37,'q','Hi-8 mm',NULL,NULL,NULL,1,NULL,NULL,NULL,NULL,NULL,NULL),
	(985,37,'s','Cakram Blu-ray',NULL,NULL,NULL,1,NULL,NULL,NULL,NULL,NULL,NULL),
	(986,37,'u','Tidak diketahui',NULL,NULL,NULL,1,NULL,NULL,NULL,NULL,NULL,NULL),
	(987,37,'v','DVD',NULL,NULL,NULL,1,NULL,NULL,NULL,NULL,NULL,NULL),
	(988,37,'z','Lainnya',NULL,NULL,NULL,1,NULL,NULL,NULL,NULL,NULL,NULL),
	(989,37,'|','Tidak ada kode yang sesuai',NULL,NULL,NULL,1,NULL,NULL,NULL,NULL,NULL,NULL),
	(990,38,'#','Tanpa suara',NULL,NULL,NULL,1,NULL,NULL,NULL,NULL,NULL,NULL),
	(991,38,'a','Suara menyatu pada medium',NULL,NULL,NULL,1,NULL,NULL,NULL,NULL,NULL,NULL),
	(992,38,'b','Suara terpisah dari medium',NULL,NULL,NULL,1,NULL,NULL,NULL,NULL,NULL,NULL),
	(993,38,'u','Tidak diketahui',NULL,NULL,NULL,1,NULL,NULL,NULL,NULL,NULL,NULL),
	(994,38,'|','Tidak ada kode yang sesuai',NULL,NULL,NULL,1,NULL,NULL,NULL,NULL,NULL,NULL),
	(995,39,'#','Tanpa suara',NULL,NULL,NULL,1,NULL,NULL,NULL,NULL,NULL,NULL),
	(996,39,'a','Trek suara optik pada film',NULL,NULL,NULL,1,NULL,NULL,NULL,NULL,NULL,NULL),
	(997,39,'b','Trek magnetik pada film',NULL,NULL,NULL,1,NULL,NULL,NULL,NULL,NULL,NULL),
	(998,39,'c','Pita audio magnetik pada kartrij',NULL,NULL,NULL,1,NULL,NULL,NULL,NULL,NULL,NULL),
	(999,39,'d','Cakram suara (Sound disc)',NULL,NULL,NULL,1,NULL,NULL,NULL,NULL,NULL,NULL),
	(1000,39,'e','Pita audio magnetik gulungan',NULL,NULL,NULL,1,NULL,NULL,NULL,NULL,NULL,NULL),
	(1001,39,'f','Pita audio magnetik pada kaset',NULL,NULL,NULL,1,NULL,NULL,NULL,NULL,NULL,NULL),
	(1002,39,'g','Jalur suara optik dan magnetik pada film',NULL,NULL,NULL,1,NULL,NULL,NULL,NULL,NULL,NULL),
	(1003,39,'h','Pita video',NULL,NULL,NULL,1,NULL,NULL,NULL,NULL,NULL,NULL),
	(1004,39,'i','Cakram video',NULL,NULL,NULL,1,NULL,NULL,NULL,NULL,NULL,NULL),
	(1005,39,'u','Tidak diketahui',NULL,NULL,NULL,1,NULL,NULL,NULL,NULL,NULL,NULL),
	(1006,39,'z','Lainnya',NULL,NULL,NULL,1,NULL,NULL,NULL,NULL,NULL,NULL),
	(1007,39,'|','Tidak ada kode yang sesuai',NULL,NULL,NULL,1,NULL,NULL,NULL,NULL,NULL,NULL),
	(1008,41,'k','Campuran',NULL,NULL,NULL,1,NULL,NULL,NULL,NULL,NULL,NULL),
	(1009,41,'m','Monaural',NULL,NULL,NULL,1,NULL,NULL,NULL,NULL,NULL,NULL),
	(1010,41,'n','Tidak dapat diterapkan',NULL,NULL,NULL,1,NULL,NULL,NULL,NULL,NULL,NULL),
	(1011,41,'q','Kudrafonik, saluran ganda, atau surround',NULL,NULL,NULL,1,NULL,NULL,NULL,NULL,NULL,NULL),
	(1012,41,'s','Stereofonik',NULL,NULL,NULL,1,NULL,NULL,NULL,NULL,NULL,NULL),
	(1013,41,'u','Tidak diketahui',NULL,NULL,NULL,1,NULL,NULL,NULL,NULL,NULL,NULL),
	(1014,41,'z','Lainnya',NULL,NULL,NULL,1,NULL,NULL,NULL,NULL,NULL,NULL),
	(1015,41,'|','Tidak ada kode yang sesuai',NULL,NULL,NULL,1,NULL,NULL,NULL,NULL,NULL,NULL),
	(1016,9,'#','Bukan Reproduksi',NULL,NULL,NULL,1,NULL,NULL,NULL,NULL,NULL,NULL),
	(1017,9,'a','Mikrofilm',NULL,NULL,NULL,1,NULL,NULL,NULL,NULL,NULL,NULL),
	(1018,9,'b','Mikrofis',NULL,NULL,NULL,1,NULL,NULL,NULL,NULL,NULL,NULL),
	(1019,9,'c','Mikrolegap (micro-opaque)',NULL,NULL,NULL,1,NULL,NULL,NULL,NULL,NULL,NULL),
	(1020,9,'d','Cetakan dengan huruf berukuran besar',NULL,NULL,NULL,1,NULL,NULL,NULL,NULL,NULL,NULL),
	(1021,9,'f','Braille',NULL,NULL,NULL,1,NULL,NULL,NULL,NULL,NULL,NULL),
	(1022,9,'o','Sambungan jaringan = Online',NULL,NULL,NULL,1,NULL,NULL,NULL,NULL,NULL,NULL),
	(1023,9,'q','Direct electronic',NULL,NULL,NULL,1,NULL,NULL,NULL,NULL,NULL,NULL),
	(1024,9,'r','Reproduksi dengan cetakan biasa (cetakan terbaca dengan mata telanjang)',NULL,NULL,NULL,1,NULL,NULL,NULL,NULL,NULL,NULL),
	(1025,9,'s','Elektronik',NULL,NULL,NULL,1,NULL,NULL,NULL,NULL,NULL,NULL),
	(1026,9,'|','Tidak ada kode yang sesuai',NULL,NULL,NULL,1,NULL,NULL,NULL,NULL,NULL,NULL),
	(1027,1,'b','Data tidak tersedia',NULL,NULL,NULL,1,NULL,NULL,NULL,NULL,NULL,NULL),
	(1028,1,'c','Terbitan berkesinambungan yang masih terbit',NULL,NULL,NULL,1,NULL,NULL,NULL,NULL,NULL,NULL),
	(1029,1,'d','Terbitan berkesinambungan yang sudah tidak terbit lagi',NULL,NULL,NULL,1,NULL,NULL,NULL,NULL,NULL,NULL),
	(1030,1,'e','Tanggal terbit',NULL,NULL,NULL,1,NULL,NULL,NULL,NULL,NULL,NULL),
	(1031,1,'i','Tahun terbit karya kumpulan',NULL,NULL,NULL,1,NULL,NULL,NULL,NULL,NULL,NULL),
	(1032,1,'k','Kurun waktu tahun terbit sekumpulan karya',NULL,NULL,NULL,1,NULL,NULL,NULL,NULL,NULL,NULL),
	(1033,1,'m','Tahun terbit ganda',NULL,NULL,NULL,1,NULL,NULL,NULL,NULL,NULL,NULL),
	(1034,1,'n','Tahun terbit tidak diketahui',NULL,NULL,NULL,1,NULL,NULL,NULL,NULL,NULL,NULL),
	(1035,1,'p','Tahun distribusi/peluncuran/peredaran dan tahun produksi/perekaman bila berbeda',NULL,NULL,NULL,1,NULL,NULL,NULL,NULL,NULL,NULL),
	(1036,1,'q','Tahun terbit diragukan',NULL,NULL,NULL,1,NULL,NULL,NULL,NULL,NULL,NULL),
	(1037,1,'r','Tahun cetak ulang dan tahun terbit asli',NULL,NULL,NULL,1,NULL,NULL,NULL,NULL,NULL,NULL),
	(1038,1,'s','Tahun terbit atau tahun prakiraan terbit',NULL,NULL,NULL,1,NULL,NULL,NULL,NULL,NULL,NULL),
	(1039,1,'t','Tahun terbit dan tahun hak cipta',NULL,NULL,NULL,1,NULL,NULL,NULL,NULL,NULL,NULL),
	(1040,1,'u','Sumber daya berlanjut statusnya tidak diketahui',NULL,NULL,NULL,1,NULL,NULL,NULL,NULL,NULL,NULL),
	(1041,1,'|','Tidak ada kode yang sesuai',NULL,NULL,NULL,1,NULL,NULL,NULL,NULL,NULL,NULL),
	(1042,2,'#','Tidak diketahui / tidak ditentukan',NULL,NULL,NULL,1,NULL,NULL,NULL,NULL,NULL,NULL),
	(1043,2,'a','Anak prasekolah / taman kanak-kanak',NULL,NULL,NULL,1,NULL,NULL,NULL,NULL,NULL,NULL),
	(1044,2,'b','Anak sekolah dasar',NULL,NULL,NULL,1,NULL,NULL,NULL,NULL,NULL,NULL),
	(1045,2,'c','Anak menjelang remaja',NULL,NULL,NULL,1,NULL,NULL,NULL,NULL,NULL,NULL),
	(1046,2,'d','Remaja',NULL,NULL,NULL,1,NULL,NULL,NULL,NULL,NULL,NULL),
	(1047,2,'e','Dewasa',NULL,NULL,NULL,1,NULL,NULL,NULL,NULL,NULL,NULL),
	(1048,2,'f','Kelompok khusus',NULL,NULL,NULL,1,NULL,NULL,NULL,NULL,NULL,NULL),
	(1049,2,'g','Umum',NULL,NULL,NULL,1,NULL,NULL,NULL,NULL,NULL,NULL),
	(1050,2,'j','Anak dan remaja',NULL,NULL,NULL,1,NULL,NULL,NULL,NULL,NULL,NULL),
	(1051,2,'|','Tidak ada kode yang sesuai',NULL,NULL,NULL,1,NULL,NULL,NULL,NULL,NULL,NULL),
	(1052,98,'p','Materi campuran',NULL,NULL,NULL,1,NULL,NULL,NULL,NULL,NULL,NULL),
	(1053,19,'m','Berkas komputer / Sumber daya elektronik',NULL,NULL,NULL,1,NULL,NULL,NULL,NULL,NULL,NULL),
	(1054,77,'g','Media yang diproyeksikan',NULL,NULL,NULL,1,NULL,NULL,NULL,NULL,NULL,NULL),
	(1055,77,'k','Gambar dua dimensi tidak diproyeksikan',NULL,NULL,NULL,1,NULL,NULL,NULL,NULL,NULL,NULL),
	(1056,77,'o','Kit',NULL,NULL,NULL,1,NULL,NULL,NULL,NULL,NULL,NULL),
	(1057,77,'r','Artefak tidak dimensi atau object alami',NULL,NULL,NULL,1,NULL,NULL,NULL,NULL,NULL,NULL),
	(1058,11,'a','Materi bahasa',NULL,NULL,NULL,1,NULL,NULL,NULL,NULL,NULL,NULL),
	(1059,11,'t','Materi bahasa manuskrip',NULL,NULL,NULL,1,NULL,NULL,NULL,NULL,NULL,NULL),
	(1060,89,'c','Musik bernotasi',NULL,NULL,NULL,1,NULL,NULL,NULL,NULL,NULL,NULL),
	(1061,89,'d','Manuskrip musik bernotasi',NULL,NULL,NULL,1,NULL,NULL,NULL,NULL,NULL,NULL),
	(1062,89,'i','Rekaman suara bukan musik',NULL,NULL,NULL,1,NULL,NULL,NULL,NULL,NULL,NULL),
	(1063,89,'j','Rekaman suara musik',NULL,NULL,NULL,1,NULL,NULL,NULL,NULL,NULL,NULL),
	(1064,59,'e','Bahan pustaka kartografis',NULL,NULL,NULL,1,NULL,NULL,NULL,NULL,NULL,NULL),
	(1065,59,'f','Bahan pustaka kartografis manuskrip',NULL,NULL,NULL,1,NULL,NULL,NULL,NULL,NULL,NULL),
	(1066,45,'s','Sumber berlanjut / Sumber terpadu',NULL,NULL,NULL,1,NULL,NULL,NULL,NULL,NULL,NULL),
	(1067,131,'a','Dasar pengaman, tidak ditentukan',NULL,NULL,NULL,1,NULL,NULL,NULL,NULL,NULL,NULL),
	(1068,131,'c','Dasar pengaman, asetat tidak ditentukan',NULL,NULL,NULL,1,NULL,NULL,NULL,NULL,NULL,NULL),
	(1069,131,'d','Dasar pengaman, diasetat',NULL,NULL,NULL,1,NULL,NULL,NULL,NULL,NULL,NULL),
	(1070,131,'i','Dasar nitrat',NULL,NULL,NULL,1,NULL,NULL,NULL,NULL,NULL,NULL),
	(1071,131,'m','Dasar campuran',NULL,NULL,NULL,1,NULL,NULL,NULL,NULL,NULL,NULL),
	(1072,131,'n','Tidak dapat diterapkan',NULL,NULL,NULL,1,NULL,NULL,NULL,NULL,NULL,NULL),
	(1073,131,'p','Dasar pengaman, poliester',NULL,NULL,NULL,1,NULL,NULL,NULL,NULL,NULL,NULL),
	(1074,131,'r','Dasar pengaman, campuran',NULL,NULL,NULL,1,NULL,NULL,NULL,NULL,NULL,NULL),
	(1075,131,'t','Dasar pengaman, triasetat',NULL,NULL,NULL,1,NULL,NULL,NULL,NULL,NULL,NULL),
	(1076,131,'u','Tidak diketahui',NULL,NULL,NULL,1,NULL,NULL,NULL,NULL,NULL,NULL),
	(1077,131,'z','Lainnya',NULL,NULL,NULL,1,NULL,NULL,NULL,NULL,NULL,NULL),
	(1078,131,'|','Tidak ada kode yang sesuai',NULL,NULL,NULL,1,NULL,NULL,NULL,NULL,NULL,NULL),
	(1079,16,'0','Bukan terbitan konferensi',NULL,NULL,NULL,1,NULL,NULL,NULL,NULL,NULL,NULL),
	(1080,16,'1','Terbitan konferensi',NULL,NULL,NULL,1,NULL,NULL,NULL,NULL,NULL,NULL),
	(1081,16,'|','Tidak ada kode yang sesuai',NULL,NULL,NULL,1,NULL,NULL,NULL,NULL,NULL,NULL),
	(1082,70,'#','Tidak ada penjelasan',NULL,NULL,NULL,1,NULL,NULL,NULL,NULL,NULL,NULL),
	(1083,70,'e','Manuskrip',NULL,NULL,NULL,1,NULL,NULL,NULL,NULL,NULL,NULL),
	(1084,70,'j','Kartu bergambar, kartu pos',NULL,NULL,NULL,1,NULL,NULL,NULL,NULL,NULL,NULL),
	(1085,70,'k','Kalender',NULL,NULL,NULL,1,NULL,NULL,NULL,NULL,NULL,NULL),
	(1086,70,'l','Teka-teki',NULL,NULL,NULL,1,NULL,NULL,NULL,NULL,NULL,NULL),
	(1087,70,'n','Permainan',NULL,NULL,NULL,1,NULL,NULL,NULL,NULL,NULL,NULL),
	(1088,70,'o','Peta dinding',NULL,NULL,NULL,1,NULL,NULL,NULL,NULL,NULL,NULL),
	(1089,70,'p','Kartu permainan',NULL,NULL,NULL,1,NULL,NULL,NULL,NULL,NULL,NULL),
	(1090,70,'r','Lembar lepas',NULL,NULL,NULL,1,NULL,NULL,NULL,NULL,NULL,NULL),
	(1091,70,'z','Lainnya',NULL,NULL,NULL,1,NULL,NULL,NULL,NULL,NULL,NULL),
	(1093,42,'---','Lama waktu tayang tidak diketahui',NULL,NULL,NULL,1,NULL,NULL,NULL,NULL,NULL,NULL),
	(1094,42,'000','Lama waktu tayang lebih dari tiga karakter',NULL,NULL,NULL,1,NULL,NULL,NULL,NULL,NULL,NULL),
	(1095,42,'001-999','Lama waktu tayang',NULL,NULL,NULL,1,NULL,NULL,NULL,NULL,NULL,NULL),
	(1096,42,'nnn','Tidak dapat diterapkan',NULL,NULL,NULL,1,NULL,NULL,NULL,NULL,NULL,NULL),
	(1097,42,'|||','Tidak ada kode yang sesuai',NULL,NULL,NULL,1,NULL,NULL,NULL,NULL,NULL,NULL),
	(1098,122,'h','Bentuk mikro',NULL,NULL,NULL,1,NULL,NULL,NULL,NULL,NULL,NULL),
	(1099,20,'c','Sumber daya elektronik',NULL,NULL,NULL,1,NULL,NULL,NULL,NULL,NULL,NULL),
	(1100,12,'z','Tidak spesifik',NULL,NULL,NULL,1,NULL,NULL,NULL,NULL,NULL,NULL),
	(1101,60,'a','Peta',NULL,NULL,NULL,1,NULL,NULL,NULL,NULL,NULL,NULL),
	(1102,46,'z','Tidak spesifik',NULL,NULL,NULL,1,NULL,NULL,NULL,NULL,NULL,NULL),
	(1103,43,'a','Karya seni asli',NULL,NULL,NULL,1,NULL,NULL,NULL,NULL,NULL,NULL),
	(1104,43,'b','Kit',NULL,NULL,NULL,1,NULL,NULL,NULL,NULL,NULL,NULL),
	(1105,43,'c','Karya seni hasil reproduksi',NULL,NULL,NULL,1,NULL,NULL,NULL,NULL,NULL,NULL),
	(1106,43,'d','Diorama',NULL,NULL,NULL,1,NULL,NULL,NULL,NULL,NULL,NULL),
	(1107,43,'f','Filmstrip',NULL,NULL,NULL,1,NULL,NULL,NULL,NULL,NULL,NULL),
	(1108,43,'g','Permainan',NULL,NULL,NULL,1,NULL,NULL,NULL,NULL,NULL,NULL),
	(1109,43,'i','Gambar / lukisan',NULL,NULL,NULL,1,NULL,NULL,NULL,NULL,NULL,NULL),
	(1110,43,'k','Gambar grafis',NULL,NULL,NULL,1,NULL,NULL,NULL,NULL,NULL,NULL),
	(1111,43,'l','Gambar teknik',NULL,NULL,NULL,1,NULL,NULL,NULL,NULL,NULL,NULL),
	(1112,43,'m','Citra bergerak',NULL,NULL,NULL,1,NULL,NULL,NULL,NULL,NULL,NULL),
	(1113,43,'n','Diagram',NULL,NULL,NULL,1,NULL,NULL,NULL,NULL,NULL,NULL),
	(1114,43,'o','Kartu kilas (flash card)',NULL,NULL,NULL,1,NULL,NULL,NULL,NULL,NULL,NULL),
	(1115,43,'p','Slaid mikroskop (Microscope slide)',NULL,NULL,NULL,1,NULL,NULL,NULL,NULL,NULL,NULL),
	(1116,43,'q','Model',NULL,NULL,NULL,1,NULL,NULL,NULL,NULL,NULL,NULL),
	(1117,43,'r','Realia',NULL,NULL,NULL,1,NULL,NULL,NULL,NULL,NULL,NULL),
	(1118,43,'s','Slaid (slide)',NULL,NULL,NULL,1,NULL,NULL,NULL,NULL,NULL,NULL),
	(1119,43,'t','Transparansi',NULL,NULL,NULL,1,NULL,NULL,NULL,NULL,NULL,NULL),
	(1120,43,'v','Rekaman video',NULL,NULL,NULL,1,NULL,NULL,NULL,NULL,NULL,NULL),
	(1121,43,'w','Mainan',NULL,NULL,NULL,1,NULL,NULL,NULL,NULL,NULL,NULL),
	(1122,43,'z','Lainnya',NULL,NULL,NULL,1,NULL,NULL,NULL,NULL,NULL,NULL),
	(1123,43,'|','Tidak ada kode yang sesuai',NULL,NULL,NULL,1,NULL,NULL,NULL,NULL,NULL,NULL),
	(1124,87,'a','Karya seni asli',NULL,NULL,NULL,1,NULL,NULL,NULL,NULL,NULL,NULL),
	(1125,87,'b','Kit',NULL,NULL,NULL,1,NULL,NULL,NULL,NULL,NULL,NULL),
	(1126,87,'c','Karya seni hasil reproduksi',NULL,NULL,NULL,1,NULL,NULL,NULL,NULL,NULL,NULL),
	(1127,87,'d','Diorama',NULL,NULL,NULL,1,NULL,NULL,NULL,NULL,NULL,NULL),
	(1128,87,'f','Filmstrip',NULL,NULL,NULL,1,NULL,NULL,NULL,NULL,NULL,NULL),
	(1129,87,'g','Permainan',NULL,NULL,NULL,1,NULL,NULL,NULL,NULL,NULL,NULL),
	(1130,87,'i','Gambar / lukisan',NULL,NULL,NULL,1,NULL,NULL,NULL,NULL,NULL,NULL),
	(1131,87,'k','Gambar grafis',NULL,NULL,NULL,1,NULL,NULL,NULL,NULL,NULL,NULL),
	(1132,87,'l','Gambar teknik',NULL,NULL,NULL,1,NULL,NULL,NULL,NULL,NULL,NULL),
	(1133,87,'m','Citra bergerak',NULL,NULL,NULL,1,NULL,NULL,NULL,NULL,NULL,NULL),
	(1134,87,'n','Diagram',NULL,NULL,NULL,1,NULL,NULL,NULL,NULL,NULL,NULL),
	(1135,87,'o','Kartu kilas (flash card)',NULL,NULL,NULL,1,NULL,NULL,NULL,NULL,NULL,NULL),
	(1136,87,'p','Slaid mikroskop (Microscope slide)',NULL,NULL,NULL,1,NULL,NULL,NULL,NULL,NULL,NULL),
	(1137,87,'q','Model',NULL,NULL,NULL,1,NULL,NULL,NULL,NULL,NULL,NULL),
	(1138,87,'r','Realia',NULL,NULL,NULL,1,NULL,NULL,NULL,NULL,NULL,NULL),
	(1139,87,'s','Slaid (slide)',NULL,NULL,NULL,1,NULL,NULL,NULL,NULL,NULL,NULL),
	(1140,87,'t','Transparansi',NULL,NULL,NULL,1,NULL,NULL,NULL,NULL,NULL,NULL),
	(1141,87,'v','Rekaman video',NULL,NULL,NULL,1,NULL,NULL,NULL,NULL,NULL,NULL),
	(1142,87,'w','Mainan',NULL,NULL,NULL,1,NULL,NULL,NULL,NULL,NULL,NULL),
	(1143,87,'z','Lainnya',NULL,NULL,NULL,1,NULL,NULL,NULL,NULL,NULL,NULL),
	(1144,87,'|','Tidak ada kode yang sesuai',NULL,NULL,NULL,1,NULL,NULL,NULL,NULL,NULL,NULL),
	(1145,4,'#','Lembaga pengelola bibliografi nasional',NULL,NULL,NULL,1,NULL,NULL,NULL,NULL,NULL,NULL),
	(1146,4,'c','Program kerjasama pengkatalogan',NULL,NULL,NULL,1,NULL,NULL,NULL,NULL,NULL,NULL),
	(1147,4,'d','Lainnya',NULL,NULL,NULL,1,NULL,NULL,NULL,NULL,NULL,NULL),
	(1148,4,'u','Tidak diketahui',NULL,NULL,NULL,1,NULL,NULL,NULL,NULL,NULL,NULL),
	(1149,4,'|','Tidak ada kode yang sesuai',NULL,NULL,NULL,1,NULL,NULL,NULL,NULL,NULL,NULL),
	(1150,6,'#','Bukan terbitan badan pemerintah',NULL,NULL,NULL,1,NULL,NULL,NULL,NULL,NULL,NULL),
	(1151,6,'a','Badan otonomi atau semi-otonomi dari federasi',NULL,NULL,NULL,1,NULL,NULL,NULL,NULL,NULL,NULL),
	(1152,6,'c','Terbitan bersama (Kab/Kota ke bawah)',NULL,NULL,NULL,1,NULL,NULL,NULL,NULL,NULL,NULL),
	(1153,6,'f','Badan pemerintah federal/nasional/pusat',NULL,NULL,NULL,1,NULL,NULL,NULL,NULL,NULL,NULL),
	(1154,6,'i','Badan internasional antar pemerintah',NULL,NULL,NULL,1,NULL,NULL,NULL,NULL,NULL,NULL),
	(1155,6,'l','Badan pemerintah kota/kab atau yang lebih rendah',NULL,NULL,NULL,1,NULL,NULL,NULL,NULL,NULL,NULL),
	(1156,6,'m','Terbitan bersama dari beberapa badan pemerintah provinsi',NULL,NULL,NULL,1,NULL,NULL,NULL,NULL,NULL,NULL),
	(1157,6,'o','Terbitan pemerintah (tingkat pemerintahan tidak diketahui)',NULL,NULL,NULL,1,NULL,NULL,NULL,NULL,NULL,NULL),
	(1158,6,'s','Terbitan pemerintah negara bagian, provinsi, wilayah, dsb',NULL,NULL,NULL,1,NULL,NULL,NULL,NULL,NULL,NULL),
	(1159,6,'u','Tidak dapat dipastikan terbitan pemerintha atau bukan',NULL,NULL,NULL,1,NULL,NULL,NULL,NULL,NULL,NULL),
	(1160,6,'z','Terbitan pemerintah jenis lainnya',NULL,NULL,NULL,1,NULL,NULL,NULL,NULL,NULL,NULL),
	(1161,6,'|','Tidak ada kode yang sesuai',NULL,NULL,NULL,1,NULL,NULL,NULL,NULL,NULL,NULL),
	(1162,133,'g','Media yang diproyeksikan',NULL,NULL,NULL,1,NULL,NULL,NULL,NULL,NULL,NULL),
	(1163,133,'k','Gambar dua dimensi tidak diproyeksikan',NULL,NULL,NULL,1,NULL,NULL,NULL,NULL,NULL,NULL),
	(1164,133,'o','Kit',NULL,NULL,NULL,1,NULL,NULL,NULL,NULL,NULL,NULL),
	(1165,133,'r','Artefak tidak dimensi atau object alami',NULL,NULL,NULL,1,NULL,NULL,NULL,NULL,NULL,NULL),
	(1166,135,'g','Media yang diproyeksikan',NULL,NULL,NULL,1,NULL,NULL,NULL,NULL,NULL,NULL),
	(1167,135,'k','Gambar dua dimensi tidak diproyeksikan',NULL,NULL,NULL,1,NULL,NULL,NULL,NULL,NULL,NULL),
	(1168,135,'o','Kit',NULL,NULL,NULL,1,NULL,NULL,NULL,NULL,NULL,NULL),
	(1169,135,'r','Artefak tidak dimensi atau object alami',NULL,NULL,NULL,1,NULL,NULL,NULL,NULL,NULL,NULL),
	(1170,134,'c','Musik bernotasi',NULL,NULL,NULL,1,NULL,NULL,NULL,NULL,NULL,NULL),
	(1171,134,'d','Manuskrip musik bernotasi',NULL,NULL,NULL,1,NULL,NULL,NULL,NULL,NULL,NULL),
	(1172,134,'i','Rekaman suara bukan musik',NULL,NULL,NULL,1,NULL,NULL,NULL,NULL,NULL,NULL),
	(1173,134,'j','Rekaman suara musik',NULL,NULL,NULL,1,NULL,NULL,NULL,NULL,NULL,NULL),
	(1174,25,'---','Tidak diketahui',NULL,NULL,NULL,1,NULL,NULL,NULL,NULL,NULL,NULL),
	(1175,60,'d','Bola dunia',NULL,NULL,NULL,1,NULL,NULL,NULL,NULL,NULL,NULL),
	(1176,61,'a','Bola benda langit',NULL,NULL,NULL,1,NULL,NULL,NULL,NULL,NULL,NULL),
	(1177,61,'b','Bola planet atau bulan',NULL,NULL,NULL,1,NULL,NULL,NULL,NULL,NULL,NULL),
	(1178,61,'c','Bola bumi',NULL,NULL,NULL,1,NULL,NULL,NULL,NULL,NULL,NULL),
	(1179,61,'e','Bola bumi-bulan',NULL,NULL,NULL,1,NULL,NULL,NULL,NULL,NULL,NULL),
	(1180,63,'i','Plastik',NULL,NULL,NULL,1,NULL,NULL,NULL,NULL,NULL,NULL),
	(1181,63,'l','Vinil',NULL,NULL,NULL,1,NULL,NULL,NULL,NULL,NULL,NULL),
	(1182,63,'n','Velum',NULL,NULL,NULL,1,NULL,NULL,NULL,NULL,NULL,NULL),
	(1183,46,'f','Bahan perpustakaan taktil',NULL,NULL,NULL,1,NULL,NULL,NULL,NULL,NULL,NULL),
	(1184,47,'a','Cetakan/braille',NULL,NULL,NULL,1,NULL,NULL,NULL,NULL,NULL,NULL),
	(1185,47,'b','Braille ukuran jumbo atau diperbesar',NULL,NULL,NULL,1,NULL,NULL,NULL,NULL,NULL,NULL),
	(1186,47,'c','Kombinasi',NULL,NULL,NULL,1,NULL,NULL,NULL,NULL,NULL,NULL),
	(1187,47,'d','Taktil, tanpa sistem penulisan',NULL,NULL,NULL,1,NULL,NULL,NULL,NULL,NULL,NULL),
	(1188,136,'#','Tidak ada penjelasan mengenai jenis penulisan braille',NULL,NULL,NULL,1,NULL,NULL,NULL,NULL,NULL,NULL),
	(1189,136,'a','Braille untuk tulisan',NULL,NULL,NULL,1,NULL,NULL,NULL,NULL,NULL,NULL),
	(1190,136,'b','Braille menggunakan kode format',NULL,NULL,NULL,1,NULL,NULL,NULL,NULL,NULL,NULL),
	(1191,136,'c','Braille untuk keperluan matematik dan sains',NULL,NULL,NULL,1,NULL,NULL,NULL,NULL,NULL,NULL),
	(1192,136,'d','Braille untuk komputer',NULL,NULL,NULL,1,NULL,NULL,NULL,NULL,NULL,NULL),
	(1193,136,'e','Braille untuk musik',NULL,NULL,NULL,1,NULL,NULL,NULL,NULL,NULL,NULL),
	(1194,136,'m','Berbagai jenis braille',NULL,NULL,NULL,1,NULL,NULL,NULL,NULL,NULL,NULL),
	(1195,136,'n','Tidak dapat diterapkan',NULL,NULL,NULL,1,NULL,NULL,NULL,NULL,NULL,NULL),
	(1196,136,'u','Tidak diketahui',NULL,NULL,NULL,1,NULL,NULL,NULL,NULL,NULL,NULL),
	(1197,136,'z','Lainnya',NULL,NULL,NULL,1,NULL,NULL,NULL,NULL,NULL,NULL),
	(1198,136,'|','Tidak ada kode yang sesuai',NULL,NULL,NULL,1,NULL,NULL,NULL,NULL,NULL,NULL),
	(1199,137,'a','Tidak ada penyingkatan',NULL,NULL,NULL,1,NULL,NULL,NULL,NULL,NULL,NULL),
	(1200,137,'b','Ada penyingkatan',NULL,NULL,NULL,1,NULL,NULL,NULL,NULL,NULL,NULL),
	(1201,137,'m','Kombinasi',NULL,NULL,NULL,1,NULL,NULL,NULL,NULL,NULL,NULL),
	(1202,137,'n','Tidak dapat diterapkan',NULL,NULL,NULL,1,NULL,NULL,NULL,NULL,NULL,NULL),
	(1203,137,'u','Tidak diketahui',NULL,NULL,NULL,1,NULL,NULL,NULL,NULL,NULL,NULL),
	(1204,137,'z','Lainnya',NULL,NULL,NULL,1,NULL,NULL,NULL,NULL,NULL,NULL),
	(1205,137,'|','Tidak ada kode yang sesuai',NULL,NULL,NULL,1,NULL,NULL,NULL,NULL,NULL,NULL),
	(1206,138,'#','Tidak ada keterangan tentang format braille musik',NULL,NULL,NULL,1,NULL,NULL,NULL,NULL,NULL,NULL),
	(1207,138,'a','Bar ke bar',NULL,NULL,NULL,1,NULL,NULL,NULL,NULL,NULL,NULL),
	(1208,138,'b','Bar demi bar',NULL,NULL,NULL,1,NULL,NULL,NULL,NULL,NULL,NULL),
	(1209,138,'c','Garis ke garis',NULL,NULL,NULL,1,NULL,NULL,NULL,NULL,NULL,NULL),
	(1210,138,'d','Paragraf',NULL,NULL,NULL,1,NULL,NULL,NULL,NULL,NULL,NULL),
	(1211,138,'e','Garis tunggal',NULL,NULL,NULL,1,NULL,NULL,NULL,NULL,NULL,NULL),
	(1212,138,'f','Bagian demi bagian',NULL,NULL,NULL,1,NULL,NULL,NULL,NULL,NULL,NULL),
	(1213,138,'g','Garis demi garis',NULL,NULL,NULL,1,NULL,NULL,NULL,NULL,NULL,NULL),
	(1214,138,'h','Notasi terbuka',NULL,NULL,NULL,1,NULL,NULL,NULL,NULL,NULL,NULL),
	(1215,138,'i','Spanner short form scoring',NULL,NULL,NULL,1,NULL,NULL,NULL,NULL,NULL,NULL),
	(1216,138,'j','Skor ringkas',NULL,NULL,NULL,1,NULL,NULL,NULL,NULL,NULL,NULL),
	(1217,138,'k','Ragangan',NULL,NULL,NULL,1,NULL,NULL,NULL,NULL,NULL,NULL),
	(1218,138,'l','Notasi vertikal',NULL,NULL,NULL,1,NULL,NULL,NULL,NULL,NULL,NULL),
	(1219,138,'m','Tidak dapat diterapkan',NULL,NULL,NULL,1,NULL,NULL,NULL,NULL,NULL,NULL),
	(1220,138,'u','Tidak diketahui',NULL,NULL,NULL,1,NULL,NULL,NULL,NULL,NULL,NULL),
	(1221,138,'z','Lainnya',NULL,NULL,NULL,1,NULL,NULL,NULL,NULL,NULL,NULL),
	(1222,138,'|','Tidak ada kode yang sesuai',NULL,NULL,NULL,1,NULL,NULL,NULL,NULL,NULL,NULL),
	(1223,79,'s','Salindia',NULL,NULL,NULL,1,NULL,NULL,NULL,NULL,NULL,NULL),
	(1224,79,'t','Transparansi',NULL,NULL,NULL,1,NULL,NULL,NULL,NULL,NULL,NULL),
	(1225,80,'h','Perwarnaan manual',NULL,NULL,NULL,1,NULL,NULL,NULL,NULL,NULL,NULL),
	(1226,78,'g','Bahan grafis terproyeksi',NULL,NULL,NULL,1,NULL,NULL,NULL,NULL,NULL,NULL),
	(1227,76,'j','Film pengaman',NULL,NULL,NULL,1,NULL,NULL,NULL,NULL,NULL,NULL),
	(1228,76,'k','Bahan film selain film pengaman',NULL,NULL,NULL,1,NULL,NULL,NULL,NULL,NULL,NULL),
	(1229,125,'b','Super 8 mm/Single 8 mm',NULL,NULL,NULL,1,NULL,NULL,NULL,NULL,NULL,NULL),
	(1230,125,'c','9 ',NULL,NULL,NULL,1,NULL,NULL,NULL,NULL,NULL,NULL),
	(1231,125,'e','28 mm',NULL,NULL,NULL,1,NULL,NULL,NULL,NULL,NULL,NULL),
	(1232,125,'j','2x2 inci atau 5x5 cm',NULL,NULL,NULL,1,NULL,NULL,NULL,NULL,NULL,NULL),
	(1233,125,'k','2 ',NULL,NULL,NULL,1,NULL,NULL,NULL,NULL,NULL,NULL),
	(1234,125,'s','4x5 inci atau 10x13 cm',NULL,NULL,NULL,1,NULL,NULL,NULL,NULL,NULL,NULL),
	(1235,125,'t','5x7 inci atau 13x18 cm',NULL,NULL,NULL,1,NULL,NULL,NULL,NULL,NULL,NULL),
	(1236,125,'v','8x10 inci atau 21x26 cm',NULL,NULL,NULL,1,NULL,NULL,NULL,NULL,NULL,NULL),
	(1237,125,'w','9x9 inci atau 23x23 cm',NULL,NULL,NULL,1,NULL,NULL,NULL,NULL,NULL,NULL),
	(1238,125,'x','10x10 inci atau 26x26 cm',NULL,NULL,NULL,1,NULL,NULL,NULL,NULL,NULL,NULL),
	(1239,125,'y','7x7 inci atau 18x18 cm',NULL,NULL,NULL,1,NULL,NULL,NULL,NULL,NULL,NULL),
	(1240,102,'s','Rekaman suara',NULL,NULL,NULL,1,NULL,NULL,NULL,NULL,NULL,NULL),
	(1241,12,'t','Teks',NULL,NULL,NULL,1,NULL,NULL,NULL,NULL,NULL,NULL),
	(1242,13,'a','Cetakan dengan ukuran huruf yang biasa',NULL,NULL,NULL,1,NULL,NULL,NULL,NULL,NULL,NULL),
	(1243,13,'b','Cetakan dengan huruf yang besar',NULL,NULL,NULL,1,NULL,NULL,NULL,NULL,NULL,NULL),
	(1244,13,'c','Braille',NULL,NULL,NULL,1,NULL,NULL,NULL,NULL,NULL,NULL),
	(1245,13,'d','Teks dalam lembaran lepas',NULL,NULL,NULL,1,NULL,NULL,NULL,NULL,NULL,NULL),
	(1246,68,'ab','Gnomic',NULL,NULL,NULL,1,NULL,NULL,NULL,NULL,NULL,NULL),
	(1247,58,'0','Entri pengganti',NULL,NULL,NULL,1,NULL,NULL,NULL,NULL,NULL,NULL),
	(1248,139,'---','Lama waktu tayang tidak diketahui',NULL,NULL,NULL,1,NULL,NULL,NULL,NULL,NULL,NULL),
	(1249,139,'001-999','Lama waktu tayang',NULL,NULL,NULL,1,NULL,NULL,NULL,NULL,NULL,NULL),
	(1250,139,'nnn','Tidak dapat diterapkan',NULL,NULL,NULL,1,NULL,NULL,NULL,NULL,NULL,NULL),
	(1251,139,'|||','Tidak ada kode yang sesuai',NULL,NULL,NULL,1,NULL,NULL,NULL,NULL,NULL,NULL),
	(1252,139,'000','Lama waktu tayang lebih dari tiga karakter',NULL,NULL,NULL,1,NULL,NULL,NULL,NULL,NULL,NULL),
	(1253,140,'a','Karya seni asli',NULL,NULL,NULL,1,NULL,NULL,NULL,NULL,NULL,NULL),
	(1254,140,'b','Kit',NULL,NULL,NULL,1,NULL,NULL,NULL,NULL,NULL,NULL),
	(1255,140,'c','Karya seni hasil reproduksi',NULL,NULL,NULL,1,NULL,NULL,NULL,NULL,NULL,NULL),
	(1256,140,'d','Diorama',NULL,NULL,NULL,1,NULL,NULL,NULL,NULL,NULL,NULL),
	(1257,140,'f','Filmstrip',NULL,NULL,NULL,1,NULL,NULL,NULL,NULL,NULL,NULL),
	(1258,140,'g','Permainan',NULL,NULL,NULL,1,NULL,NULL,NULL,NULL,NULL,NULL),
	(1259,140,'i','Gambar / lukisan',NULL,NULL,NULL,1,NULL,NULL,NULL,NULL,NULL,NULL),
	(1260,140,'k','Gambar grafis',NULL,NULL,NULL,1,NULL,NULL,NULL,NULL,NULL,NULL),
	(1261,140,'l','Gambar teknik',NULL,NULL,NULL,1,NULL,NULL,NULL,NULL,NULL,NULL),
	(1262,140,'m','Citra bergerak',NULL,NULL,NULL,1,NULL,NULL,NULL,NULL,NULL,NULL),
	(1263,140,'n','Diagram',NULL,NULL,NULL,1,NULL,NULL,NULL,NULL,NULL,NULL),
	(1264,140,'o','Kartu kilas (flash card)',NULL,NULL,NULL,1,NULL,NULL,NULL,NULL,NULL,NULL),
	(1265,140,'p','Slaid mikroskop (Microscope slide)',NULL,NULL,NULL,1,NULL,NULL,NULL,NULL,NULL,NULL),
	(1266,140,'q','Model',NULL,NULL,NULL,1,NULL,NULL,NULL,NULL,NULL,NULL),
	(1267,140,'r','Realia',NULL,NULL,NULL,1,NULL,NULL,NULL,NULL,NULL,NULL),
	(1268,140,'s','Slaid (slide)',NULL,NULL,NULL,1,NULL,NULL,NULL,NULL,NULL,NULL),
	(1269,140,'t','Transparansi',NULL,NULL,NULL,1,NULL,NULL,NULL,NULL,NULL,NULL),
	(1270,140,'v','Rekaman video',NULL,NULL,NULL,1,NULL,NULL,NULL,NULL,NULL,NULL),
	(1271,140,'w','Mainan',NULL,NULL,NULL,1,NULL,NULL,NULL,NULL,NULL,NULL),
	(1272,140,'z','Lainnya',NULL,NULL,NULL,1,NULL,NULL,NULL,NULL,NULL,NULL),
	(1273,140,'|','Tidak ada kode yang sesuai',NULL,NULL,NULL,1,NULL,NULL,NULL,NULL,NULL,NULL),
	(1274,141,'a','Animasi',NULL,NULL,NULL,1,NULL,NULL,NULL,NULL,NULL,NULL),
	(1275,141,'c','Animasi dan aksi hidup (live action)',NULL,NULL,NULL,1,NULL,NULL,NULL,NULL,NULL,NULL),
	(1276,141,'l','Aksi hidup (live action)',NULL,NULL,NULL,1,NULL,NULL,NULL,NULL,NULL,NULL),
	(1277,141,'n','Tidak dapat diterapkan',NULL,NULL,NULL,1,NULL,NULL,NULL,NULL,NULL,NULL),
	(1278,141,'u','Tidak diketahui',NULL,NULL,NULL,1,NULL,NULL,NULL,NULL,NULL,NULL),
	(1279,141,'z','Teknik lain',NULL,NULL,NULL,1,NULL,NULL,NULL,NULL,NULL,NULL),
	(1280,141,'|','Tidak ada kode yang sesuai',NULL,NULL,NULL,1,NULL,NULL,NULL,NULL,NULL,NULL),
	(1281,142,'---','Lama waktu tayang tidak diketahui',NULL,NULL,NULL,1,NULL,NULL,NULL,NULL,NULL,NULL),
	(1282,142,'001-999','Lama waktu tayang',NULL,NULL,NULL,1,NULL,NULL,NULL,NULL,NULL,NULL),
	(1283,142,'nnn','Tidak dapat diterapkan',NULL,NULL,NULL,1,NULL,NULL,NULL,NULL,NULL,NULL),
	(1284,142,'|||','Tidak ada kode yang sesuai',NULL,NULL,NULL,1,NULL,NULL,NULL,NULL,NULL,NULL),
	(1285,142,'000','Lama waktu tayang lebih dari tiga karakter',NULL,NULL,NULL,1,NULL,NULL,NULL,NULL,NULL,NULL),
	(1286,143,'a','Karya seni asli',NULL,NULL,NULL,1,NULL,NULL,NULL,NULL,NULL,NULL),
	(1287,143,'b','Kit',NULL,NULL,NULL,1,NULL,NULL,NULL,NULL,NULL,NULL),
	(1288,143,'c','Karya seni hasil reproduksi',NULL,NULL,NULL,1,NULL,NULL,NULL,NULL,NULL,NULL),
	(1289,143,'d','Diorama',NULL,NULL,NULL,1,NULL,NULL,NULL,NULL,NULL,NULL),
	(1290,143,'f','Filmstrip',NULL,NULL,NULL,1,NULL,NULL,NULL,NULL,NULL,NULL),
	(1291,143,'g','Permainan',NULL,NULL,NULL,1,NULL,NULL,NULL,NULL,NULL,NULL),
	(1292,143,'i','Gambar / lukisan',NULL,NULL,NULL,1,NULL,NULL,NULL,NULL,NULL,NULL),
	(1293,143,'k','Gambar grafis',NULL,NULL,NULL,1,NULL,NULL,NULL,NULL,NULL,NULL),
	(1294,143,'l','Gambar teknik',NULL,NULL,NULL,1,NULL,NULL,NULL,NULL,NULL,NULL),
	(1295,143,'m','Citra bergerak',NULL,NULL,NULL,1,NULL,NULL,NULL,NULL,NULL,NULL),
	(1296,143,'n','Diagram',NULL,NULL,NULL,1,NULL,NULL,NULL,NULL,NULL,NULL),
	(1297,143,'o','Kartu kilas (flash card)',NULL,NULL,NULL,1,NULL,NULL,NULL,NULL,NULL,NULL),
	(1298,143,'p','Slaid mikroskop (Microscope slide)',NULL,NULL,NULL,1,NULL,NULL,NULL,NULL,NULL,NULL),
	(1299,143,'q','Model',NULL,NULL,NULL,1,NULL,NULL,NULL,NULL,NULL,NULL),
	(1300,143,'r','Realia',NULL,NULL,NULL,1,NULL,NULL,NULL,NULL,NULL,NULL),
	(1301,143,'s','Slaid (slide)',NULL,NULL,NULL,1,NULL,NULL,NULL,NULL,NULL,NULL),
	(1302,143,'t','Transparansi',NULL,NULL,NULL,1,NULL,NULL,NULL,NULL,NULL,NULL),
	(1303,143,'v','Rekaman video',NULL,NULL,NULL,1,NULL,NULL,NULL,NULL,NULL,NULL),
	(1304,143,'w','Mainan',NULL,NULL,NULL,1,NULL,NULL,NULL,NULL,NULL,NULL),
	(1305,143,'z','Lainnya',NULL,NULL,NULL,1,NULL,NULL,NULL,NULL,NULL,NULL),
	(1306,143,'|','Tidak ada kode yang sesuai',NULL,NULL,NULL,1,NULL,NULL,NULL,NULL,NULL,NULL),
	(1307,144,'a','Animasi',NULL,NULL,NULL,1,NULL,NULL,NULL,NULL,NULL,NULL),
	(1308,144,'c','Animasi dan aksi hidup (live action)',NULL,NULL,NULL,1,NULL,NULL,NULL,NULL,NULL,NULL),
	(1309,144,'l','Aksi hidup (live action)',NULL,NULL,NULL,1,NULL,NULL,NULL,NULL,NULL,NULL),
	(1310,144,'n','Tidak dapat diterapkan',NULL,NULL,NULL,1,NULL,NULL,NULL,NULL,NULL,NULL),
	(1311,144,'u','Tidak diketahui',NULL,NULL,NULL,1,NULL,NULL,NULL,NULL,NULL,NULL),
	(1312,144,'z','Teknik lain',NULL,NULL,NULL,1,NULL,NULL,NULL,NULL,NULL,NULL),
	(1313,144,'|','Tidak ada kode yang sesuai',NULL,NULL,NULL,1,NULL,NULL,NULL,NULL,NULL,NULL),
	(1314,145,'---','Lama waktu tayang tidak diketahui',NULL,NULL,NULL,1,NULL,NULL,NULL,NULL,NULL,NULL),
	(1315,145,'001-999','Lama waktu tayang',NULL,NULL,NULL,1,NULL,NULL,NULL,NULL,NULL,NULL),
	(1316,145,'nnn','Tidak dapat diterapkan',NULL,NULL,NULL,1,NULL,NULL,NULL,NULL,NULL,NULL),
	(1317,145,'|||','Tidak ada kode yang sesuai',NULL,NULL,NULL,1,NULL,NULL,NULL,NULL,NULL,NULL),
	(1318,145,'000','Lama waktu tayang lebih dari tiga karakter',NULL,NULL,NULL,1,NULL,NULL,NULL,NULL,NULL,NULL),
	(1319,146,'a','Karya seni asli',NULL,NULL,NULL,1,NULL,NULL,NULL,NULL,NULL,NULL),
	(1320,146,'b','Kit',NULL,NULL,NULL,1,NULL,NULL,NULL,NULL,NULL,NULL),
	(1321,146,'c','Karya seni hasil reproduksi',NULL,NULL,NULL,1,NULL,NULL,NULL,NULL,NULL,NULL),
	(1322,146,'d','Diorama',NULL,NULL,NULL,1,NULL,NULL,NULL,NULL,NULL,NULL),
	(1323,146,'f','Filmstrip',NULL,NULL,NULL,1,NULL,NULL,NULL,NULL,NULL,NULL),
	(1324,146,'g','Permainan',NULL,NULL,NULL,1,NULL,NULL,NULL,NULL,NULL,NULL),
	(1325,146,'i','Gambar / lukisan',NULL,NULL,NULL,1,NULL,NULL,NULL,NULL,NULL,NULL),
	(1326,146,'k','Gambar grafis',NULL,NULL,NULL,1,NULL,NULL,NULL,NULL,NULL,NULL),
	(1327,146,'l','Gambar teknik',NULL,NULL,NULL,1,NULL,NULL,NULL,NULL,NULL,NULL),
	(1328,146,'m','Citra bergerak',NULL,NULL,NULL,1,NULL,NULL,NULL,NULL,NULL,NULL),
	(1329,146,'n','Diagram',NULL,NULL,NULL,1,NULL,NULL,NULL,NULL,NULL,NULL),
	(1330,146,'o','Kartu kilas (flash card)',NULL,NULL,NULL,1,NULL,NULL,NULL,NULL,NULL,NULL),
	(1331,146,'p','Slaid mikroskop (Microscope slide)',NULL,NULL,NULL,1,NULL,NULL,NULL,NULL,NULL,NULL),
	(1332,146,'q','Model',NULL,NULL,NULL,1,NULL,NULL,NULL,NULL,NULL,NULL),
	(1333,146,'r','Realia',NULL,NULL,NULL,1,NULL,NULL,NULL,NULL,NULL,NULL),
	(1334,146,'s','Slaid (slide)',NULL,NULL,NULL,1,NULL,NULL,NULL,NULL,NULL,NULL),
	(1335,146,'t','Transparansi',NULL,NULL,NULL,1,NULL,NULL,NULL,NULL,NULL,NULL),
	(1336,146,'v','Rekaman video',NULL,NULL,NULL,1,NULL,NULL,NULL,NULL,NULL,NULL),
	(1337,146,'w','Mainan',NULL,NULL,NULL,1,NULL,NULL,NULL,NULL,NULL,NULL),
	(1338,146,'z','Lainnya',NULL,NULL,NULL,1,NULL,NULL,NULL,NULL,NULL,NULL),
	(1339,146,'|','Tidak ada kode yang sesuai',NULL,NULL,NULL,1,NULL,NULL,NULL,NULL,NULL,NULL),
	(1340,147,'a','Animasi',NULL,NULL,NULL,1,NULL,NULL,NULL,NULL,NULL,NULL),
	(1341,147,'c','Animasi dan aksi hidup (live action)',NULL,NULL,NULL,1,NULL,NULL,NULL,NULL,NULL,NULL),
	(1342,147,'l','Aksi hidup (live action)',NULL,NULL,NULL,1,NULL,NULL,NULL,NULL,NULL,NULL),
	(1343,147,'n','Tidak dapat diterapkan',NULL,NULL,NULL,1,NULL,NULL,NULL,NULL,NULL,NULL),
	(1344,147,'u','Tidak diketahui',NULL,NULL,NULL,1,NULL,NULL,NULL,NULL,NULL,NULL),
	(1345,147,'z','Teknik lain',NULL,NULL,NULL,1,NULL,NULL,NULL,NULL,NULL,NULL),
	(1346,147,'|','Tidak ada kode yang sesuai',NULL,NULL,NULL,1,NULL,NULL,NULL,NULL,NULL,NULL),
	(1347,148,'jki','Jakarta',NULL,NULL,NULL,1,NULL,NULL,NULL,NULL,NULL,NULL),
	(1348,148,'bai','Bali',NULL,NULL,NULL,1,NULL,NULL,NULL,NULL,NULL,NULL),
	(1349,148,'jbi','Jawa Barat',NULL,NULL,NULL,1,NULL,NULL,NULL,NULL,NULL,NULL),
	(1350,148,'jii','Jawa Timur',NULL,NULL,NULL,1,NULL,NULL,NULL,NULL,NULL,NULL),
	(1351,148,'jti','Jawa Tengah',NULL,NULL,NULL,1,NULL,NULL,NULL,NULL,NULL,NULL),
	(1352,7,'aci','Nangroe Aceh Darussalam',NULL,NULL,NULL,1,NULL,NULL,NULL,NULL,NULL,NULL),
	(1353,7,'bai','Bali',NULL,NULL,NULL,1,NULL,NULL,NULL,NULL,NULL,NULL),
	(1354,7,'bbi','Bangka Belitung',NULL,NULL,NULL,1,NULL,NULL,NULL,NULL,NULL,NULL),
	(1355,7,'bei','Bengkulu',NULL,NULL,NULL,1,NULL,NULL,NULL,NULL,NULL,NULL),
	(1356,7,'bni','Banten',NULL,NULL,NULL,1,NULL,NULL,NULL,NULL,NULL,NULL),
	(1357,7,'goi','Gorontalo',NULL,NULL,NULL,1,NULL,NULL,NULL,NULL,NULL,NULL),
	(1358,7,'ibi','Papua Barat',NULL,NULL,NULL,1,NULL,NULL,NULL,NULL,NULL,NULL),
	(1359,7,'iji','Papua',NULL,NULL,NULL,1,NULL,NULL,NULL,NULL,NULL,NULL),
	(1360,7,'jai','Jambi',NULL,NULL,NULL,1,NULL,NULL,NULL,NULL,NULL,NULL),
	(1361,7,'jbi','Jawa Barat',NULL,NULL,NULL,1,NULL,NULL,NULL,NULL,NULL,NULL),
	(1362,7,'jii','Jawa Timur',NULL,NULL,NULL,1,NULL,NULL,NULL,NULL,NULL,NULL),
	(1363,7,'jki','Jakarta',NULL,NULL,NULL,1,NULL,NULL,NULL,NULL,NULL,NULL),
	(1364,7,'jti','Jawa Tengah',NULL,NULL,NULL,1,NULL,NULL,NULL,NULL,NULL,NULL),
	(1365,7,'kbi','Kalimantan Barat',NULL,NULL,NULL,1,NULL,NULL,NULL,NULL,NULL,NULL),
	(1366,7,'kii','Kalimantan Timur',NULL,NULL,NULL,1,NULL,NULL,NULL,NULL,NULL,NULL),
	(1367,7,'kri','Kepulauan Riau',NULL,NULL,NULL,1,NULL,NULL,NULL,NULL,NULL,NULL),
	(1368,7,'ksi','Kalimantan Selatan',NULL,NULL,NULL,1,NULL,NULL,NULL,NULL,NULL,NULL),
	(1369,7,'kti','Kalimantan Tengah',NULL,NULL,NULL,1,NULL,NULL,NULL,NULL,NULL,NULL),
	(1370,7,'lai','Lampung',NULL,NULL,NULL,1,NULL,NULL,NULL,NULL,NULL,NULL),
	(1371,7,'mai','Maluku',NULL,NULL,NULL,1,NULL,NULL,NULL,NULL,NULL,NULL),
	(1372,7,'mui','Maluku Utara',NULL,NULL,NULL,1,NULL,NULL,NULL,NULL,NULL,NULL),
	(1373,7,'nbi','Nusa Tenggara Barat',NULL,NULL,NULL,1,NULL,NULL,NULL,NULL,NULL,NULL),
	(1374,7,'nti','Nusa Tenggara Timur',NULL,NULL,NULL,1,NULL,NULL,NULL,NULL,NULL,NULL),
	(1375,7,'pai','Papua',NULL,NULL,NULL,1,NULL,NULL,NULL,NULL,NULL,NULL),
	(1376,7,'rii','Riau',NULL,NULL,NULL,1,NULL,NULL,NULL,NULL,NULL,NULL),
	(1377,7,'sai','Sulawesi Utara',NULL,NULL,NULL,1,NULL,NULL,NULL,NULL,NULL,NULL),
	(1378,7,'sbi','Sumatra Barat',NULL,NULL,NULL,1,NULL,NULL,NULL,NULL,NULL,NULL),
	(1379,7,'sgi','Sulawesi Tenggara',NULL,NULL,NULL,1,NULL,NULL,NULL,NULL,NULL,NULL),
	(1380,7,'sti','Sulawesi Tengah',NULL,NULL,NULL,1,NULL,NULL,NULL,NULL,NULL,NULL),
	(1381,7,'sni','Sulawesi Selatan',NULL,NULL,NULL,1,NULL,NULL,NULL,NULL,NULL,NULL),
	(1382,7,'ssi','Sumatra Selatan',NULL,NULL,NULL,1,NULL,NULL,NULL,NULL,NULL,NULL),
	(1383,7,'sri','Sulawesi Barat',NULL,NULL,NULL,1,NULL,NULL,NULL,NULL,NULL,NULL),
	(1384,7,'sui','Sumatra Utara',NULL,NULL,NULL,1,NULL,NULL,NULL,NULL,NULL,NULL),
	(1385,7,'yoi','Yogyakarta',NULL,NULL,NULL,1,NULL,NULL,NULL,NULL,NULL,NULL),
	(1386,7,'jom','Johor',NULL,NULL,NULL,1,NULL,NULL,NULL,NULL,NULL,NULL),
	(1387,7,'kem','Kedah',NULL,NULL,NULL,1,NULL,NULL,NULL,NULL,NULL,NULL),
	(1388,7,'knm','Kelantan',NULL,NULL,NULL,1,NULL,NULL,NULL,NULL,NULL,NULL),
	(1389,7,'mem','Melaka',NULL,NULL,NULL,1,NULL,NULL,NULL,NULL,NULL,NULL),
	(1390,7,'my','Malaysia, provinsi tidak ditentukan',NULL,NULL,NULL,1,NULL,NULL,NULL,NULL,NULL,NULL),
	(1391,7,'nsm','Negeri Sembilan',NULL,NULL,NULL,1,NULL,NULL,NULL,NULL,NULL,NULL),
	(1392,7,'pam','Pahang',NULL,NULL,NULL,1,NULL,NULL,NULL,NULL,NULL,NULL),
	(1393,7,'pem','Perak',NULL,NULL,NULL,1,NULL,NULL,NULL,NULL,NULL,NULL),
	(1394,7,'plm','Perlis',NULL,NULL,NULL,1,NULL,NULL,NULL,NULL,NULL,NULL),
	(1395,7,'ppm','Pulau Pinang',NULL,NULL,NULL,1,NULL,NULL,NULL,NULL,NULL,NULL),
	(1396,7,'sam','Sabah',NULL,NULL,NULL,1,NULL,NULL,NULL,NULL,NULL,NULL),
	(1397,7,'sem','Selangor',NULL,NULL,NULL,1,NULL,NULL,NULL,NULL,NULL,NULL),
	(1398,7,'srm','Sarawak',NULL,NULL,NULL,1,NULL,NULL,NULL,NULL,NULL,NULL),
	(1399,7,'trm','Trengganu',NULL,NULL,NULL,1,NULL,NULL,NULL,NULL,NULL,NULL),
	(1400,7,'wpm','Wilayah Persekutuan (termasuk Kuala Lumpur)',NULL,NULL,NULL,1,NULL,NULL,NULL,NULL,NULL,NULL),
	(1401,7,'ttii','Timor Timur',NULL,NULL,NULL,1,NULL,NULL,NULL,NULL,NULL,NULL),
	(1402,67,'||||','Tidak ada kode yang sesuai',NULL,NULL,NULL,1,NULL,NULL,NULL,NULL,NULL,NULL),
	(1403,70,'||','Tidak ada kode yang sesuai',NULL,NULL,NULL,1,NULL,NULL,NULL,NULL,NULL,NULL),
	(1404,54,'|||','Tidak ada kode yang sesuai',NULL,NULL,NULL,1,NULL,NULL,NULL,NULL,NULL,NULL),
	(1405,149,'#','Tidak diketahui / tidak ditentukan',NULL,NULL,NULL,1,NULL,NULL,NULL,NULL,NULL,NULL),
	(1406,149,'a','Anak prasekolah / taman kanak-kanak',NULL,NULL,NULL,1,NULL,NULL,NULL,NULL,NULL,NULL),
	(1407,149,'b','Anak sekolah dasar',NULL,NULL,NULL,1,NULL,NULL,NULL,NULL,NULL,NULL),
	(1408,149,'c','Anak menjelang remaja',NULL,NULL,NULL,1,NULL,NULL,NULL,NULL,NULL,NULL),
	(1409,149,'d','Remaja',NULL,NULL,NULL,1,NULL,NULL,NULL,NULL,NULL,NULL),
	(1410,149,'e','Dewasa',NULL,NULL,NULL,1,NULL,NULL,NULL,NULL,NULL,NULL),
	(1411,149,'f','Kelompok khusus',NULL,NULL,NULL,1,NULL,NULL,NULL,NULL,NULL,NULL),
	(1412,149,'g','Umum',NULL,NULL,NULL,1,NULL,NULL,NULL,NULL,NULL,NULL),
	(1413,149,'j','Anak dan remaja',NULL,NULL,NULL,1,NULL,NULL,NULL,NULL,NULL,NULL),
	(1414,149,'|','Tidak ada kode yang sesuai',NULL,NULL,NULL,1,NULL,NULL,NULL,NULL,NULL,NULL),
	(1415,150,'700','Pengarang',NULL,NULL,NULL,1,NULL,NULL,NULL,NULL,NULL,NULL),
	(1416,150,'700','Penyunting',NULL,NULL,NULL,1,NULL,NULL,NULL,NULL,NULL,NULL),
	(1417,150,'700','Penerjemah',NULL,NULL,NULL,1,NULL,NULL,NULL,NULL,NULL,NULL),
	(1418,150,'700','Ilustrator',NULL,NULL,NULL,1,NULL,NULL,NULL,NULL,NULL,NULL),
	(1419,150,'700','Komposer',NULL,NULL,NULL,1,NULL,NULL,NULL,NULL,NULL,NULL),
	(1420,150,'710','Badan Penanggungjawab',NULL,NULL,NULL,1,NULL,NULL,NULL,NULL,NULL,NULL);

/*!40000 ALTER TABLE `t_references_items` ENABLE KEYS */;
UNLOCK TABLES;


# Dump of table t_sampulbuku
# ------------------------------------------------------------

DROP TABLE IF EXISTS `t_sampulbuku`;

CREATE TABLE `t_sampulbuku` (
  `id` mediumint(11) unsigned NOT NULL AUTO_INCREMENT,
  `name` varchar(150) DEFAULT NULL,
  `slug` varchar(150) DEFAULT NULL,
  `sort` mediumint(8) DEFAULT NULL,
  `description` varchar(255) DEFAULT NULL,
  `active` tinyint(1) unsigned NOT NULL DEFAULT '1',
  `created_by` int(11) DEFAULT NULL,
  `updated_by` int(11) DEFAULT NULL,
  `created_at` datetime DEFAULT NULL,
  `updated_at` datetime DEFAULT NULL,
  `deleted_at` datetime DEFAULT NULL,
  PRIMARY KEY (`id`)
) ENGINE=InnoDB DEFAULT CHARSET=utf8;



# Dump of table t_sirkulasi
# ------------------------------------------------------------

DROP TABLE IF EXISTS `t_sirkulasi`;

CREATE TABLE `t_sirkulasi` (
  `id` mediumint(11) unsigned NOT NULL AUTO_INCREMENT,
  `name` varchar(150) DEFAULT NULL,
  `slug` varchar(150) DEFAULT NULL,
  `sort` mediumint(8) DEFAULT NULL,
  `description` varchar(255) DEFAULT NULL,
  `active` tinyint(1) unsigned NOT NULL DEFAULT '1',
  `created_by` int(11) DEFAULT NULL,
  `updated_by` int(11) DEFAULT NULL,
  `created_at` datetime DEFAULT NULL,
  `updated_at` datetime DEFAULT NULL,
  `deleted_at` datetime DEFAULT NULL,
  PRIMARY KEY (`id`)
) ENGINE=InnoDB DEFAULT CHARSET=utf8;



# Dump of table t_sumbangan
# ------------------------------------------------------------

DROP TABLE IF EXISTS `t_sumbangan`;

CREATE TABLE `t_sumbangan` (
  `id` mediumint(11) unsigned NOT NULL AUTO_INCREMENT,
  `name` varchar(150) DEFAULT NULL,
  `slug` varchar(150) DEFAULT NULL,
  `t_member_id` int(11) DEFAULT NULL,
  `sort` mediumint(8) DEFAULT NULL,
  `jumlah` varchar(255) DEFAULT NULL,
  `description` varchar(255) DEFAULT NULL,
  `active` tinyint(1) unsigned NOT NULL DEFAULT '1',
  `created_by` int(11) DEFAULT NULL,
  `updated_by` int(11) DEFAULT NULL,
  `created_at` datetime DEFAULT NULL,
  `updated_at` datetime DEFAULT NULL,
  `deleted_at` datetime DEFAULT NULL,
  PRIMARY KEY (`id`)
) ENGINE=InnoDB DEFAULT CHARSET=utf8;

LOCK TABLES `t_sumbangan` WRITE;
/*!40000 ALTER TABLE `t_sumbangan` DISABLE KEYS */;

INSERT INTO `t_sumbangan` (`id`, `name`, `slug`, `t_member_id`, `sort`, `jumlah`, `description`, `active`, `created_by`, `updated_by`, `created_at`, `updated_at`, `deleted_at`)
VALUES
	(1,NULL,NULL,2,0,'10000','',1,1,NULL,'2021-09-11 10:28:48','2021-09-11 10:28:48',NULL),
	(2,NULL,NULL,2,0,'20000','',1,1,NULL,'2021-09-11 10:29:01','2021-09-11 10:29:01',NULL),
	(3,NULL,NULL,3,0,'30000','',1,1,NULL,'2021-09-11 10:29:09','2021-09-11 10:29:09',NULL);

/*!40000 ALTER TABLE `t_sumbangan` ENABLE KEYS */;
UNLOCK TABLES;


# Dump of table t_worksheets
# ------------------------------------------------------------

DROP TABLE IF EXISTS `t_worksheets`;

CREATE TABLE `t_worksheets` (
  `id` int(11) NOT NULL AUTO_INCREMENT,
  `name` varchar(100) NOT NULL DEFAULT '',
  `Format_id` int(11) NOT NULL,
  `CreateTerminal` varchar(100) DEFAULT NULL,
  `UpdateTerminal` varchar(100) DEFAULT NULL,
  `NoUrut` int(11) DEFAULT '99',
  `DEPOSITFORMAT_CODE` varchar(5) DEFAULT NULL,
  `ISSERIAL` tinyint(1) DEFAULT '0',
  `ISMUSIK` bit(1) DEFAULT b'0',
  `ISKARTOGRAFI` bit(1) DEFAULT b'0',
  `CODE` varchar(10) NOT NULL,
  `Keterangan` varchar(255) DEFAULT NULL,
  `MaxPinjamKoleksi` int(11) DEFAULT '0',
  `MaxLoanDays` int(11) DEFAULT '0',
  `DendaType` varchar(45) DEFAULT 'Konstan',
  `DendaTenorJumlah` decimal(10,0) DEFAULT '0',
  `DendaTenorSatuan` varchar(45) DEFAULT 'Hari',
  `DendaPerTenor` decimal(10,0) DEFAULT '0',
  `DendaTenorMultiply` int(11) DEFAULT '1',
  `SuspendMember` bit(1) DEFAULT b'0',
  `WarningLoanDueDay` int(11) DEFAULT '0',
  `SuspendType` varchar(45) DEFAULT 'Konstan',
  `SuspendTenorJumlah` double DEFAULT '0',
  `SuspendTenorSatuan` varchar(45) DEFAULT 'Hari',
  `DaySuspend` int(11) DEFAULT '0',
  `SuspendTenorMultiply` int(11) DEFAULT '1',
  `DayPerpanjang` int(11) DEFAULT '0',
  `CountPerpanjang` int(11) DEFAULT '0',
  `slug` varchar(255) DEFAULT NULL,
  `sort` int(11) DEFAULT NULL,
  `description` varchar(255) DEFAULT NULL,
  `active` int(11) NOT NULL DEFAULT '1',
  `created_by` int(11) DEFAULT NULL,
  `updated_by` int(11) DEFAULT NULL,
  `deleted_by` int(11) DEFAULT NULL,
  `created_at` datetime DEFAULT NULL,
  `updated_at` datetime DEFAULT NULL,
  `deleted_at` datetime DEFAULT NULL,
  PRIMARY KEY (`id`),
  UNIQUE KEY `Name` (`name`),
  KEY `Format_id` (`Format_id`)
) ENGINE=InnoDB DEFAULT CHARSET=latin1;

LOCK TABLES `t_worksheets` WRITE;
/*!40000 ALTER TABLE `t_worksheets` DISABLE KEYS */;

INSERT INTO `t_worksheets` (`id`, `name`, `Format_id`, `CreateTerminal`, `UpdateTerminal`, `NoUrut`, `DEPOSITFORMAT_CODE`, `ISSERIAL`, `ISMUSIK`, `ISKARTOGRAFI`, `CODE`, `Keterangan`, `MaxPinjamKoleksi`, `MaxLoanDays`, `DendaType`, `DendaTenorJumlah`, `DendaTenorSatuan`, `DendaPerTenor`, `DendaTenorMultiply`, `SuspendMember`, `WarningLoanDueDay`, `SuspendType`, `SuspendTenorJumlah`, `SuspendTenorSatuan`, `DaySuspend`, `SuspendTenorMultiply`, `DayPerpanjang`, `CountPerpanjang`, `slug`, `sort`, `description`, `active`, `created_by`, `updated_by`, `deleted_by`, `created_at`, `updated_at`, `deleted_at`)
VALUES
	(1,'Monograf ',1,'DeniPC','::1',1,'CB',1,b'0',b'0','001','Buku, Laporan, dll',0,0,'Konstan',0,'Hari',0,0,NULL,0,'Konstan',0,'Hari',0,1,0,0,NULL,NULL,NULL,1,NULL,NULL,NULL,NULL,NULL,NULL),
	(2,'Sumber Elektronik',1,'DeniPC','192.168.0.1',10,NULL,0,b'0',b'0','002','CD-ROM, Floppy Disk, VCD, dll',0,0,'Konstan',0,'0',0,0,NULL,0,'Konstan',0,'Hari',0,1,0,0,NULL,NULL,NULL,1,NULL,NULL,NULL,NULL,NULL,NULL),
	(3,'Film',1,'DeniPC','192.168.0.1',11,NULL,0,b'0',b'0','003','Film, dll',0,0,'Konstan',0,'Hari',0,0,NULL,0,'Konstan',0,'Hari',0,1,0,0,NULL,NULL,NULL,1,NULL,NULL,NULL,NULL,NULL,NULL),
	(4,'Terbitan Berkala',1,'DeniPC','::1',2,NULL,1,b'0',b'0','004','Jurnal, Buletin, Majalah, Surat Kabar, dll',0,0,'Konstan',0,'0',0,0,NULL,0,'Konstan',0,'Hari',0,1,0,0,NULL,NULL,NULL,1,NULL,NULL,NULL,NULL,NULL,NULL),
	(5,'Bahan Kartografis',1,'DeniPC','192.168.0.1',9,NULL,0,b'0',b'0','005','Peta, dll',0,0,'Konstan',0,'0',0,0,NULL,0,'Konstan',0,'Hari',0,1,0,0,NULL,NULL,NULL,1,NULL,NULL,NULL,NULL,NULL,NULL),
	(6,'Bahan Grafis',1,'DeniPC','::1',6,NULL,0,b'0',b'0','006','Foto, Lukisan, dll',0,0,'Konstan',0,'0',0,0,NULL,0,'Konstan',0,'Hari',0,1,0,0,NULL,NULL,NULL,1,NULL,NULL,NULL,NULL,NULL,NULL),
	(7,'Rekaman Video',1,'DeniPC','::1',7,NULL,0,b'0',b'0','007',NULL,0,0,'Konstan',0,'0',0,0,NULL,0,'Konstan',0,'Hari',0,1,0,0,NULL,NULL,NULL,1,NULL,NULL,NULL,NULL,NULL,NULL),
	(8,'Musik',1,'DeniPC','::1',8,NULL,0,b'1',b'0','008',NULL,0,0,'Konstan',0,'0',0,0,NULL,0,'Konstan',0,'Hari',0,1,0,0,NULL,NULL,NULL,1,NULL,NULL,NULL,NULL,NULL,NULL),
	(9,'Bahan Campuran',1,'DeniPC','::1',9,NULL,0,b'0',b'0','009',NULL,0,0,'Konstan',0,'0',0,0,NULL,0,'Konstan',0,'Hari',0,1,0,0,NULL,NULL,NULL,1,NULL,NULL,NULL,NULL,NULL,NULL),
	(10,'Rekaman Suara',1,'DeniPC','::1',10,NULL,0,b'0',b'0','010',NULL,0,0,'Konstan',0,'0',0,0,NULL,0,'Konstan',0,'Hari',0,1,0,0,NULL,NULL,NULL,1,NULL,NULL,NULL,NULL,NULL,NULL),
	(11,'Bentuk Mikro',1,'DeniPC','::1',11,NULL,0,b'0',b'0','011',NULL,0,0,'Konstan',0,'0',0,0,NULL,0,'Konstan',0,'Hari',0,1,0,0,NULL,NULL,NULL,1,NULL,NULL,NULL,NULL,NULL,NULL),
	(12,'Manuskrip',1,'114.79.54.148','::1',12,NULL,0,b'0',b'0','012',NULL,0,0,'Konstan',0,'0',0,0,NULL,0,'Konstan',0,'Hari',0,1,0,0,NULL,NULL,NULL,1,NULL,NULL,NULL,NULL,NULL,NULL),
	(15,'Bahan Ephemeral ',1,'::1','::1',15,NULL,0,b'0',b'0','015',' Leaflet, Poster, Brosur, dll',0,0,'Konstan',0,'0',0,0,NULL,0,'Konstan',0,'Hari',0,1,0,0,NULL,NULL,NULL,1,NULL,NULL,NULL,NULL,NULL,NULL),
	(68,'Skripsi',1,'192.168.0.1','192.168.0.1',3,NULL,0,b'0',b'0','skripsi','Karya Akademik Mahasiswa S1',0,0,'Konstan',0,'Hari',0,1,b'0',0,'Konstan',0,'Hari',0,1,0,0,NULL,NULL,NULL,1,NULL,NULL,NULL,NULL,NULL,NULL),
	(69,'Tesis',1,'192.168.0.1','192.168.0.1',5,NULL,0,b'0',b'0','Tesis','Karya Akademik Mahasiswa S2',0,0,'Konstan',0,'Hari',0,1,b'0',0,'Konstan',0,'Hari',0,1,0,0,NULL,NULL,NULL,1,NULL,NULL,NULL,NULL,NULL,NULL);

/*!40000 ALTER TABLE `t_worksheets` ENABLE KEYS */;
UNLOCK TABLES;


# Dump of table users
# ------------------------------------------------------------

DROP TABLE IF EXISTS `users`;

CREATE TABLE `users` (
  `id` int(11) unsigned NOT NULL AUTO_INCREMENT,
  `email` varchar(255) NOT NULL,
  `username` varchar(30) DEFAULT NULL,
  `password_hash` varchar(255) NOT NULL,
  `reset_hash` varchar(255) DEFAULT NULL,
  `reset_at` datetime DEFAULT NULL,
  `reset_expires` datetime DEFAULT NULL,
  `activate_hash` varchar(255) DEFAULT NULL,
  `status` varchar(255) DEFAULT NULL,
  `status_message` varchar(255) DEFAULT NULL,
  `active` tinyint(1) NOT NULL DEFAULT '0',
  `force_pass_reset` tinyint(1) NOT NULL DEFAULT '0',
  `created_at` datetime DEFAULT NULL,
  `updated_at` datetime DEFAULT NULL,
  `deleted_at` datetime DEFAULT NULL,
  `first_name` varchar(50) DEFAULT NULL,
  `last_name` varchar(50) DEFAULT NULL,
  `phone` varchar(15) DEFAULT NULL,
  `section` varchar(50) DEFAULT NULL,
  `department` varchar(50) DEFAULT NULL,
  `division` varchar(50) DEFAULT NULL,
  `unit` varchar(50) DEFAULT NULL,
  `company` varchar(50) DEFAULT NULL,
  `address` varchar(255) DEFAULT NULL,
  `coordinate` varchar(255) DEFAULT NULL,
  PRIMARY KEY (`id`),
  UNIQUE KEY `email` (`email`),
  UNIQUE KEY `username` (`username`)
) ENGINE=InnoDB DEFAULT CHARSET=utf8;

LOCK TABLES `users` WRITE;
/*!40000 ALTER TABLE `users` DISABLE KEYS */;

INSERT INTO `users` (`id`, `email`, `username`, `password_hash`, `reset_hash`, `reset_at`, `reset_expires`, `activate_hash`, `status`, `status_message`, `active`, `force_pass_reset`, `created_at`, `updated_at`, `deleted_at`, `first_name`, `last_name`, `phone`, `section`, `department`, `division`, `unit`, `company`, `address`, `coordinate`)
VALUES
	(1,'admin@admin.com','admin','$2y$10$bb4pfVQ23Fa5TWUERp5V.uiO9tP782qYD/bluLujUwtBeo2G5PQ0S',NULL,NULL,NULL,NULL,NULL,NULL,1,0,NULL,NULL,NULL,'Admin',NULL,NULL,NULL,NULL,NULL,NULL,NULL,NULL,NULL),
	(2,'user@domain.com','user','$2y$10$4muJJBybe1xk6OEEZACzdeISdmmVJkjudWfuZS8AK7G0ToACt9/EW',NULL,NULL,NULL,NULL,NULL,NULL,1,0,'2021-07-06 10:08:08','2021-07-06 10:08:08',NULL,NULL,NULL,NULL,NULL,NULL,NULL,NULL,NULL,NULL,NULL),
	(3,'user_keanggotaan@domain.com','anggota1','$2y$10$KslAZWtrpxBPMmuXPKWeuum0ytyQRrwyvmn6L7yg5BATtfeACrceG',NULL,NULL,NULL,NULL,NULL,NULL,1,0,'2021-07-06 10:09:03','2021-07-06 10:09:17',NULL,'','','',NULL,NULL,NULL,'','','',NULL);

/*!40000 ALTER TABLE `users` ENABLE KEYS */;
UNLOCK TABLES;


# Dump of table v_anggota
# ------------------------------------------------------------

DROP VIEW IF EXISTS `v_anggota`;

CREATE TABLE `v_anggota` (
   `id` MEDIUMINT(11) UNSIGNED NOT NULL DEFAULT '0',
   `name` VARCHAR(150) NULL DEFAULT NULL,
   `slug` VARCHAR(150) NULL DEFAULT NULL,
   `MemberNo` VARCHAR(50) NULL DEFAULT NULL,
   `IdentityNo` VARCHAR(50) NULL DEFAULT NULL,
   `PlaceOfBirth` VARCHAR(50) NULL DEFAULT NULL,
   `DateOfBirth` DATE NULL DEFAULT NULL,
   `Address` VARCHAR(255) NULL DEFAULT NULL,
   `AddressNow` VARCHAR(255) NULL DEFAULT NULL,
   `Phone` VARCHAR(255) NULL DEFAULT NULL,
   `InstitutionName` VARCHAR(255) NULL DEFAULT NULL,
   `InstitutionAddress` VARCHAR(255) NULL DEFAULT NULL,
   `InstitutionPhone` VARCHAR(255) NULL DEFAULT NULL,
   `MotherName` VARCHAR(100) NULL DEFAULT NULL,
   `Email` VARCHAR(100) NULL DEFAULT NULL,
   `LoanReturnLateCount` INT(11) NULL DEFAULT NULL,
   `file_image` VARCHAR(255) NULL DEFAULT NULL,
   `NoHp` VARCHAR(50) NULL DEFAULT NULL,
   `Provincy` VARCHAR(50) NULL DEFAULT NULL,
   `City` VARCHAR(50) NULL DEFAULT NULL,
   `ProvincyNow` VARCHAR(50) NULL DEFAULT NULL,
   `CityNow` VARCHAR(50) NULL DEFAULT NULL,
   `Kecamatan` VARCHAR(50) NULL DEFAULT NULL,
   `KecamatanNow` VARCHAR(50) NULL DEFAULT NULL,
   `Kelurahan` VARCHAR(50) NULL DEFAULT NULL,
   `KelurahanNow` VARCHAR(50) NULL DEFAULT NULL,
   `RT` VARCHAR(50) NULL DEFAULT NULL,
   `RTNow` VARCHAR(50) NULL DEFAULT NULL,
   `RW` VARCHAR(50) NULL DEFAULT NULL,
   `RWNow` VARCHAR(50) NULL DEFAULT NULL,
   `TahunAjaran` VARCHAR(50) NULL DEFAULT NULL,
   `KeteranganLain` VARCHAR(50) NULL DEFAULT NULL,
   `IsLunasBiayaPendaftaran` BIT(1) NULL DEFAULT NULL,
   `BiayaPendaftaran` DECIMAL(10) NULL DEFAULT NULL,
   `TanggalBebasPustaka` DATETIME NULL DEFAULT NULL,
   `sort` MEDIUMINT(8) NULL DEFAULT NULL,
   `description` VARCHAR(255) NULL DEFAULT NULL,
   `active` TINYINT(1) UNSIGNED NOT NULL DEFAULT '1',
   `category_id` INT(11) NULL DEFAULT NULL,
   `ref_identitas` INT(11) NULL DEFAULT NULL,
   `ref_jeniskelamin` INT(11) NULL DEFAULT NULL,
   `ref_pendidikan` INT(11) NULL DEFAULT NULL,
   `ref_pekerjaan` INT(11) NULL DEFAULT NULL,
   `ref_jenisanggota` INT(11) NULL DEFAULT NULL,
   `ref_perkawinan` INT(11) NULL DEFAULT NULL,
   `ref_agama` INT(11) NULL DEFAULT NULL,
   `ref_unitkerja` INT(11) NULL DEFAULT NULL,
   `ref_fakultas` INT(11) NULL DEFAULT NULL,
   `ref_jurusan` INT(11) NULL DEFAULT NULL,
   `ref_Statusanggota` INT(11) NULL DEFAULT NULL,
   `created_by` INT(11) NULL DEFAULT NULL,
   `updated_by` INT(11) NULL DEFAULT NULL,
   `created_at` DATETIME NULL DEFAULT NULL,
   `updated_at` DATETIME NULL DEFAULT NULL,
   `deleted_at` DATETIME NULL DEFAULT NULL,
   `RegisterDate` DATETIME NULL DEFAULT NULL,
   `EndDate` DATETIME NULL DEFAULT NULL,
   `created_name` VARCHAR(30) NULL DEFAULT NULL,
   `updated_name` VARCHAR(30) NULL DEFAULT NULL
) ENGINE=MyISAM;





# Replace placeholder table for v_anggota with correct view syntax
# ------------------------------------------------------------

DROP TABLE `v_anggota`;

CREATE ALGORITHM=UNDEFINED DEFINER=`root`@`localhost` SQL SECURITY DEFINER VIEW `v_anggota`
AS SELECT
   `t_anggota`.`id` AS `id`,
   `t_anggota`.`name` AS `name`,
   `t_anggota`.`slug` AS `slug`,
   `t_anggota`.`MemberNo` AS `MemberNo`,
   `t_anggota`.`IdentityNo` AS `IdentityNo`,
   `t_anggota`.`PlaceOfBirth` AS `PlaceOfBirth`,
   `t_anggota`.`DateOfBirth` AS `DateOfBirth`,
   `t_anggota`.`Address` AS `Address`,
   `t_anggota`.`AddressNow` AS `AddressNow`,
   `t_anggota`.`Phone` AS `Phone`,
   `t_anggota`.`InstitutionName` AS `InstitutionName`,
   `t_anggota`.`InstitutionAddress` AS `InstitutionAddress`,
   `t_anggota`.`InstitutionPhone` AS `InstitutionPhone`,
   `t_anggota`.`MotherName` AS `MotherName`,
   `t_anggota`.`Email` AS `Email`,
   `t_anggota`.`LoanReturnLateCount` AS `LoanReturnLateCount`,
   `t_anggota`.`file_image` AS `file_image`,
   `t_anggota`.`NoHp` AS `NoHp`,
   `t_anggota`.`Provincy` AS `Provincy`,
   `t_anggota`.`City` AS `City`,
   `t_anggota`.`ProvincyNow` AS `ProvincyNow`,
   `t_anggota`.`CityNow` AS `CityNow`,
   `t_anggota`.`Kecamatan` AS `Kecamatan`,
   `t_anggota`.`KecamatanNow` AS `KecamatanNow`,
   `t_anggota`.`Kelurahan` AS `Kelurahan`,
   `t_anggota`.`KelurahanNow` AS `KelurahanNow`,
   `t_anggota`.`RT` AS `RT`,
   `t_anggota`.`RTNow` AS `RTNow`,
   `t_anggota`.`RW` AS `RW`,
   `t_anggota`.`RWNow` AS `RWNow`,
   `t_anggota`.`TahunAjaran` AS `TahunAjaran`,
   `t_anggota`.`KeteranganLain` AS `KeteranganLain`,
   `t_anggota`.`IsLunasBiayaPendaftaran` AS `IsLunasBiayaPendaftaran`,
   `t_anggota`.`BiayaPendaftaran` AS `BiayaPendaftaran`,
   `t_anggota`.`TanggalBebasPustaka` AS `TanggalBebasPustaka`,
   `t_anggota`.`sort` AS `sort`,
   `t_anggota`.`description` AS `description`,
   `t_anggota`.`active` AS `active`,
   `t_anggota`.`category_id` AS `category_id`,
   `t_anggota`.`ref_identitas` AS `ref_identitas`,
   `t_anggota`.`ref_jeniskelamin` AS `ref_jeniskelamin`,
   `t_anggota`.`ref_pendidikan` AS `ref_pendidikan`,
   `t_anggota`.`ref_pekerjaan` AS `ref_pekerjaan`,
   `t_anggota`.`ref_jenisanggota` AS `ref_jenisanggota`,
   `t_anggota`.`ref_perkawinan` AS `ref_perkawinan`,
   `t_anggota`.`ref_agama` AS `ref_agama`,
   `t_anggota`.`ref_unitkerja` AS `ref_unitkerja`,
   `t_anggota`.`ref_fakultas` AS `ref_fakultas`,
   `t_anggota`.`ref_jurusan` AS `ref_jurusan`,
   `t_anggota`.`ref_Statusanggota` AS `ref_Statusanggota`,
   `t_anggota`.`created_by` AS `created_by`,
   `t_anggota`.`updated_by` AS `updated_by`,
   `t_anggota`.`created_at` AS `created_at`,
   `t_anggota`.`updated_at` AS `updated_at`,
   `t_anggota`.`deleted_at` AS `deleted_at`,
   `t_anggota`.`RegisterDate` AS `RegisterDate`,
   `t_anggota`.`EndDate` AS `EndDate`,
   `created`.`username` AS `created_name`,
   `updated`.`username` AS `updated_name`
FROM ((`t_anggota` join `users` `created` on((`created`.`id` = `t_anggota`.`created_by`))) left join `users` `updated` on((`updated`.`id` = `t_anggota`.`updated_by`)));

/*!40111 SET SQL_NOTES=@OLD_SQL_NOTES */;
/*!40101 SET SQL_MODE=@OLD_SQL_MODE */;
/*!40014 SET FOREIGN_KEY_CHECKS=@OLD_FOREIGN_KEY_CHECKS */;
/*!40101 SET CHARACTER_SET_CLIENT=@OLD_CHARACTER_SET_CLIENT */;
/*!40101 SET CHARACTER_SET_RESULTS=@OLD_CHARACTER_SET_RESULTS */;
/*!40101 SET COLLATION_CONNECTION=@OLD_COLLATION_CONNECTION */;
